Day,Baseline_Population,Baseline_RelativePopulation,Baseline_Biomass,Baseline_RelativeBiomass,TCEM_diaz_survival_Population,TCEM_diaz_survival_RelativePopulation,TCEM_diaz_survival_Biomass,TCEM_diaz_survival_RelativeBiomass,GUTS_diaz_survival_Population,GUTS_diaz_survival_RelativePopulation,GUTS_diaz_survival_Biomass,GUTS_diaz_survival_RelativeBiomass,diaz_growth_Population,diaz_growth_RelativePopulation,diaz_growth_Biomass,diaz_growth_RelativeBiomass,GUTS+Growth_Population,GUTS+Growth_RelativePopulation,GUTS+Growth_Biomass,GUTS+Growth_RelativeBiomass,Overwinter_Population,Overwinter_RelativePopulation,Overwinter_Biomass,Overwinter_RelativeBiomass,Density Dependence_Population,Density Dependence_RelativePopulation,Density Dependence_Biomass,Density Dependence_RelativeBiomass
1,100,1,124.7880487,1,100,1,124.7880487,1,100,1,124.7880487,1,100,1,124.7880487,1,100,1,124.7880487,1,100,1,124.7880487,1,100,1,124.7880487,1
2,97.39473679,1,124.7880487,1,97.39473679,1,124.7880487,1,97.39473679,1,124.7880487,1,97.39473679,1,124.7880487,1,97.39473679,1,124.7880487,1,93.31620622,0.958123707,124.7880487,1,97.39473679,1,124.7880487,1
3,94.91728245,1,124.5530341,1,94.91728245,1,124.5530341,1,94.91728245,1,124.5530341,1,94.91727721,0.999999945,124.552934,0.999999196,94.91727721,0.999999945,124.552934,0.999999196,87.35766697,0.920355753,122.1313382,0.980556909,94.91158812,0.999940007,124.4476213,0.999153671
4,92.56103748,1,124.3136228,1,92.56103748,1,124.3136228,1,92.56103748,1,124.3136228,1,92.56102224,0.999999835,124.3134229,0.999998392,92.56102224,0.999999835,124.3134229,0.999998392,82.04078886,0.886342581,119.6647568,0.962603728,92.54437073,0.999819938,124.1036699,0.998311102
5,90.31969986,1,124.0697968,1,90.31969986,1,124.0697968,1,90.31969986,1,124.0697968,1,90.31967029,0.999999673,124.0694969,0.999997583,90.31967029,0.999999673,124.0694969,0.999997583,77.29174661,0.855757346,117.3690657,0.945992246,90.28721685,0.999640355,123.7564976,0.997474815
6,88.18725276,1,123.8215528,1,88.18725276,1,123.8215528,1,88.18725276,1,123.8215528,1,88.1871749,0.999999117,123.8205532,0.999991927,88.1871749,0.999999117,123.8205532,0.999991927,73.04533227,0.828298081,115.2270817,0.930589862,88.13454467,0.999402316,123.4061464,0.996645121
7,86.15795334,1,123.5689011,1,86.15795334,1,123.5689011,1,86.15795334,1,123.5689011,1,86.15780975,0.999998334,123.5674744,0.999988454,86.15780975,0.999998334,123.5674744,0.999988454,69.24394102,0.803686002,113.2234532,0.9162779,86.08104398,0.999107345,123.0526736,0.995822351
8,84.2263223,1,123.3118638,1,84.2263223,1,123.3118638,1,84.2263223,1,123.3118638,1,84.22611384,0.999997525,123.3103491,0.999987717,84.22611384,0.999997525,123.3103491,0.999987717,65.83667689,0.781663916,111.34446,0.902950102,84.12166259,0.998757399,122.6961494,0.995006853
9,82.38713428,1,123.050473,1,82.38713428,1,123.050473,1,82.38713428,1,123.050473,1,82.3868621,0.999996696,123.0488712,0.999986983,82.3868621,0.999996696,123.0488712,0.999986983,62.77856454,0.761994759,109.5778362,0.890511296,82.25159358,0.998354832,122.3366553,0.994198985
10,80.63540872,1,122.7847697,1,80.63540872,1,122.7847697,1,80.63540872,1,122.7847697,1,80.63507421,0.999995852,122.7830817,0.999986252,80.63507421,0.999995852,122.7830817,0.999986252,60.02985407,0.744460219,107.9126122,0.878876203,80.4662633,0.997902343,121.9742817,0.993399116
11,78.96640119,1,122.5148021,1,78.96640119,1,122.5148021,1,78.96640119,1,122.5148021,1,78.96600594,0.999994995,122.5130287,0.999985525,78.96600594,0.999994995,122.5130287,0.999985525,57.55540819,0.728859456,106.3389741,0.867968379,78.76131999,0.997402931,121.6091258,0.992607618
12,77.37559507,1,122.2406242,1,77.37559507,1,122.2406242,1,77.37559507,1,122.2406242,1,77.37514082,0.999994129,122.2387663,0.999984801,77.37514082,0.999994129,122.2387663,0.999984801,55.32416165,0.715007899,104.8481391,0.857719271,77.13262319,0.996859838,121.2412904,0.991824863
13,75.85869352,1,121.9622948,1,75.85869352,1,121.9622948,1,75.85869352,1,121.9622948,1,75.85818212,0.999993259,121.9603534,0.999984082,75.85818212,0.999993259,121.9603534,0.999984082,53.30864453,0.702736128,103.432244,0.848067382,75.57623369,0.9962765,120.8708812,0.991051221
14,74.41161154,1,121.6798766,1,74.41161154,1,121.6798766,1,74.41161154,1,121.6798766,1,74.41104496,0.999992386,121.6778529,0.999983369,74.41104496,0.999992386,121.6778529,0.999983369,51.48456176,0.691888815,102.0842467,0.838957513,74.08840404,0.995656491,120.4980062,0.990287051
15,73.03046834,1,121.3934351,1,73.03046834,1,121.3934351,1,73.03046834,1,121.3934351,1,73.02984856,0.999991513,121.3913303,0.999982661,73.02984856,0.999991513,121.3913303,0.999982661,49.83042215,0.682323738,100.7978375,0.830340104,72.66556964,0.995003473,120.1227737,0.989532701
16,71.71157965,1,121.103038,1,71.71157965,1,121.103038,1,71.71157965,1,121.103038,1,71.71090873,0.999990644,121.1008535,0.999981962,71.71090873,0.999990644,121.1008535,0.999981962,48.32721118,0.673910844,99.56736121,0.822170631,71.30434031,0.99432115,119.7452916,0.988788503
17,70.45145025,1,120.8087548,1,70.45145025,1,120.8087548,1,70.45145025,1,120.8087548,1,70.45073024,0.99998978,120.8064921,0.99998127,70.45073024,0.99998978,120.8064921,0.99998127,46.95810223,0.666531378,98.38774695,0.814409081,70.00149227,0.993613219,119.3656661,0.988054767
18,69.24676653,1,120.5106561,1,69.24676653,1,120.5106561,1,69.24676653,1,120.5106561,1,69.24599951,0.999988923,120.5083168,0.999980588,69.24599951,0.999988923,120.5083168,0.999980588,45.70820179,0.660077056,97.25444596,0.807019471,68.75396064,0.992883337,118.9840009,0.987331782
19,68.09438918,1,120.2088135,1,68.09438918,1,120.2088135,1,68.09438918,1,120.2088135,1,68.0935772,0.999988076,120.2063991,0.999979915,68.0935772,0.999988076,120.2063991,0.999979915,44.56432458,0.654449289,96.16337615,0.799969431,67.5588322,0.992135079,118.6003965,0.986619808
20,66.99134591,1,119.9032989,1,66.99134591,1,119.9032989,1,66.99134591,1,119.9032989,1,66.990491,0.999987239,119.9008112,0.999979253,66.990491,0.999987239,119.9008112,0.999979253,43.51479505,0.649558454,95.11087253,0.793229823,66.41333859,0.991371911,118.2149498,0.985919078
21,65.93482437,1,119.5941848,1,65.93482437,1,119.5941848,1,65.93482437,1,119.5941848,1,65.93392855,0.999986413,119.5916255,0.9999786,65.93392855,0.999986413,119.5916255,0.9999786,42.54927223,0.645323206,94.0936432,0.786774402,65.31484981,0.990597161,117.8277537,0.985229791
22,64.92216511,1,119.2815438,1,64.92216511,1,119.2815438,1,64.92216511,1,119.2815438,1,64.92123034,0.999985602,119.2789147,0.999977959,64.92123034,0.999985602,119.2789147,0.999977959,41.65859501,0.641669836,93.10872993,0.780579518,64.260868,0.989814001,117.4388964,0.984552117
23,63.95085472,1,118.9654483,1,63.95085472,1,118.9654483,1,63.95085472,1,118.9654483,1,63.94988292,0.999984804,118.9627513,0.999977329,63.94988292,0.999984804,118.9627513,0.999977329,40.83464555,0.638531662,92.15347307,0.774623846,63.24902155,0.989025429,117.0484617,0.98388619
24,63.01851911,1,118.645971,1,63.01851911,1,118.645971,1,63.01851911,1,118.645971,1,63.01751218,0.999984022,118.6432078,0.99997671,63.01751218,0.999984022,118.6432078,0.99997671,40.07022872,0.635848466,91.22548027,0.768888143,62.2770594,0.988234257,116.6565286,0.983232112
25,62.12291697,1,118.323184,1,62.12291697,1,118.323184,1,62.12291697,1,118.323184,1,62.12187673,0.999983255,118.3203564,0.999976103,62.12187673,0.999983255,118.3203564,0.999976103,39.3589655,0.63356596,90.32259844,0.763355036,61.34284559,0.987443098,116.2631713,0.982589948
26,61.26193335,1,117.9971594,1,61.26193335,1,117.9971594,1,61.26193335,1,117.9971594,1,61.26085709,0.999982432,117.9941236,0.999974272,61.26085709,0.999982432,117.9941236,0.999974272,38.69519895,0.631635289,89.44288882,0.758008831,60.44435412,0.986654368,115.8684593,0.981959735
27,60.43357354,1,117.6679686,1,60.43357354,1,117.6679686,1,60.43357354,1,117.6679686,1,60.43242258,0.999980955,117.6635134,0.999962138,60.43242258,0.999980955,117.6635134,0.999962138,38.07391107,0.630012571,88.58460468,0.752835336,59.57966386,0.985870277,115.4724574,0.981341471
28,59.63595701,1,117.3356828,1,59.63595701,1,117.3356828,1,59.63595701,1,117.3356828,1,59.63470834,0.999979062,117.3302123,0.999953378,59.63470833,0.999979062,117.3302123,0.999953378,37.4906493,0.628658467,87.74617138,0.747821714,58.74695382,0.985092833,115.0752259,0.980735128
29,58.86731164,1,117.0003725,1,58.86731164,1,117.0003725,1,58.86731163,1,117.0003725,1,58.86597628,0.999977316,116.9950075,0.999954145,58.86597628,0.999977316,116.9950075,0.999954145,36.94146169,0.627537774,86.92616856,0.74295634,57.94449847,0.984323844,114.6768207,0.980140646
30,58.12596811,1,116.6621077,1,58.12596811,1,116.6621077,1,58.12596811,1,116.6621077,1,58.12455566,0.9999757,116.6568189,0.999954665,58.12455566,0.9999757,116.6568189,0.999954665,36.42283944,0.626619059,86.12331422,0.738228684,57.17066334,0.983564923,114.2772936,0.979557938
31,57.41035455,1,116.3209575,1,57.41035455,1,116.3209575,1,57.41035455,1,116.3209575,1,57.4088547,0.999973875,116.3150129,0.999948895,57.4088547,0.999973875,116.3150129,0.999948895,35.93166627,0.625874314,85.33645051,0.733629196,56.42390071,0.982817493,113.8766925,0.978986891
32,56.71899132,1,115.9769902,1,56.71899132,1,115.9769902,1,56.71899132,1,115.9769902,1,56.7174009,0.99997196,115.9706196,0.99994507,56.7174009,0.99997196,115.9706196,0.99994507,35.46517353,0.625278636,84.56453094,0.729149212,55.70274548,0.982082794,113.4750612,0.978427368
33,56.05048601,1,115.6302733,1,56.05048601,1,115.6302733,1,56.05048601,1,115.6302733,1,56.04881578,0.999970201,115.6240166,0.999945891,56.04881578,0.999970201,115.6240166,0.999945891,35.02090057,0.624809936,83.80660906,0.724780861,55.00581128,0.981361897,113.0724406,0.977879212
34,55.4035287,1,115.2808734,1,55.4035287,1,115.2808734,1,55.4035287,1,115.2808734,1,55.40178807,0.999968583,115.2747054,0.999946497,55.40178807,0.999968583,115.2747054,0.999946497,34.59665967,0.624448667,83.06182822,0.720516993,54.33178655,0.980655706,112.6688679,0.977342248
35,54.77688731,1,114.9288558,1,54.77688731,1,114.9288558,1,54.77688731,1,114.9288558,1,54.77508409,0.999967081,114.9227359,0.99994675,54.77508409,0.999967081,114.9227359,0.99994675,34.19050499,0.624177581,82.32941243,0.716351101,53.67943093,0.979964974,112.2643776,0.976816282
36,54.1694032,1,114.5742851,1,54.1694032,1,114.5742851,1,54.1694032,1,114.5742851,1,54.16754473,0.999965692,114.5682171,0.999947039,54.16754473,0.999965692,114.5682171,0.999947039,33.80070521,0.623981495,81.60865823,0.712277263,53.04757172,0.979290311,111.8590015,0.976301108
37,53.57998693,1,114.2172243,1,53.57998693,1,114.2172243,1,53.57998693,1,114.2172243,1,53.57807981,0.999964406,114.2112001,0.999947257,53.57807981,0.999964406,114.2112001,0.999947257,33.42571914,0.623847094,80.89892733,0.708290083,52.43510042,0.978632199,111.4527687,0.975796509
38,53.0076142,1,113.8577354,1,53.0076142,1,113.8577354,1,53.0076142,1,113.8577354,1,53.00566435,0.999963216,113.8517483,0.999947416,53.00566435,0.999963216,113.8517483,0.999947416,33.06417431,0.623762733,80.19964007,0.704384641,51.84096951,0.977990998,111.0457064,0.975302258
39,52.45132186,1,113.4958789,1,52.45132186,1,113.4958789,1,52.45132186,1,113.4958789,1,52.44933462,0.999962113,113.4899233,0.999947525,52.44933462,0.999962113,113.4899233,0.999947525,32.71484789,0.623718273,79.51026953,0.700556446,51.26418923,0.977366964,110.6378397,0.974818123
40,51.91020425,1,113.1317141,1,51.91020425,1,113.1317141,1,51.91020425,1,113.1317141,1,51.90818214,0.999961046,113.1256682,0.999946558,51.90818214,0.999961046,113.1256682,0.999946558,32.37664987,0.623704922,78.83033624,0.696801395,50.70382458,0.97676026,110.2291917,0.974343865
41,51.38340949,1,112.7652986,1,51.38340949,1,112.7652986,1,51.38340949,1,112.7652986,1,51.38135727,0.999960061,112.7592933,0.999946745,51.38135727,0.999960061,112.7592933,0.999946745,32.04860815,0.623715095,78.1594035,0.693115741,50.15899237,0.976170964,109.8197841,0.973879246
42,50.87013605,1,112.3966885,1,50.87013605,1,112.3966885,1,50.87013605,1,112.3966885,1,50.86805792,0.999959148,112.3907149,0.999946852,50.86805792,0.999959148,112.3907149,0.999946852,31.72985529,0.623742293,77.49707307,0.689496053,49.62885843,0.97559909,109.4096371,0.973424026
43,50.36962938,1,112.0259381,1,50.36962938,1,112.0259381,1,50.36962938,1,112.0259381,1,50.36752868,0.999958294,112.0199681,0.999946709,50.36752868,0.999958294,112.0199681,0.999946709,31.41961682,0.623780981,76.84298142,0.685939191,49.11263488,0.975044595,108.9987695,0.972977967
44,49.88117876,1,111.6530999,1,49.88117876,1,111.6530999,1,49.88117876,1,111.6530999,1,49.87905881,0.9999575,111.647149,0.999946702,49.87905881,0.9999575,111.647149,0.999946702,31.1172009,0.623826495,76.19679628,0.682442282,48.60957762,0.974507396,108.587199,0.972540835
45,49.40411427,1,111.2782243,1,49.40411427,1,111.2782243,1,49.40411427,1,111.2782243,1,49.40197803,0.99995676,111.2722889,0.999946662,49.40197803,0.99995676,111.2722889,0.999946662,30.82198905,0.623874945,75.55821359,0.67900269,48.1189838,0.97398738,108.1749418,0.972112402
46,48.93780393,1,110.9013595,1,48.93780393,1,110.9013595,1,48.93780393,1,110.9013595,1,48.93565407,0.999956069,110.8954367,0.999946594,48.93565407,0.999956069,110.8954367,0.999946594,30.53342808,0.623923136,74.9269547,0.675618,47.64018958,0.973484418,107.7620132,0.971692445
47,48.48165111,1,110.5225514,1,48.48165111,1,110.5225514,1,48.48165111,1,110.5225514,1,48.47949001,0.999955424,110.5166389,0.999946504,48.47949001,0.999955424,110.5166389,0.999946504,30.2510228,0.623968494,74.30276396,0.672286,47.17256787,0.972998378,107.3484269,0.971280753
48,48.03509208,1,110.1418433,1,48.03509208,1,110.1418433,1,48.03509208,1,110.1418433,1,48.03292192,0.999954821,110.1359389,0.999946393,48.03292192,0.999954821,110.1359389,0.999946393,29.97432965,0.624008997,73.68540644,0.66900466,46.71552637,0.972529131,106.9341956,0.970877119
49,47.59759396,1,109.7592759,1,47.59759396,1,109.7592759,1,47.59759396,1,109.7592759,1,47.59541556,0.999954233,109.7532961,0.999945519,47.59541556,0.999954233,109.7532961,0.999945519,29.70295098,0.624043119,73.07466594,0.665772121,46.26850559,0.972076564,106.5193304,0.970481352
50,47.16865282,1,109.3748868,1,47.16865282,1,109.3748868,1,47.16865282,1,109.3748868,1,47.1664683,0.999953687,109.3689306,0.999945544,47.1664683,0.999953687,109.3689306,0.999945544,29.43653001,0.624069763,72.47034319,0.662586681,45.8309772,0.97164058,106.1038411,0.970093266
51,46.74779222,1,108.9887109,1,46.74779222,1,108.9887109,1,46.74779222,1,108.9887109,1,46.74560343,0.999953179,108.982771,0.9999455,46.74560343,0.999953179,108.982771,0.9999455,29.17474638,0.624088219,71.87225423,0.659446778,45.40244235,0.971221104,105.6877359,0.969712688
52,46.33456192,1,108.6007803,1,46.33456192,1,108.6007803,1,46.33456192,1,108.6007803,1,46.33237055,0.999952705,108.5948516,0.999945409,46.33237054,0.999952705,108.5948516,0.999945409,28.91731215,0.624098102,71.28022898,0.656350984,44.98243031,0.970818077,105.2710213,0.969339456
53,45.92853701,1,108.2111242,1,45.92853701,1,108.2111242,1,45.92853701,1,108.2111242,1,45.92634455,0.999952264,108.2052032,0.999945283,45.92634455,0.999952264,108.2052032,0.999945283,28.66396824,0.62409931,70.69410986,0.65329799,44.57049708,0.970431457,104.8537022,0.968973412
54,45.52931716,1,107.8197692,1,45.52931716,1,107.8197692,1,45.52931716,1,107.8197692,1,45.52712501,0.999951852,107.8138534,0.999945133,45.52712501,0.999951852,107.8138534,0.999945132,28.41448134,0.624091972,70.11375068,0.650286596,44.16622427,0.970061205,104.435782,0.968614409
55,45.13652614,1,107.4267399,1,45.13652614,1,107.4267399,1,45.13652614,1,107.4267399,1,45.13433556,0.999951468,107.4208274,0.999944963,45.13433556,0.999951468,107.4208274,0.999944963,28.16864112,0.624076408,69.53901552,0.647315702,43.76921797,0.969707279,104.0172626,0.968262303
56,44.74981137,1,107.0320588,1,44.74981137,1,107.0320588,1,44.74981137,1,107.0320588,1,44.74762274,0.999951092,107.0260659,0.999944008,44.74762274,0.999951092,107.0260659,0.999944008,27.92625771,0.624053082,68.96977781,0.644384295,43.37910776,0.969369623,103.5981442,0.967916953
57,44.36884364,1,106.6357474,1,44.36884364,1,106.6357474,1,44.36884364,1,106.6357474,1,44.36665831,0.999950746,106.6297791,0.999944031,44.36665831,0.999950746,106.6297791,0.999944031,27.68715953,0.624022563,68.40591942,0.641491442,42.9955458,0.969048149,103.1784261,0.967578214
58,43.99331662,1,106.2378261,1,43.99331662,1,106.2378261,1,43.99331662,1,106.2378261,1,43.99113581,0.999950428,106.231874,0.999943974,43.99113581,0.999950428,106.231874,0.999943974,27.45119133,0.623985492,67.84732995,0.638636279,42.61820587,0.968742735,102.7581061,0.967245942
59,43.6229465,1,105.8383149,1,43.6229465,1,105.8383149,1,43.6229465,1,105.8383149,1,43.62077126,0.999950135,105.8323735,0.999943863,43.62077126,0.999950135,105.8323735,0.999943863,27.21821243,0.623942549,67.29390593,0.635818002,42.24678257,0.96845321,102.3371817,0.966919983
60,43.25747131,1,105.4372342,1,43.25747131,1,105.4372342,1,43.25747131,1,105.4372342,1,43.2553026,0.999949865,105.4312998,0.999943716,43.2553026,0.999949865,105.4312998,0.999943716,26.98809521,0.623894425,66.74555028,0.63303586,41.88099038,0.968179348,101.9156495,0.966600179
61,42.89665023,1,105.0346048,1,42.89665023,1,105.0346048,1,42.89665023,1,105.0346048,1,42.89448892,0.999949616,105.0286749,0.999943543,42.89448892,0.999949616,105.0286749,0.999943543,26.76072365,0.623841804,66.20217167,0.630289149,41.52056285,0.967920866,101.4935059,0.966286359
62,42.54026268,1,104.6304486,1,42.54026268,1,104.6304486,1,42.54026268,1,104.6304486,1,42.53810957,0.999949386,104.6245215,0.999943353,42.53810957,0.999949386,104.6245215,0.999943353,26.53599222,0.62378534,65.66368404,0.627577201,41.1652517,0.967677421,101.0707474,0.965978343
63,42.1881073,1,104.2247884,1,42.1881073,1,104.2247884,1,42.1881073,1,104.2247884,1,42.18596256,0.999949163,104.2187672,0.999942229,42.18596256,0.999949163,104.2187672,0.999942229,26.31380465,0.62372565,65.13000611,0.624899384,40.8148259,0.967448613,100.6473707,0.965675942
64,41.84000077,1,103.8176489,1,41.84000077,1,103.8176489,1,41.84000077,1,103.8176489,1,41.83786524,0.99994896,103.8116565,0.99994228,41.83786524,0.99994896,103.8116565,0.99994228,26.09407308,0.623663303,64.60106096,0.622255095,40.46907082,0.967233989,100.2233732,0.965378953
65,41.49577661,1,103.4090558,1,41.49577661,1,103.4090558,1,41.49577661,1,103.4090558,1,41.493651,0.999948775,103.4030828,0.99994224,41.49365099,0.999948775,103.4030828,0.999942239,25.87671711,0.623598815,64.07677567,0.619643756,40.12778729,0.967033047,99.79875282,0.965087168
66,41.15528387,1,102.9990366,1,41.15528387,1,102.9990366,1,41.15528387,1,102.9990366,1,41.15316877,0.999948607,102.993077,0.999942139,41.15316877,0.999948607,102.993077,0.999942139,25.66166304,0.623532646,63.55708094,0.61706481,39.79079064,0.966845248,99.37350862,0.96480037
67,40.81838583,1,102.5876204,1,40.81838583,1,102.5876204,1,40.81838583,1,102.5876204,1,40.81628178,0.999948453,102.58167,0.999941997,40.81628177,0.999948453,102.58167,0.999941997,25.44884321,0.623465203,63.04191082,0.614517722,39.45790989,0.966670021,98.94764073,0.964518334
68,40.48495869,1,102.1748374,1,40.48495869,1,102.1748374,1,40.48495869,1,102.1748374,1,40.48286614,0.999948313,102.1688936,0.999941827,40.48286614,0.999948313,102.1688936,0.999941827,25.23819534,0.623396841,62.53120237,0.612001976,39.12898676,0.966506773,98.52115052,0.964240835
69,40.15489034,1,101.7607194,1,40.15489034,1,101.7607194,1,40.15489034,1,101.7607194,1,40.15280968,0.999948184,101.7547804,0.999941638,40.15280968,0.999948184,101.7547804,0.999941638,25.02966203,0.623327864,62.02489546,0.60951707,38.80387483,0.966354895,98.09404075,0.963967643
70,39.82807913,1,101.3452989,1,39.82807913,1,101.3452989,1,39.82807913,1,101.3452989,1,39.82601073,0.999948067,101.3393636,0.999941434,39.82601073,0.999948067,101.3393635,0.999941434,24.82319023,0.623258534,61.52293252,0.60706252,38.48243867,0.966213775,97.66631554,0.963698529
71,39.5044328,1,100.9286099,1,39.5044328,1,100.9286099,1,39.5044328,1,100.9286099,1,39.50237697,0.999947959,100.9226775,0.999941222,39.50237697,0.999947959,100.9226775,0.999941222,24.6187308,0.623189071,61.0252583,0.604637856,38.16455304,0.9660828,97.2379805,0.963433268
72,39.18386742,1,100.5106867,1,39.18386742,1,100.5106867,1,39.18386742,1,100.5106867,1,39.18182441,0.999947861,100.5047569,0.999941003,39.18182441,0.999947861,100.5047569,0.999941003,24.41623814,0.62311966,60.53181973,0.602242624,37.85010206,0.965961365,96.80904267,0.963171637
73,38.86630645,1,100.0915646,1,38.86630645,1,100.0915646,1,38.86630645,1,100.0915646,1,38.86427649,0.999947771,100.0856301,0.999940709,38.86427649,0.999947771,100.0856301,0.999940709,24.21566985,0.623050453,60.04256571,0.599876383,37.53897853,0.965848879,96.37951054,0.962913418
74,38.5516799,1,99.67127907,1,38.5516799,1,99.67127907,1,38.5516799,1,99.67127906,1,38.54966318,0.999947688,99.66534949,0.999940509,38.54966318,0.999947688,99.66534949,0.999940509,24.01698636,0.622981578,59.55744698,0.597538705,37.23108317,0.965744768,95.94939403,0.9626584
75,38.23992355,1,99.24986617,1,38.23992355,1,99.24986617,1,38.23992355,1,99.24986617,1,38.23792026,0.999947613,99.24394042,0.999940295,38.23792026,0.999947613,99.24394042,0.999940295,23.82015072,0.622913136,59.07641593,0.595229175,36.92632398,0.965648478,95.51870442,0.96240638
76,37.93097832,1,98.82736211,1,37.93097832,1,98.82736211,1,37.93097832,1,98.82736211,1,37.9289886,0.999947543,98.82143947,0.999940071,37.9289886,0.999947543,98.82143947,0.999940071,23.6251283,0.622845214,58.59942655,0.592947391,36.62461562,0.965559478,95.0874543,0.962157162
77,37.62478963,1,98.40380321,1,37.62478963,1,98.40380321,1,37.62478963,1,98.40380321,1,37.62281358,0.99994748,98.3978832,0.99993984,37.62281358,0.99994748,98.3978832,0.99993984,23.43188658,0.622777876,58.12643423,0.590692964,36.32587888,0.965477262,94.6556575,0.961910561
78,37.32130688,1,97.97922584,1,37.32130688,1,97.97922584,1,37.32130688,1,97.97922584,1,37.3193446,0.999947422,97.97330822,0.999939603,37.3193446,0.999947422,97.97330822,0.999939603,23.24039496,0.622711178,57.65739571,0.588465516,36.03004011,0.965401352,94.22332907,0.961666397
79,37.020483,1,97.55366634,1,37.020483,1,97.55366634,1,37.020483,1,97.55366634,1,37.01853457,0.999947369,97.5477483,0.999939336,37.01853457,0.999947369,97.5477483,0.999939336,23.05062457,0.62264516,57.19226897,0.58626468,35.73703072,0.965331293,93.79048514,0.961424503
80,36.72227405,1,97.12716096,1,36.72227405,1,97.12716096,1,36.72227405,1,97.12716095,1,36.72033953,0.99994732,97.12124661,0.999939107,36.72033953,0.99994732,97.12124661,0.999939107,22.86551912,0.622660761,56.73101312,0.5840901,35.44678681,0.96526666,93.35714288,0.961184719
81,36.42663885,1,96.69974577,1,36.42663885,1,96.69974577,1,36.42663885,1,96.69974577,1,36.42471823,0.999947274,96.69371385,0.999937622,36.42471823,0.999947274,96.69371384,0.999937622,22.68195484,0.622674931,56.56855496,0.584991765,35.1592487,0.965207052,92.92332042,0.960946895
82,36.1335387,1,96.27145668,1,36.1335387,1,96.27145668,1,36.1335387,1,96.27145668,1,36.13163202,0.999947232,96.26545542,0.999937663,36.13163202,0.999947232,96.26545542,0.999937663,22.49991416,0.622687812,56.40455322,0.585890722,34.87436056,0.965152094,92.48903678,0.960710889
83,35.84293708,1,95.84232935,1,35.84293708,1,95.84232935,1,35.84293708,1,95.84232935,1,35.84104436,0.999947194,95.83635092,0.999937622,35.84104436,0.999947194,95.83635092,0.999937622,22.31938012,0.622699531,56.2389337,0.586785965,34.5920701,0.965101438,92.05431178,0.96047657
84,35.55479943,1,95.41239922,1,35.55479943,1,95.41239922,1,35.55479943,1,95.41239922,1,35.55292067,0.999947159,95.40643833,0.999937525,35.55292067,0.999947159,95.40643833,0.999937525,22.14033629,0.622710201,56.07163232,0.587676579,34.31232826,0.965054755,91.619166,0.960243813
85,35.26909294,1,94.98170141,1,35.26909294,1,94.98170141,1,35.26909294,1,94.98170141,1,35.26722815,0.999947127,94.97575454,0.999937389,35.26722815,0.999947127,94.97575454,0.999937389,21.96276677,0.622719921,55.90259455,0.58856173,34.0350889,0.965011744,91.18362069,0.960012501
86,34.98578639,1,94.55027078,1,34.98578639,1,94.55027078,1,34.98578639,1,94.55027078,1,34.98393556,0.999947097,94.54433555,0.999937227,34.98393556,0.999947097,94.54433555,0.999937227,21.78665612,0.622728781,55.73177477,0.589440668,33.76030857,0.964972123,90.7476977,0.959782526
87,34.70484998,1,94.11814184,1,34.70484998,1,94.11814184,1,34.70484998,1,94.11814184,1,34.70301306,0.99994707,94.11221664,0.999937045,34.70301306,0.99994707,94.11221663,0.999937045,21.61198934,0.622736861,55.55913567,0.590312713,33.48794625,0.964935629,90.31141946,0.959553787
88,34.42625516,1,93.68534878,1,34.42625516,1,93.68534878,1,34.42625516,1,93.68534878,1,34.42443214,0.999947046,93.67943249,0.999936849,34.42443214,0.999947046,93.67943249,0.999936849,21.43875187,0.622744233,55.38464756,0.591177258,33.21796317,0.964902021,89.87480886,0.959326192
89,34.14997457,1,93.25192546,1,34.14997457,1,93.25192546,1,34.14997457,1,93.25192545,1,34.1481654,0.999947023,93.24601734,0.999936643,34.1481654,0.999947023,93.24601734,0.999936643,21.2669295,0.622750962,55.20828776,0.592033757,32.95032261,0.964871073,89.43788924,0.959099652
90,33.87598188,1,92.81790533,1,33.87598188,1,92.81790533,1,33.87598187,1,92.81790533,1,33.87418652,0.999947002,92.81200482,0.999936429,33.87418652,0.999947002,92.81200482,0.999936429,21.09650839,0.622757105,55.03003993,0.592881726,32.68498973,0.964842579,89.00068434,0.958874088
91,33.60425172,1,92.38332151,1,33.60425172,1,92.38332151,1,33.60425172,1,92.38332151,1,33.60247012,0.999946983,92.37742815,0.999936208,33.60247012,0.999946983,92.37742815,0.999936208,20.92747502,0.622762715,54.84989353,0.593720735,32.42193136,0.964816346,88.56321824,0.958649427
92,33.3347596,1,91.94820667,1,33.3347596,1,91.94820667,1,33.3347596,1,91.94820667,1,33.3329917,0.999946965,91.94232034,0.999935982,33.3329917,0.999946965,91.94232034,0.999935982,20.7598162,0.622767839,54.66784323,0.594550402,32.16111596,0.964792197,88.1255153,0.958425602
93,33.06748181,1,91.51259311,1,33.06748181,1,91.51259311,1,33.06748181,1,91.51259311,1,33.06572755,0.999946949,91.50671362,0.999935752,33.06572755,0.999946949,91.50671362,0.999935752,20.59351902,0.622772521,54.48388839,0.595370392,31.90251338,0.964769968,87.68760014,0.958202551
94,32.80239539,1,91.07651264,1,32.80239539,1,91.07651264,1,32.80239539,1,91.07651264,1,32.80065471,0.999946934,91.07063988,0.999935518,32.80065471,0.999946934,91.07063988,0.999935518,20.42857083,0.6227768,54.2980326,0.596180409,31.64609482,0.964749508,87.24949762,0.95798022
95,32.53947804,1,90.63999667,1,32.53947804,1,90.63999667,1,32.53947804,1,90.63999667,1,32.53775086,0.99994692,90.63390663,0.999932811,32.53775086,0.99994692,90.63390663,0.999932811,20.26495924,0.62278071,54.11028321,0.596980199,31.39183267,0.964730677,86.81123276,0.957758561
96,32.27870807,1,90.20307608,1,32.27870807,1,90.20307608,1,32.27870807,1,90.20307608,1,32.27699432,0.999946908,90.19702126,0.999932876,32.27699432,0.999946908,90.19702126,0.999932876,20.10267211,0.622784284,53.92065094,0.597769536,31.13970046,0.964713346,86.37283072,0.957537531
97,32.02006437,1,89.76578128,1,32.02006437,1,89.76578128,1,32.02006437,1,89.76578128,1,32.01836398,0.999946896,89.75975718,0.999932891,32.01836398,0.999946896,89.75975718,0.999932891,19.9416975,0.622787552,53.72914952,0.59854823,30.88967274,0.964697397,85.93431679,0.957317093
98,31.76352636,1,89.32814214,1,31.76352636,1,89.32814214,1,31.76352636,1,89.32814214,1,31.76183925,0.999946885,89.32214545,0.999932869,31.76183925,0.999946885,89.32214545,0.999932869,19.78202372,0.622790539,53.53579533,0.599316117,30.641725,0.96468272,85.49571635,0.957097218
99,31.50907394,1,88.89018799,1,31.50907394,1,88.89018799,1,31.50907394,1,88.89018798,1,31.50740004,0.999946875,88.88421623,0.999932819,31.50740004,0.999946875,88.88421623,0.999932819,19.62363922,0.622793271,53.34060709,0.60007306,30.39583359,0.964669214,85.05705482,0.956877882
100,31.25668748,1,88.45194755,1,31.25668748,1,88.45194755,1,31.25668748,1,88.45194755,1,31.2550267,0.999946866,88.44599884,0.999932746,31.2550267,0.999946866,88.44599884,0.999932746,19.4665327,0.622795769,53.14360564,0.600818943,30.1519757,0.964656786,84.61835767,0.956659068
101,31.00634774,1,88.01344898,1,31.00634774,1,88.01344898,1,31.00634774,1,88.01344898,1,31.00470001,0.999946858,88.00752184,0.999932656,31.00470001,0.999946858,88.00752183,0.999932656,19.310693,0.622798053,52.94481363,0.601553674,29.91012922,0.964645352,84.17965037,0.956440764
102,30.75803592,1,87.57471979,1,30.75803592,1,87.57471979,1,30.75803592,1,87.57471979,1,30.75640115,0.99994685,87.56881297,0.999932551,30.75640115,0.99994685,87.56881297,0.999932551,19.15610914,0.622800142,52.7442553,0.60227718,29.67027277,0.96463483,83.74095839,0.956222967
103,30.51173357,1,87.13578682,1,30.51173357,1,87.13578682,1,30.51173356,1,87.13578682,1,30.51011167,0.999946843,87.12989938,0.999932434,30.51011167,0.999946843,87.12989937,0.999932434,19.00277029,0.622802053,52.54195632,0.602989406,29.43238557,0.96462515,83.30230715,0.95600568
104,30.26742256,1,86.69667626,1,30.26742256,1,86.69667626,1,30.26742256,1,86.69667626,1,30.26581345,0.999946837,86.69080738,0.999932306,30.26581345,0.999946837,86.69080738,0.999932306,18.8506658,0.6228038,52.33794359,0.603690313,29.19644747,0.964616244,82.86372203,0.955788914
105,30.02508514,1,86.25741356,1,30.02508514,1,86.25741356,1,30.02508514,1,86.25741356,1,30.02348873,0.999946831,86.25156259,0.999932168,30.02348873,0.999946831,86.25156259,0.999932168,18.69978513,0.622805399,52.13224504,0.604379877,28.96243883,0.96460805,82.42522833,0.955572686
106,29.78470382,1,85.81802346,1,29.78470382,1,85.81802346,1,29.78470382,1,85.81802346,1,29.78312003,0.999946826,85.81218983,0.999932023,29.78312003,0.999946826,85.81218983,0.999932023,18.55011791,0.622806862,51.92488954,0.605058092,28.73034054,0.964600512,81.98685126,0.955357021
107,29.54626142,1,85.37852995,1,29.54626142,1,85.37852995,1,29.54626142,1,85.37852995,1,29.54469016,0.999946821,85.37270168,0.999931736,29.54469016,0.999946821,85.37270168,0.999931736,18.40165389,0.6228082,51.71590674,0.605724961,28.50013398,0.964593577,81.54861594,0.955141954
108,29.30974103,1,84.93895622,1,29.30974103,1,84.93895622,1,29.30974103,1,84.93895622,1,29.30818222,0.999946816,84.93314927,0.999931634,29.30818222,0.999946816,84.93314927,0.999931634,18.25438295,0.622809425,51.50532694,0.606380502,28.27180094,0.964587197,81.11054733,0.954927526
109,29.075126,1,84.4993247,1,29.075126,1,84.4993247,1,29.075126,1,84.4993247,1,29.07357955,0.999946812,84.49353715,0.999931508,29.07357955,0.999946812,84.49353715,0.999931508,18.10829509,0.622810546,51.29318101,0.607024745,28.04532364,0.964581328,80.67267029,0.954713787
110,28.84239994,1,84.059657,1,28.84239994,1,84.059657,1,28.84239993,1,84.059657,1,28.84086575,0.999946808,84.05388758,0.999931365,28.84086575,0.999946808,84.05388758,0.999931365,17.96338043,0.622811572,51.0795003,0.607657729,27.8206847,0.964575929,80.23500952,0.954500796
111,28.61154665,1,83.61997392,1,28.61154665,1,83.61997392,1,28.61154665,1,83.61997392,1,28.61002464,0.999946804,83.61422179,0.999931211,28.61002464,0.999946804,83.61422179,0.999931211,17.81962921,0.622812511,50.8643165,0.608279507,27.59786708,0.964570962,79.79758954,0.95428862
112,28.38255021,1,83.18029543,1,28.38255021,1,83.18029543,1,28.38255021,1,83.18029543,1,28.38104029,0.999946801,83.17456006,0.999931049,28.38104029,0.999946801,83.17456006,0.999931049,17.67703177,0.622813371,50.64766163,0.608890139,27.37685409,0.964566393,79.36043472,0.954077336
113,28.15539487,1,82.74064069,1,28.15539487,1,82.74064069,1,28.15539487,1,82.74064069,1,28.15389695,0.999946798,82.73492174,0.999930881,28.15389695,0.999946798,82.73492174,0.999930881,17.53557857,0.622814159,50.42956794,0.609489696,27.15762935,0.964562191,78.92356921,0.95386703
114,27.9300651,1,82.30102801,1,27.9300651,1,82.30102801,1,27.9300651,1,82.30102801,1,27.92857909,0.999946795,82.29532531,0.999930709,27.92857909,0.999946795,82.29532531,0.999930709,17.39526016,0.62281488,50.21006784,0.610078259,26.94017681,0.964558325,78.48701697,0.953657796
115,27.70654557,1,81.86147491,1,27.70654557,1,81.86147491,1,27.70654557,1,81.86147491,1,27.70507138,0.999946793,81.85578847,0.999930536,27.70507138,0.999946793,81.85578846,0.999930536,17.25606719,0.622815542,49.98919389,0.610655915,26.72448066,0.964554769,78.05080177,0.953449738
116,27.48482113,1,81.42199809,1,27.48482113,1,81.42199809,1,27.48482113,1,81.42199809,1,27.48335867,0.99994679,81.41632796,0.999930361,27.48335867,0.99994679,81.41632795,0.999930361,17.11799042,0.622816148,49.76697868,0.611222763,26.5105254,0.964551498,77.61494714,0.953242968
117,27.2648768,1,80.98261346,1,27.2648768,1,80.98261346,1,27.2648768,1,80.98261346,1,27.26342598,0.999946788,80.97695981,0.999930187,27.26342598,0.999946788,80.97695981,0.999930187,16.9810207,0.622816704,49.54345484,0.611778908,26.29829574,0.96454849,77.17947637,0.95303761
118,27.04669779,1,80.54333618,1,27.04669779,1,80.54333618,1,27.04669779,1,80.54333618,1,27.04525853,0.999946786,80.53769808,0.999929999,27.04525853,0.999946786,80.53769808,0.999929999,16.84514897,0.622817214,49.318655,0.612324462,26.08777666,0.964545722,76.74441252,0.952833793
119,26.83026948,1,80.10418067,1,26.83026948,1,80.10418067,1,26.83026948,1,80.10418067,1,26.82884169,0.999946784,80.09856021,0.999929836,26.82884169,0.999946784,80.09856021,0.999929836,16.71036625,0.622817682,49.09261172,0.612859545,25.87895336,0.964543177,76.30977842,0.952631658
120,26.61557739,1,79.66516063,1,26.61557739,1,79.66516063,1,26.61557739,1,79.66516063,1,26.61416098,0.999946783,79.65955792,0.999929672,26.61416098,0.999946783,79.65955791,0.999929672,16.57666365,0.622818112,48.86535749,0.613384284,25.67181126,0.964540836,75.87559662,0.952431352
121,26.40260721,1,79.22628914,1,26.40260721,1,79.22628914,1,26.40260721,1,79.22628914,1,26.40120209,0.999946781,79.22070441,0.999929509,26.40120209,0.999946781,79.22070441,0.999929509,16.44403239,0.622818507,48.63692469,0.613898811,25.46633597,0.964538682,75.44188943,0.952233031
122,26.19134479,1,78.78757864,1,26.19134479,1,78.78757864,1,26.19134479,1,78.78757864,1,26.18995087,0.99994678,78.78201226,0.999929349,26.18995087,0.99994678,78.78201226,0.999929349,16.31246375,0.622818869,48.40734556,0.614403265,25.26251332,0.964536702,75.00867889,0.952036859
123,25.98177611,1,78.34904103,1,25.98177611,1,78.34904103,1,25.98177611,1,78.34904103,1,25.98039331,0.999946778,78.34349339,0.999929193,25.98039331,0.999946778,78.34349339,0.999929193,16.18194909,0.622819203,48.17665218,0.61489779,25.0603293,0.96453488,74.57598677,0.951843006
124,25.7738873,1,77.91068769,1,25.7738873,1,77.91068769,1,25.7738873,1,77.91068769,1,25.77251553,0.999946777,77.9051593,0.999929042,25.77251553,0.999946777,77.9051593,0.999929042,16.05247986,0.62281951,47.94487648,0.615382535,24.85977011,0.964533205,74.14383456,0.951651651
125,25.56766463,1,77.4725296,1,25.56766463,1,77.4725296,1,25.56766463,1,77.4725296,1,25.56630381,0.999946776,77.467021,0.999928896,25.56630381,0.999946776,77.467021,0.999928896,15.92404759,0.622819793,47.71205017,0.615857652,24.66082209,0.964531664,73.71224349,0.951462975
126,25.3630945,1,77.03457734,1,25.3630945,1,77.03457734,1,25.3630945,1,77.03457734,1,25.36174455,0.999946775,77.0290887,0.999928751,25.36174455,0.999946775,77.0290887,0.999928751,15.79664387,0.622820053,47.47820477,0.616323298,24.46347178,0.964530246,73.28123452,0.951277167
127,25.16016346,1,76.59684122,1,25.16016346,1,76.59684122,1,25.16016346,1,76.59684122,1,25.15882429,0.999946774,76.59137384,0.999928621,25.15882429,0.999946774,76.59137384,0.999928621,15.67026039,0.622820293,47.24337155,0.616779632,24.26770585,0.964528942,72.85082833,0.951094421
128,24.95885817,1,76.15933133,1,24.95885817,1,76.15933133,1,24.95885817,1,76.15933133,1,24.95752969,0.999946773,76.15388605,0.999928501,24.95752969,0.999946773,76.15388605,0.999928501,15.5448889,0.622820515,47.00758157,0.617226816,24.07351115,0.964527743,72.42104533,0.950914931
129,24.75916542,1,75.72205764,1,24.75916542,1,75.72205764,1,23.79995689,0.961258447,75.72205764,1,24.75784755,0.999946772,75.71663489,0.999928386,23.79869007,0.961207281,75.71663489,0.999928386,15.42052121,0.622820719,46.77086564,0.617665012,23.88087464,0.964526641,71.99190566,0.950738898
130,24.56107212,1,75.28503004,1,24.56107212,1,75.28503004,1,22.83750523,0.929825258,72.36837233,0.961258464,24.55976352,0.999946721,75.1149278,0.997740557,22.83628842,0.929775716,72.20486011,0.959086555,15.29714924,0.622820908,46.53325432,0.618094385,23.68978347,0.964525626,71.5634292,0.950566522
131,24.36456532,1,74.84825851,1,12.08402926,0.495967365,74.84825851,1,14.76767468,0.606112791,69.59580349,0.929825288,24.36326539,0.999946647,74.52818288,0.995723673,14.76688617,0.606080428,69.29818902,0.92584905,15.17476494,0.622821082,46.29477789,0.618515097,23.50022489,0.964524693,71.13563558,0.950398005
132,24.16963216,1,74.4117531,1,11.98734878,0.495967365,36.90581506,0.495967552,14.64952321,0.606112791,45.10192572,0.60611293,24.16833951,0.999946517,73.93387883,0.993577973,14.64873911,0.606080349,44.81227909,0.602220445,15.05336035,0.622821243,46.05546639,0.618927313,23.31218631,0.964523835,70.70854417,0.950233548
133,23.97625993,1,73.97552413,1,11.89144246,0.495967365,36.68945953,0.495967551,14.53231782,0.606112791,44.83752162,0.606112929,23.97497476,0.999946398,73.50639963,0.993658382,14.53153827,0.606080277,44.55317833,0.602269181,14.93292759,0.622821392,45.81534956,0.619331192,23.12565526,0.964523046,70.2821741,0.950073351
134,23.78443599,1,73.53958218,1,11.79630405,0.495967365,36.47324636,0.495967549,14.41605088,0.606112791,44.57329148,0.606112928,23.78315851,0.999946289,73.07192966,0.993640805,14.41527599,0.606080211,44.28984039,0.602258526,14.81345881,0.62282153,45.57445688,0.619726894,22.94061939,0.96452232,69.85654427,0.949917612
135,23.59414786,1,73.10393825,1,11.70192734,0.495967365,36.25718099,0.495967548,14.30071481,0.606112791,44.30924198,0.606112927,23.59287821,0.999946188,72.57394281,0.992750111,14.29994467,0.60608015,43.98800403,0.601718664,14.69494627,0.622821657,45.33281755,0.620114574,22.75706649,0.964521653,69.43167338,0.949766525
136,23.40538314,1,72.66860381,1,11.6083062,0.495967365,36.04126912,0.495967546,14.1863021,0.606112791,44.04538006,0.606112926,23.40412147,0.999946095,72.13519459,0.992659702,14.1855368,0.606080094,43.72207297,0.601663864,14.57738227,0.622821775,45.09046048,0.620494383,22.57498445,0.964521039,69.00757989,0.94962028
137,37.20441806,1,72.23359089,1,18.45217976,0.495967434,35.82551672,0.495967545,22.55007558,0.606112842,43.78171303,0.606112925,37.09704468,0.997113961,71.69672087,0.992567585,22.48499444,0.604363557,43.45630829,0.60160803,23.14436709,0.622086523,44.84741431,0.620866466,35.55876694,0.95576732,68.58428209,0.949479062
138,49.99688602,1,71.93872688,1,24.79682874,0.495967464,35.67927363,0.495967543,30.30375578,0.606112864,43.60299205,0.606112923,49.78038092,0.995669628,71.34935508,0.991807309,30.17252835,0.603488152,43.2457653,0.601147215,31.09150146,0.621868759,44.69051357,0.621230254,47.59397699,0.951938826,68.29250229,0.949314858
139,62.85418836,1,71.66056082,1,31.17363345,0.495967481,35.54131218,0.495967542,38.09673294,0.606112877,43.43439193,0.606112922,62.52657089,0.994787659,71.0643637,0.991680262,37.8981587,0.602953593,43.07302826,0.601070209,39.0841485,0.621822499,44.54318243,0.621585736,59.68884945,0.949639968,68.01517574,0.949129828
140,87.20809988,1,71.40932563,1,43.25238315,0.495967499,35.41670757,0.49596754,52.85795347,0.60611289,43.28211495,0.606112921,86.67076647,0.993838492,70.80844469,0.9915854,52.5322674,0.602378305,42.91791235,0.60101271,54.23255758,0.621875235,44.41180446,0.621932837,82.60017988,0.947161789,67.76177254,0.948920494
141,110.3412499,1,71.30058392,1,54.72567474,0.495967508,35.36277509,0.495967538,66.87925467,0.606112897,43.21620511,0.60611292,109.6031443,0.993310701,70.69106752,0.991451453,66.4318777,0.602058412,42.84676844,0.600931522,68.63091636,0.621987846,44.36828365,0.622270972,104.3604289,0.945797052,67.64018468,0.948662423
142,132.7962555,1,71.22995501,1,65.86262863,0.495967513,35.32774534,0.495967537,80.4895237,0.606112901,43.17339593,0.606112919,131.8616328,0.99296198,70.60747445,0.991260972,79.92303487,0.601847052,42.79610151,0.600816068,82.61639478,0.622128948,44.34776554,0.622599937,125.4799373,0.944905689,67.55141949,0.948356902
143,164.4158133,1,71.20260997,1,81.54490284,0.495967518,35.31418297,0.495967535,99.65454617,0.606112905,43.15682166,0.606112918,163.1996267,0.992602983,70.55277879,0.990873492,98.91739749,0.601629463,42.76294967,0.60058121,102.3205254,0.622327764,44.35349755,0.622919547,155.2174164,0.944054062,67.50021412,0.948001964
144,194.6505936,1,71.3173336,1,96.54037239,0.495967521,35.37108205,0.495967534,117.9802371,0.606112907,43.22635705,0.606112916,193.1633213,0.992359271,70.64596381,0.990586163,117.0787795,0.601481749,42.81943023,0.600407055,121.1740042,0.622520599,44.44705136,0.623229293,183.648591,0.943478196,67.57884183,0.947579479
145,223.8990353,1,71.48736404,1,52.84168576,0.236006759,35.45541152,0.495967532,135.7031129,0.606090655,43.32941462,0.606112915,222.0823137,0.991885979,70.47756133,0.985874389,134.6020121,0.60117281,42.71735929,0.597551188,139.4245359,0.622711642,44.57443635,0.623528884,211.1479506,0.943049845,67.70510303,0.947091894
146,261.2573673,1,71.71617139,1,62.14292535,0.237860949,17.60365633,0.245462857,155.5844131,0.59552163,43.46655977,0.60609147,258.9432294,0.991142306,70.2968704,0.980209471,154.2063758,0.590246994,42.60633326,0.594096595,162.7471804,0.622938148,44.73784744,0.623818123,246.2690516,0.942630074,67.88222032,0.946539937
147,295.8985327,1,72.09449802,1,70.77020098,0.239170503,17.69303755,0.245414533,176.1306283,0.595239952,42.96169532,0.5959081,293.042736,0.99034873,70.23683474,0.97423294,174.430743,0.589495127,41.8550651,0.580558382,184.3882089,0.62314675,44.99393573,0.624096664,278.8299708,0.942316166,68.19501673,0.945911527
148,329.5213118,1,72.53075966,1,79.14166439,0.240171611,17.79667387,0.245367261,196.1612072,0.595291413,43.19715105,0.59557009,326.0635987,0.989506861,70.18529111,0.967662429,194.102774,0.589044675,41.80079584,0.576318186,205.4070108,0.6233497,45.28561243,0.624364237,310.4276902,0.942056489,68.55699508,0.945212699
149,370.5032667,1,73.03873164,1,89.31832598,0.241072978,17.91797814,0.245321595,220.5750429,0.595338996,43.4994161,0.595566422,366.2488068,0.988517079,70.17111539,0.960738417,218.0420194,0.588502286,41.79224601,0.572192932,231.0377448,0.623578158,45.62150772,0.624620755,348.9368609,0.941791591,68.98121181,0.944447011
150,407.9401304,1,73.70159961,1,46.82853093,0.114792656,18.07743401,0.24527872,225.5943188,0.5530084,43.89403494,0.59556421,402.8861767,0.987611041,70.33838115,0.95436709,222.7996669,0.546157758,41.89183335,0.568397885,254.4680079,0.623787632,46.05363499,0.624866153,384.1069647,0.941576805,69.54547223,0.943608722
151,443.9447856,1,74.42528922,1,24.38867817,0.054936287,9.008436353,0.121039991,237.0842046,0.534039845,41.28293206,0.554689575,438.0363486,0.986691054,70.2980349,0.944545001,233.9286359,0.526931825,38.99877347,0.523998951,277.017193,0.623990194,46.523263,0.625100198,417.9235808,0.941386394,70.16112106,0.942705387
152,486.1194658,1,75.22579091,1,27.06426425,0.055674101,4.489660664,0.059682465,259.7611289,0.534356567,40.32771492,0.536088945,479.143246,0.985649166,70.32423314,0.934842057,256.0320724,0.526685497,37.7085064,0.501270986,303.4411133,0.624210991,47.04041716,0.625322999,457.5294508,0.941187266,70.84341426,0.941743695
153,525.203956,1,76.17733686,1,29.54668462,0.056257544,4.542729527,0.059633609,280.7777227,0.534607022,40.83623243,0.536067998,517.2601027,0.984874727,71.18044038,0.934404421,276.5289364,0.526517238,38.16620245,0.50101781,327.9464741,0.624417372,47.651578,0.625534837,494.223255,0.941012057,71.66185225,0.940724042
154,562.6538363,1,77.19960811,1,31.92432279,0.056738834,4.600151326,0.059587755,300.9149379,0.534813625,41.38271831,0.536048295,553.7926485,0.984251084,72.04492191,0.933229114,296.173437,0.526386595,38.62844425,0.500370989,351.4430296,0.624616784,48.30653939,0.625735552,529.3721243,0.940848689,72.54082065,0.939652706
155,604.4593498,1,78.30236302,1,34.55993053,0.057174946,4.662537414,0.059545296,323.3862566,0.535000835,41.97241648,0.536030011,594.5975384,0.983684906,72.96549894,0.931842873,318.1073937,0.526267637,39.12080954,0.499612119,377.6825162,0.62482699,49.01144021,0.62592543,568.6013622,0.940677586,73.48972997,0.938537831
156,643.5934814,1,79.54290412,1,37.02859558,0.057534137,4.733372837,0.059507166,344.4222853,0.535155025,42.6360737,0.536013541,632.7899353,0.983213711,74.0109183,0.930452806,338.6376802,0.526167045,39.68016139,0.498852309,402.2629233,0.62502641,49.80221265,0.626105034,605.3113193,0.940518102,74.56227252,0.937384338
157,680.8111336,1,80.85938758,1,39.37626062,0.057837275,4.808930436,0.059472754,364.4280913,0.535285152,43.34052156,0.535998637,669.1065171,0.982807836,75.12433476,0.929073754,358.159586,0.526077745,40.27600655,0.498099327,425.6560115,0.625218934,50.64015766,0.626274316,640.2106017,0.940364471,75.700313,0.936196962
158,720.6448544,1,82.25478541,1,41.87743313,0.058111055,4.889402314,0.059442162,385.8351849,0.535402678,44.0873598,0.535985348,707.9830246,0.982429862,76.31125366,0.92774242,379.0526897,0.525990975,40.91130224,0.497372913,450.7034045,0.625416808,51.52716849,0.626433687,677.5532337,0.940204082,76.90690351,0.934983942
159,758.1511551,1,83.77081249,1,44.23323114,0.058343552,4.977322494,0.059415951,405.9918247,0.535502481,44.89896999,0.535973911,744.5795552,0.982099084,77.61400586,0.926504155,398.7208156,0.525912033,41.60876085,0.496697592,474.304345,0.625606572,52.48944064,0.626583879,712.6990506,0.940048757,78.2211957,0.933752382
160,794.3161145,1,85.36269315,1,46.50354747,0.058545391,5.069989574,0.059393505,425.4270724,0.535589125,45.75133657,0.535964071,779.861389,0.981802301,78.98879386,0.925331558,417.6818668,0.52583834,42.34489277,0.496058538,497.0763701,0.625791623,53.49893089,0.626724965,746.5731227,0.939894217,79.60119661,0.932505685
161,831.6625118,1,87.03574952,1,23.16118654,0.027849261,5.167731698,0.059374817,445.4943188,0.535667188,46.64731722,0.535955828,816.2976426,0.981525115,80.44164144,0.924236786,437.260447,0.525766691,43.12293382,0.495462314,520.6024814,0.625978055,54.5590101,0.626857474,781.5415208,0.939733978,81.05212228,0.931250925
162,867.3342524,1,88.81217072,1,24.32154177,0.028041717,2.58016343,0.029051913,464.6615527,0.535735273,47.59881696,0.535949258,851.0075072,0.981175948,80.47850467,0.90616527,455.9112865,0.525646583,43.14320693,0.485780345,543.0889855,0.626158812,55.68364322,0.626982122,814.9250091,0.939574341,82.59482332,0.929994421
163,900.0069161,1,90.66491963,1,25.38740041,0.028208006,2.632238304,0.0290326,482.2183964,0.535794101,48.5913337,0.535944155,882.8477722,0.980934431,82.28277424,0.907548086,473.021213,0.525575087,44.10975827,0.486514061,563.7027146,0.626331536,56.85589153,0.627099122,845.4819625,0.939417184,84.20399268,0.928738403
164,934.4306556,1,92.57692814,1,26.5015391,0.028361162,2.686222087,0.029016107,500.7130614,0.535848282,49.61571258,0.535940364,916.4482234,0.980755734,84.09398318,0.908368693,491.0738686,0.525532703,45.08011241,0.486947594,585.4273028,0.626506953,58.0650635,0.627208794,877.665032,0.939251112,85.86393025,0.927487355
165,967.3924739,1,94.58910774,1,27.56774858,0.028496964,2.743351023,0.029002822,518.4220698,0.535896323,50.69390045,0.535938034,948.6557477,0.980631722,85.97992075,0.908983315,508.3778981,0.525513596,46.09061359,0.487271893,606.2431524,0.626677557,59.33689621,0.627312146,908.4624618,0.939083657,87.61305892,0.92624892
166,997.8008081,1,96.67138954,1,28.55347319,0.028616406,2.802729646,0.028992338,534.7599441,0.535938576,51.80976767,0.535936929,978.3944159,0.980550835,87.92383851,0.909512514,524.3562096,0.525511911,47.13227156,0.487551403,625.4628774,0.626841422,60.65252866,0.627409298,936.8516974,0.938916555,89.42318502,0.925022237
167,1027.170211,1,98.80900756,1,29.50435667,0.028723922,2.863920283,0.028984405,550.5392058,0.535976608,52.95539328,0.535936901,1007.142668,0.980502216,89.91783535,0.910016582,539.8019524,0.525523372,48.20084662,0.487818346,644.0377333,0.627001958,62.00270653,0.627500549,964.2517953,0.938745872,91.28068652,0.923809365
168,1056.262514,1,101.01101,1,30.44344387,0.028821854,2.927198609,0.028979005,566.1685906,0.53601125,54.13563072,0.535937921,1035.643927,0.980479675,91.97451148,0.91053947,555.1139856,0.525545476,49.30309823,0.48809628,662.446182,0.627160552,63.39314747,0.627586513,991.3760931,0.938569797,93.19423611,0.922614635
169,1083.735562,1,103.2815161,1,31.33062942,0.028909847,2.992691205,0.028976058,580.9281838,0.536042374,55.35268925,0.535939937,1062.580354,0.980479363,94.09996745,0.911101725,569.58544,0.525576035,50.44229965,0.488396197,679.8430122,0.627314481,64.82647325,0.627667715,1016.96811,0.93839138,95.16771413,0.921439942
170,1108.360791,1,105.6049711,1,32.12920805,0.028988041,3.059933172,0.028975276,594.1590031,0.536070031,56.59822406,0.535942802,1086.744825,0.980497356,96.28006146,0.911700088,582.5688327,0.525612993,51.61086562,0.488716252,695.4539064,0.627461664,66.2929268,0.627744377,1039.878738,0.938213212,97.18658086,0.920284148
171,1132.408513,1,107.964429,1,32.90746745,0.029059714,3.128416918,0.028976367,607.0789705,0.536095379,57.86314389,0.535946371,1110.361528,0.980530891,98.49893773,0.912327687,595.2573434,0.525656013,52.80029131,0.489052661,710.7068957,0.627606458,67.7818687,0.627816674,1062.232734,0.938029626,99.23515297,0.919146741
172,1155.829787,1,110.375477,1,33.66408623,0.02912547,3.198610329,0.028979357,619.6618842,0.536118632,59.15580916,0.535950655,1133.381076,0.980577839,100.7724998,0.912997185,607.624531,0.525704163,54.01910846,0.489412231,725.5704939,0.627748568,69.30313562,0.627885265,1083.984429,0.937840883,101.3280661,0.918030607
173,1175.691829,1,112.8345816,1,34.31119095,0.02918383,3.270406714,0.028984082,630.3345548,0.536139266,60.47432305,0.535955575,1152.923897,0.980634438,103.0973993,0.913703918,618.1257516,0.52575491,55.26552135,0.489792407,738.1968173,0.627882919,70.85453001,0.627950483,1102.392356,0.937654178,103.4618641,0.916933999
174,1193.799039,1,115.3093254,1,34.90306386,0.029236968,3.342831885,0.028990126,640.0649654,0.536158051,61.80129446,0.53596094,1170.758511,0.980699827,105.441794,0.914425556,627.7097413,0.52580855,56.52244901,0.490181074,749.7212111,0.628012912,72.41566045,0.628012177,1119.144454,0.937464697,105.6062562,0.915851826
175,1212.906727,1,117.8091447,1,35.52251694,0.029287097,3.416167042,0.028997469,650.3311957,0.536175768,63.14178358,0.535966743,1189.588498,0.98077492,107.8151651,0.915168049,637.8268303,0.525866348,57.79497741,0.490581419,761.8788619,0.628142993,73.99249055,0.628070858,1136.815633,0.937265503,107.7700775,0.914785332
176,1228.662379,1,120.356142,1,36.03904913,0.029331938,3.491072905,0.029006188,658.7984607,0.536191611,64.50764515,0.535973022,1205.138496,0.980854071,110.239143,0.915941149,646.183621,0.525924478,59.09470976,0.490998704,771.9266043,0.628265842,75.59896845,0.628127216,1151.340438,0.937068195,109.9735605,0.913734511
177,1242.297107,1,122.9065486,1,36.48971759,0.029372778,3.566232813,0.029015808,666.1272056,0.536206035,65.87539809,0.535979562,1218.61521,0.980937011,112.6701813,0.916714224,653.4274676,0.525983248,60.39828598,0.491416338,780.6392505,0.628383698,77.20753727,0.628180827,1163.869868,0.936869177,112.1754756,0.912689168
178,1257.58024,1,125.4644635,1,36.98774524,0.029411837,3.641766065,0.029026275,674.3394544,0.536219824,67.24723902,0.535986343,1233.72032,0.981027119,115.1122054,0.917488524,661.5441053,0.526045245,61.70781142,0.491834976,790.3920837,0.628502308,78.82079717,0.628232051,1177.922926,0.936658265,114.3793823,0.911647642
179,1269.88761,1,128.0615095,1,37.39445959,0.029447062,3.718617394,0.029037744,680.9546908,0.53623225,68.64012887,0.535993439,1245.908408,0.981117068,117.5959543,0.918277121,668.0952647,0.526105822,63.03977475,0.492261687,798.2695765,0.628614352,80.4586999,0.628281676,1189.184327,0.936448484,116.614015,0.910609405
180,1280.118738,1,130.6525141,1,37.73694852,0.029479256,3.795426339,0.029049777,686.4554785,0.536243598,70.02983281,0.536000653,1256.061074,0.981206693,120.076129,0.91904951,673.5538962,0.526165172,64.36987549,0.492679961,804.8380293,0.628721387,82.09278717,0.628329181,1198.4944,0.936236901,118.8364637,0.909561248
181,1291.804468,1,133.2391785,1,38.12126041,0.029510086,3.872238576,0.029062312,692.7359027,0.536254456,71.41726055,0.536007962,1267.647955,0.981300178,122.5539909,0.919804461,679.781255,0.526226121,65.69878925,0.49308912,812.3233944,0.628828445,83.72414517,0.628374822,1209.146183,0.936013315,121.0476522,0.908498938
182,1301.079053,1,135.851115,1,38.4314663,0.029538149,3.949936814,0.029075483,697.7222825,0.536264327,72.81829361,0.536015428,1276.823756,0.981357553,124.3231666,0.915142776,684.7146385,0.526266745,66.64827566,0.490597929,818.2874149,0.62892982,85.37146092,0.628419287,1217.535537,0.935789054,123.2740487,0.90742022
183,1307.895741,1,138.4506984,1,38.66624039,0.029563702,4.027385399,0.02908895,701.389564,0.536273299,74.21274507,0.536022902,1283.604104,0.981426932,126.9114233,0.916654266,688.3624519,0.52631294,68.03647294,0.491412999,822.6999542,0.629025639,87.01101998,0.628462124,1223.619815,0.935563728,125.4794331,0.906311305
184,1316.572897,1,141.0315859,1,38.95524959,0.029588373,4.104386906,0.029102608,706.0542797,0.536281949,75.59720866,0.536030338,1292.226048,0.981507405,129.4518333,0.917892489,692.997608,0.526364784,69.39905776,0.492081666,828.2845213,0.629121656,88.63883086,0.628503397,1231.422295,0.935324051,127.6568929,0.905165266
185,1322.697973,1,143.6309811,1,39.1661412,0.029610797,4.18205019,0.02911663,709.3494207,0.536289792,76.99163739,0.536037816,1298.341548,0.9815858,131.9923133,0.918968264,696.287706,0.526414737,70.76173249,0.492663435,832.2572901,0.629211889,90.27836954,0.628543848,1236.832848,0.935083347,129.839594,0.903980416
186,1327.404228,1,146.2069844,1,39.33298843,0.029631508,4.259109702,0.029130686,711.8829241,0.536297014,78.37355071,0.53604519,1303.060301,0.981660502,134.4967828,0.919906688,698.828045,0.526462121,72.10514014,0.493171653,835.3327468,0.629297941,91.90321258,0.628582916,1240.907036,0.934837339,131.9870961,0.902741388
187,1333.288601,1,148.7652712,1,39.533786,0.029651334,4.33572714,0.029144753,715.0478905,0.53630391,79.74598835,0.536052452,1308.935635,0.981734663,136.9736382,0.920736655,701.9883331,0.526508914,73.43378201,0.493621807,839.1491118,0.629382949,93.51694437,0.628620804,1246.061521,0.934577495,134.1033275,0.901442429
188,1337.313813,1,151.3282843,1,39.67744204,0.029669507,4.412566997,0.029158905,717.2150447,0.536310205,81.12098469,0.536059634,1312.973766,0.981799301,139.4463094,0.921482127,704.1626291,0.526550031,74.76022376,0.494026772,841.7897458,0.629463136,95.13372863,0.628657948,1249.469563,0.934312912,136.2074807,0.900079462
189,1340.637533,1,153.8671773,1,39.79875256,0.029686438,4.488754234,0.029172916,719.0054163,0.536316043,82.48306064,0.536066639,1316.312367,0.981855524,141.8865623,0.922136643,705.9612361,0.526586209,76.06931656,0.494382999,843.9848689,0.629539938,96.7353662,0.628693968,1252.207766,0.934039019,138.2711249,0.898639511
190,1344.383698,1,156.3896887,1,39.9314987,0.029702457,4.564511506,0.02918678,721.021938,0.536321542,83.83636249,0.536073466,1320.057092,0.981905013,144.3018912,0.922707196,707.97728,0.526618465,77.36507739,0.494694235,846.4435635,0.629614569,98.3267399,0.628729047,1255.320468,0.933751629,140.2998912,0.897117274
191,1346.391687,1,158.9054576,1,40.01088976,0.029717125,4.640118378,0.029200497,722.1056003,0.536326544,85.18605603,0.536080115,1322.077092,0.98194092,146.7012063,0.923198036,709.0677213,0.526642973,78.65228275,0.494962753,847.8021654,0.62968464,99.91393125,0.628763371,1256.798531,0.933456841,142.3010433,0.895507589
192,1347.915197,1,161.3935814,1,40.07459726,0.0297308,4.714937859,0.029213912,722.9289434,0.536331177,86.52092355,0.536086521,1323.606658,0.981965824,149.0630875,0.92359985,709.8946897,0.52666124,79.91943868,0.495183501,848.851714,0.629751572,101.4837465,0.62879667,1257.806571,0.933149633,144.2536421,0.893800366
193,1349.247425,1,163.8634749,1,40.13146671,0.029743593,4.789242922,0.029227031,723.6492647,0.536335479,87.84601087,0.536092689,1324.934022,0.981980026,151.3962303,0.923916879,710.6128161,0.526673465,81.171206,0.495358749,849.7771542,0.629815657,103.0421232,0.628829111,1258.61619,0.932828306,146.1649655,0.891992347
194,1348.784652,1,166.3173425,1,40.13341601,0.029755244,4.863090415,0.029239828,723.4062954,0.536339359,89.16249612,0.53609861,1324.476935,0.981978059,153.7020619,0.924149338,710.3733458,0.526676623,82.40834651,0.495488596,849.566222,0.629875363,104.5904478,0.628860744,1257.737456,0.932496862,148.0356101,0.890079217
195,1349.425894,1,168.7391258,1,40.1674896,0.029766355,4.935989506,0.029252193,723.7551765,0.536343033,90.46176103,0.536104242,1325.02592,0.981918256,152.4839777,0.903666989,710.6732603,0.526648602,81.75611589,0.484511909,850.0485941,0.629933513,106.1185792,0.628891366,1257.861169,0.932145421,149.8494608,0.888054031
196,1348.159006,1,171.1549046,1,40.14333716,0.029776411,5.008714451,0.029264218,723.0801164,0.536346316,91.75779217,0.536109627,1323.704567,0.981860864,154.9324721,0.905217834,709.9695261,0.526621506,83.06969231,0.48534801,849.3230702,0.629987313,107.6429718,0.628921339,1256.190792,0.931782369,151.6293819,0.885919
197,1345.872837,1,173.5371188,1,40.08767695,0.029785635,5.08043037,0.029275756,721.8579405,0.53634929,93.03580223,0.536114711,1321.380142,0.981801627,157.2996323,0.906432199,708.7273861,0.526593127,84.33966789,0.48600362,847.9506453,0.630037714,109.1462233,0.628950302,1253.550888,0.931403661,153.3488083,0.88366575
198,1344.315395,1,175.8917764,1,40.05301024,0.029794355,5.151310479,0.029286818,721.0263535,0.536352076,94.29901167,0.536119503,1319.773028,0.981743594,159.6051341,0.907405322,707.8697214,0.526565212,85.57658969,0.486529794,847.0346599,0.63008626,110.6321188,0.628978347,1251.562338,0.9310035,155.012473,0.881294602
199,1339.711907,1,178.235077,1,39.92609909,0.029802004,5.221834606,0.029297458,718.5604667,0.536354468,95.55610858,0.536124034,1315.153551,0.981668928,161.8732352,0.908200776,705.3958298,0.526527999,86.79346269,0.486960615,844.1925115,0.630129886,112.1108761,0.629005682,1246.724234,0.930591292,156.6345314,0.878808672
200,1335.066161,1,180.5313284,1,39.79713007,0.029809107,5.290926115,0.029307523,716.071627,0.53635666,96.78794518,0.53612825,1310.48584,0.981588687,164.0739246,0.90883907,702.8957777,0.526487599,87.97418114,0.487307006,841.3202373,0.630171194,113.5599591,0.62903187,1241.821591,0.930157342,158.1815229,0.87619985
201,1331.272043,1,182.8056497,1,39.6929708,0.029815822,5.359334154,0.029317114,714.0393612,0.536358714,98.00799538,0.536132201,1306.65257,0.981506805,166.235694,0.90935753,700.8430722,0.526446173,89.1340231,0.487588995,838.9821293,0.630210883,114.9952156,0.62905723,1237.682297,0.929699008,159.6763326,0.873475917
202,1323.970658,1,185.0675158,1,39.48285241,0.029821546,5.427339228,0.029326266,710.1254398,0.536360406,99.22134172,0.536135914,1299.346322,0.981401147,168.3703868,0.909778175,696.9270926,0.526391645,90.27933672,0.487818385,834.4268988,0.630245764,116.4226196,0.629081874,1230.267138,0.929225381,161.127328,0.870640789
203,1316.613262,1,187.275674,1,39.27038738,0.02982682,5.49370031,0.029334831,706.1812435,0.53636194,100.4058552,0.536139334,1291.977193,0.981288302,170.4389659,0.910096663,692.9771349,0.526333096,91.38917725,0.487992782,829.8330935,0.630278547,117.8161253,0.629105333,1222.773737,0.928726584,162.4964354,0.867685759
204,1309.899451,1,189.4588753,1,39.07660925,0.029831762,5.559277965,0.029342927,702.5820748,0.536363363,101.5769594,0.536142523,1285.237006,0.981172261,172.471413,0.910336941,689.3643298,0.526272707,92.47962451,0.488125058,825.642399,0.630309753,119.1938744,0.629127953,1215.849538,0.928200662,163.8103811,0.864622366
205,1299.471955,1,191.6245836,1,38.770795,0.029835807,5.624294655,0.02935059,696.9905733,0.53636446,102.7386594,0.536145506,1274.817397,0.981027249,174.4761603,0.910510317,683.7775485,0.526196465,93.55519925,0.488221279,819.1046004,0.630336497,120.5605723,0.62914982,1205.459998,0.927653724,165.07619,0.861456223
206,1288.808895,1,193.7311061,1,38.45735694,0.029839456,5.687498336,0.029357693,691.2725275,0.536365422,103.8685911,0.536148238,1264.156821,0.980872203,176.4127453,0.910606195,678.0613001,0.526114696,94.59419414,0.488275714,812.4152149,0.630361272,121.889897,0.6291705,1194.825087,0.927077002,166.2559204,0.85817876
207,1278.82415,1,195.8069729,1,38.16375118,0.029842845,5.749744917,0.029364352,685.9181818,0.536366303,104.9820605,0.536150776,1254.158526,0.980712263,178.3103551,0.910643541,672.7001304,0.526030206,95.6122647,0.488298569,806.1511871,0.630384707,123.1998519,0.62919032,1184.78966,0.926468006,167.3765487,0.854803821
208,1264.750885,1,197.8613191,1,37.74696083,0.029845372,5.811308789,0.029370616,678.3704709,0.536366868,106.0839696,0.536153151,1240.106405,0.98051436,180.1786622,0.910631057,665.1641841,0.525925059,96.61459875,0.488294525,797.303862,0.630403878,124.4961986,0.629209383,1170.943241,0.925829153,168.4470758,0.851339092
209,1250.684609,1,199.8482673,1,37.32991119,0.029847582,5.870813945,0.029376356,670.8263594,0.536367326,107.14971,0.536155311,1226.049565,0.980302752,181.9728739,0.910555174,657.6255438,0.525812454,97.57716761,0.48825626,788.4584008,0.630421447,125.7499758,0.629227251,1157.073338,0.925151976,169.4261752,0.847774051
210,1238.077645,1,201.8016556,1,36.95619893,0.029849662,5.929276888,0.029381706,664.0649186,0.536367748,108.1974349,0.53615732,1213.421866,0.980085434,183.7272572,0.910434836,650.8533899,0.525696746,98.5183532,0.488193979,780.5315704,0.630438303,126.9825383,0.629244284,1144.520067,0.92443319,170.3460401,0.844126078
211,1220.709225,1,203.7362648,1,36.43918422,0.029850831,5.987142477,0.029386729,654.7491516,0.536367825,109.2350747,0.536159209,1196.068129,0.979814115,185.4568961,0.910279259,641.5459021,0.525551777,99.44624727,0.488112646,769.5971315,0.63045082,128.2032121,0.629260639,1127.533487,0.923670817,171.221085,0.840405537
212,1203.752979,1,205.5929917,1,35.93411179,0.029851732,6.042638886,0.029391269,645.6543409,0.536367803,110.2309261,0.536160913,1179.100768,0.97952054,187.103689,0.910068419,632.4455529,0.525394798,100.3296829,0.488001474,758.9206118,0.630462084,129.3746906,0.629275782,1110.89081,0.922856126,171.9981268,0.836595282
213,1188.305197,1,207.4150937,1,35.47386513,0.029852487,6.097065756,0.029395478,637.3685527,0.536367723,111.2081948,0.536162498,1163.597022,0.979207215,188.7111546,0.909823635,624.130218,0.525227206,101.1920056,0.487871947,749.19399,0.630472703,130.5242739,0.629290143,1095.598289,0.921983925,172.7181817,0.832717516
214,1167.553292,1,209.2143967,1,34.85409571,0.029852253,6.150779542,0.029399409,626.2373505,0.536367252,112.1732254,0.536163989,1142.823641,0.978819253,190.2912933,0.909551619,612.9879796,0.525019272,102.0396538,0.487727687,736.117706,0.630478892,131.6594237,0.629303842,1075.372081,0.921047535,173.3930983,0.828781867
215,1147.15719,1,210.9258562,1,34.24457343,0.029851684,6.201830949,0.029402896,615.2968398,0.536366633,113.0911273,0.536165311,1122.364505,0.978387718,191.7800689,0.909229776,602.0142152,0.524787902,102.8382773,0.487556524,723.2640071,0.630483785,132.7390865,0.629316334,1055.425492,0.920035634,173.9645652,0.824766429
216,1128.2742,1,212.5964504,1,33.67997027,0.029850873,6.25163084,0.029406092,605.1677947,0.536365889,113.9871012,0.536166531,1103.350299,0.977909713,193.2244498,0.908879003,591.8154667,0.524531596,103.6130726,0.48736972,711.3632914,0.630487954,133.7929102,0.629328053,1036.814135,0.918938087,174.4771013,0.820696211
217,1104.71418,1,214.2383384,1,32.97473234,0.029849108,6.300545184,0.029409046,592.529747,0.536364752,114.8676698,0.536167666,1079.685293,0.977343564,194.6365734,0.908504869,579.1218022,0.524227726,104.3705515,0.487170281,696.5091692,0.630488123,134.8285668,0.629339117,1013.853448,0.917751819,174.9429486,0.816580963
218,1081.462254,1,215.7925368,1,32.27827759,0.029846883,6.346807459,0.029411617,580.0567577,0.536363387,115.701194,0.536168654,1056.268369,0.97670387,195.9584468,0.908087229,566.5611386,0.523884339,105.0796059,0.486947359,681.8477103,0.630486832,135.808832,0.629349068,991.1137606,0.9164571,175.3096335,0.812398965
219,1060.269165,1,217.3003024,1,31.64298977,0.029844299,6.391655617,0.029413929,568.6878807,0.536361803,116.5098043,0.536169545,1034.8008,0.97597934,197.2310544,0.907642797,555.0460919,0.523495458,105.762222,0.486709963,668.4836504,0.630484854,136.7597413,0.629358265,970.1816089,0.915033315,175.6162494,0.808173056
220,1033.760572,1,218.7795479,1,30.84815158,0.029840712,6.435626845,0.029416035,554.4676309,0.536359817,117.303109,0.53617036,1007.987515,0.97506864,195.8819293,0.895339309,540.6633861,0.523006391,105.0385878,0.48011155,651.7639731,0.630478653,137.6925966,0.629366858,944.3490616,0.913508492,175.880098,0.803914715
221,1008.328779,1,220.1603933,1,30.08508276,0.02983658,6.476630604,0.029417783,540.8247308,0.536357528,118.0436251,0.536171031,982.0821741,0.973970192,195.6807109,0.888809781,526.7676656,0.522416574,104.930705,0.476610272,635.7221819,0.630471127,138.5633042,0.629374349,919.4256479,0.911831208,176.0393759,0.799596028
222,984.9128461,1,221.4969257,1,29.38177536,0.029831853,6.516286502,0.029419309,528.2628046,0.536354873,118.7603641,0.536171614,958.0709901,0.972746973,196.9624407,0.889233293,513.8879451,0.521759816,105.6181479,0.476837986,620.9506512,0.630462537,139.405992,0.62938116,896.2415855,0.90997045,176.1443911,0.795245309
223,955.3689932,1,222.8003012,1,28.495181,0.029826362,6.554927908,0.029420642,512.4140715,0.536352001,119.4593089,0.536172116,928.1392503,0.971498193,198.1681729,0.889443021,497.8322247,0.521088949,106.2648289,0.476951011,602.3121929,0.630449802,140.227697,0.629387376,867.5215038,0.908048628,176.2060846,0.790870046
224,927.5154057,1,223.9928584,1,27.65871435,0.029820221,6.59023754,0.029421641,497.471728,0.53634875,120.0988069,0.536172482,899.7036492,0.970014777,197.518888,0.881808864,482.5790094,0.520292177,105.9165344,0.472856747,584.7388704,0.63043575,140.9794291,0.629392518,840.2616254,0.905927406,176.1568857,0.786439742
225,901.9614597,1,225.1413906,1,26.89042961,0.02981328,6.624210004,0.029422444,483.7625221,0.536345003,120.7146817,0.536172764,873.311626,0.968236078,195.3160834,0.867526326,468.4219441,0.519336984,104.7348706,0.465195983,568.6148889,0.630420383,141.7033245,0.629397039,814.9784714,0.903562411,176.0576668,0.781987116
226,869.7181818,1,226.2548258,1,25.92322599,0.029806467,6.657110756,0.029423066,466.4660638,0.536341626,121.3117207,0.536172965,840.6804795,0.966612515,196.3781428,0.867951179,450.9180769,0.518464586,105.3044622,0.46542416,548.2720544,0.630401969,142.4050133,0.629400999,783.8695982,0.901291493,175.9171136,0.77751762
227,839.5148011,1,227.2475725,1,25.01670323,0.029799002,6.686397013,0.029423403,450.2635787,0.536337868,121.8440249,0.536173054,809.9906057,0.964831835,197.2224148,0.867874682,434.4554938,0.517507843,105.7572428,0.465383377,529.2152478,0.630382272,143.0305247,0.629403972,754.5510427,0.89879421,175.6627661,0.773001727
228,811.2738765,1,228.194489,1,24.16848451,0.029790784,6.714295709,0.029423566,435.1134937,0.536333668,122.3517387,0.536173066,781.1582144,0.962878551,198.0656314,0.867968513,418.9892375,0.516458436,106.2094448,0.465433873,511.3955286,0.630361144,143.6270678,0.629406382,726.9386731,0.896045952,175.3610472,0.768471876
229,776.0598981,1,229.0982628,1,23.11468168,0.029784662,6.740886684,0.029423561,416.2250337,0.536331068,122.8363031,0.536173001,746.1517579,0.961461557,198.8619466,0.868020316,400.2112801,0.51569638,106.636484,0.465461775,489.1813978,0.630339744,144.1963378,0.629408255,693.6081463,0.893755943,175.0152155,0.763930784
230,742.7343791,1,229.8732102,1,22.11743118,0.029778386,6.763640694,0.029423353,398.3495473,0.536328408,123.2517791,0.536172871,713.017438,0.959989813,199.5339236,0.868017301,382.4375714,0.5149049,106.9968247,0.465460175,468.1585781,0.630317636,144.6843365,0.629409301,662.0116677,0.891316851,174.5560114,0.759357784
231,711.2012699,1,230.594958,1,21.17385865,0.029771964,6.784796744,0.029423006,381.4355136,0.536325693,123.6387173,0.536172683,681.6611005,0.958464403,200.1503172,0.867973519,365.6176065,0.514084581,107.327347,0.465436659,448.2664929,0.630294843,145.1387382,0.629409851,632.0622282,0.888724831,174.0483714,0.754779605
232,681.3692418,1,231.2656847,1,20.2812307,0.029765404,6.804420846,0.029422527,365.4339441,0.536322924,123.9982863,0.536172439,651.9931924,0.95688674,200.7132,0.867890108,349.7033481,0.513236182,107.6291629,0.465391841,429.4475424,0.630271395,145.5609201,0.629409937,603.6771463,0.885976515,173.4953623,0.750199332
233,653.1514574,1,231.8877565,1,19.43694806,0.029758715,6.822584562,0.029421927,350.2982591,0.536320106,124.3317559,0.536172145,623.928539,0.955258588,201.2249394,0.86776871,334.6491076,0.512360654,107.9035426,0.465326606,411.6469583,0.630247324,145.9523777,0.62940959,576.7778326,0.883069043,172.8997533,0.745618293
234,626.465351,1,232.4636929,1,18.6385391,0.029751907,6.839363981,0.029421214,335.9841702,0.536317244,124.6404776,0.536171804,597.3861264,0.95358207,201.6880961,0.867611168,320.4114281,0.511459137,108.15186,0.465241942,394.8126655,0.630222669,146.3147031,0.629408839,551.2895847,0.880000121,172.2643865,0.741037813
235,601.2324184,1,232.9961339,1,17.88365356,0.029744992,6.854838749,0.029420397,322.4495677,0.53631434,124.9258679,0.53617142,572.2888958,0.951859677,202.1054133,0.8674196,306.9489741,0.510532973,108.3755867,0.465138991,378.8951499,0.630197471,146.6495645,0.629407716,527.1413932,0.87676808,171.5921644,0.736459277
236,577.3780168,1,233.4878094,1,17.1700566,0.029737981,6.869091162,0.029419485,309.6544131,0.536311401,125.1893912,0.536170996,548.5635443,0.950094268,202.479764,0.867196298,294.2224249,0.509583698,108.5762641,0.465018985,363.8473315,0.630171778,146.9586866,0.62940625,504.2657568,0.873371937,170.886036,0.731884189
237,554.8311723,1,233.941511,1,16.49562307,0.029730887,6.882205326,0.029418487,297.5606357,0.536308432,125.4325454,0.536170536,526.1403353,0.948289068,202.814113,0.866943674,282.1943727,0.508613046,108.7554825,0.464883218,349.624444,0.63014564,147.243833,0.629404471,482.5985059,0.869811449,170.1489832,0.727314201
238,533.5243966,1,234.3600665,1,15.85833207,0.029723724,6.894266395,0.029417411,286.1320348,0.536305437,125.6568473,0.536170045,504.9082936,0.946364022,202.5017685,0.864062601,270.8052883,0.507578079,108.5878115,0.463337518,336.1839187,0.630119111,147.5067899,0.629402407,462.0786353,0.866087171,169.3840083,0.722751153
239,513.3935121,1,234.7463165,1,15.25626168,0.029716507,6.905359889,0.029416265,275.3341852,0.536302424,125.8638209,0.536169525,484.8538459,0.944409764,202.7938652,0.863885186,260.0478909,0.506527419,108.7443617,0.463242037,323.4852739,0.630092251,147.7493517,0.629400086,442.6481447,0.862200504,168.5941211,0.718197089
240,494.3774839,1,235.1030943,1,14.68758402,0.02970925,6.915571084,0.029415058,265.1343474,0.536299399,126.0549863,0.53616898,465.9158935,0.942429437,203.0437729,0.863637178,249.889406,0.505462757,108.8782808,0.463108668,311.4900099,0.630065122,147.9733081,0.629397535,424.2518868,0.85815374,167.7823278,0.713654273
241,476.4182599,1,235.4332077,1,14.15056044,0.029701969,6.924984475,0.029413797,255.5013823,0.536296368,126.2318497,0.536168414,448.0365745,0.940426957,203.2586158,0.863338769,240.2987953,0.504386199,108.9933901,0.462948244,300.1615076,0.63003779,148.1804324,0.629394782,406.8374228,0.853950105,166.9516193,0.709125195
242,459.4606187,1,235.7394233,1,13.643537,0.029694682,6.933683303,0.029412489,246.4056688,0.536293338,126.3958952,0.536167831,431.1609787,0.938406821,203.4439701,0.863003596,231.2466042,0.503300163,109.0926809,0.462768083,289.4649325,0.630010323,148.3724719,0.629391851,390.3548851,0.849593783,166.104961,0.70461257
243,443.4520239,1,236.0244523,1,13.1649401,0.029687406,6.941749137,0.029411144,237.8190261,0.536290316,126.5485774,0.536167233,415.2369216,0.936373946,203.6044124,0.862641182,222.7048395,0.502207291,109.1786081,0.462573293,279.3671436,0.629982791,148.551139,0.629388767,374.7568465,0.845089945,165.2452823,0.700119334
244,428.3424859,1,236.2909387,1,12.71327235,0.029680157,6.949261519,0.029409767,229.7146396,0.53628731,126.6913147,0.536166623,400.2147553,0.93433355,203.7438489,0.862258409,214.6468693,0.501110388,109.2532671,0.46236757,269.8366055,0.629955268,148.7181033,0.629385554,359.9981957,0.840444755,164.3754674,0.695648628
245,414.0844305,1,236.5414483,1,12.28710868,0.029672955,6.956297638,0.029408367,222.0669903,0.536284327,126.8254835,0.536166006,386.0472075,0.932291048,203.8657142,0.861860429,207.0473356,0.500012365,109.3185004,0.462153678,260.8433057,0.629927828,148.8749853,0.629382235,346.0360195,0.835665372,163.498346,0.691203792
246,400.6325738,1,236.7784599,1,11.88509255,0.029665817,6.96293206,0.029406949,214.8517875,0.536281375,126.9524137,0.536165383,372.689241,0.93025197,203.9731025,0.86145126,199.8820795,0.498916195,109.375968,0.461933776,252.3586764,0.629900545,149.0233503,0.629378831,332.82949,0.830759933,162.6166851,0.686788339
247,387.943804,1,237.0043568,1,11.50593247,0.029658761,6.969236478,0.029405521,208.0459059,0.53627846,127.0733837,0.536164758,360.0979288,0.928221884,204.0688454,0.861034152,193.128074,0.49782487,109.4271887,0.461709608,244.3555192,0.629873494,149.1647034,0.629375364,320.339758,0.825737529,161.7331808,0.68240594
248,375.9770693,1,237.2214201,1,11.1483986,0.029651805,6.975279507,0.029404088,201.627325,0.536275591,127.1896173,0.536164134,348.2323418,0.926206331,204.1555555,0.860611809,186.7633638,0.496741368,109.4735643,0.461482628,236.8079348,0.629846749,149.3004849,0.629371854,308.5298518,0.820608162,160.8504511,0.6780604
249,364.6932719,1,237.4318221,1,10.8113196,0.029644966,6.981126491,0.029402657,195.5750726,0.536272774,127.3022798,0.536163513,337.0534455,0.924210759,204.235653,0.860186521,180.7670099,0.495668618,109.5163929,0.461254064,229.6912563,0.629820383,149.4320667,0.629368319,297.364581,0.81538269,159.9710286,0.673755637
250,354.0551679,1,237.6376212,1,10.49357966,0.029638262,6.986839347,0.029401234,189.8691708,0.536270017,127.4124755,0.536162897,326.524007,0.922240477,204.3113915,0.859760296,175.1190398,0.494609472,109.5568837,0.461024998,222.9819859,0.629794468,149.5607485,0.629364777,286.8104452,0.810072755,159.0973546,0.669495654
251,344.0272733,1,237.8407573,1,10.19411563,0.029631708,6.992476425,0.029399824,184.4905856,0.536267325,127.521245,0.53616229,316.6085085,0.920300607,204.3848773,0.859334958,169.8004008,0.493566685,109.5961665,0.460796407,216.6577357,0.629769069,149.6877552,0.629361245,276.8355478,0.804690701,158.2317729,0.665284515
252,334.5757749,1,238.0430478,1,9.911914404,0.02962532,6.998092389,0.029398432,179.4211796,0.536264706,127.6295633,0.536161692,307.2730667,0.91839604,204.4580643,0.858912143,164.7929171,0.492542884,109.6352896,0.460569172,210.6971715,0.629744253,149.8142344,0.629357739,267.409514,0.79924948,157.3765245,0.661126321
253,325.668447,1,238.2461846,1,9.646010418,0.029619113,7.003738121,0.029397063,174.6436664,0.536262165,127.738338,0.536161107,298.4853568,0.916531397,204.5327558,0.858493311,160.0792489,0.491540554,109.6752203,0.460344078,205.0799605,0.62972008,149.9412542,0.629354273,258.5034137,0.79376254,156.5337428,0.657025182
254,317.2745728,1,238.4517311,1,9.39548328,0.029613099,7.009460645,0.029395721,170.1415695,0.536259707,127.8484078,0.536160535,290.2145401,0.914710995,204.6105926,0.858079711,155.6428537,0.490562015,109.7168388,0.460121796,199.7867214,0.629696605,150.069802,0.62935086,250.089688,0.788243715,155.7054493,0.652985191
255,309.3648709,1,238.6611208,1,9.159455584,0.02960729,7.015303068,0.029394411,165.899182,0.536257338,127.9605417,0.53615998,282.431198,0.912938813,204.6930811,0.857672504,151.4679504,0.489609405,109.7609534,0.45990295,194.7989784,0.629673879,150.2007828,0.629347513,242.1420804,0.782707098,154.8935491,0.649010398
256,301.9114263,1,238.8756559,1,8.93709084,0.029601698,7.021304544,0.029393136,161.9015301,0.53625506,128.0754382,0.536159442,275.1072693,0.911218475,204.7815997,0.857272789,147.5394865,0.488684673,109.8083035,0.45968813,190.0991176,0.629651948,150.3350187,0.629344242,234.6355715,0.777166914,154.0998282,0.645104783
257,294.8876255,1,239.0965064,1,8.727591537,0.02959633,7.027500253,0.029391899,158.134338,0.536252879,128.1937251,0.536158922,268.2159906,0.909553225,204.8773859,0.856881554,143.8431053,0.487789561,109.8595531,0.459477868,185.6703461,0.62963085,150.4732485,0.629341059,227.5463179,0.771637391,153.3259502,0.641272231
258,288.2680962,1,239.3247105,1,8.530197331,0.029591195,7.033921401,0.029390703,154.5839959,0.536250795,128.3159591,0.536158422,261.7318392,0.907945911,204.9815419,0.856499696,140.3651158,0.486925601,109.9152933,0.459272647,181.496654,0.629610617,150.6161276,0.629337971,220.8515939,0.766132627,152.5734534,0.637516507
259,282.0286504,1,239.5611751,1,8.344183346,0.029586297,7.04059524,0.02938955,151.2375289,0.536248813,128.4426267,0.536157942,255.6304798,0.906398976,205.0950371,0.856128031,137.092464,0.486094104,109.9760442,0.459072903,177.5627781,0.629591277,150.7642286,0.629334985,214.5297379,0.76066647,151.8437491,0.633841227
260,276.1462314,1,239.8066766,1,8.168858592,0.029581641,7.047545103,0.029388444,148.0825693,0.536246932,128.5741446,0.536157485,249.887639,0.904910553,205.2040054,0.855705972,134.012129,0.485294072,110.0343678,0.458846139,173.8541695,0.629572849,150.9180418,0.62933211,208.5601008,0.755252388,151.1381195,0.63024984
261,270.5988643,1,240.0618634,1,8.003564476,0.029577229,7.054790454,0.029387385,145.1073295,0.536245154,128.7108603,0.536157049,244.4822004,0.903485685,205.3359399,0.855345939,131.1127834,0.48452821,110.1050121,0.45865266,170.3569613,0.629555345,151.0779763,0.629329349,202.9229986,0.749903364,150.4577164,0.626745599
262,265.3656096,1,240.3272575,1,7.847673426,0.029573061,7.062346964,0.029386375,142.3005774,0.536243478,128.853054,0.536156637,239.3931675,0.902125818,205.4801411,0.855001398,128.3831641,0.483797295,110.1822378,0.458467504,167.0579402,0.629538773,151.2443618,0.629326708,197.5996677,0.744631786,149.8035601,0.623331543
263,260.4265203,1,240.6032577,1,7.700587598,0.029569138,7.070226591,0.029385415,139.651613,0.536241904,129.0009396,0.536156247,234.600513,0.900831884,205.6367446,0.854671489,125.812528,0.483101828,110.2661175,0.45829021,163.9445186,0.629523132,151.4174502,0.629324189,192.572223,0.739449357,149.1765392,0.620010471
264,255.7626016,1,240.8901432,1,7.56173768,0.029565455,7.078437685,0.029384505,137.1502474,0.53624043,129.1546667,0.53615588,230.08515,0.899604354,205.8058957,0.85435582,123.3906363,0.48244206,110.3567292,0.458120568,161.0047103,0.629508417,151.5974174,0.629321795,187.8236187,0.734367017,148.5774097,0.616784928
265,251.3557738,1,241.1880767,1,7.430581786,0.02956201,7.086985102,0.029383646,134.7867824,0.536239054,129.3143227,0.536155537,225.8289016,0.898443263,205.987695,0.854054221,121.1077385,0.481818009,110.454127,0.457958488,158.2271061,0.629494615,151.7843664,0.629319527,183.3376127,0.729394873,148.0067958,0.613657183
266,247.1888383,1,241.4971097,1,7.306604425,0.029558796,7.095870343,0.029382838,132.5519925,0.536237774,129.479935,0.536155216,221.8144698,0.897348243,206.1821792,0.853766654,118.9545555,0.481229478,110.5583305,0.457803949,155.6008528,0.629481711,151.9783296,0.629317385,179.0987321,0.724542149,147.4651903,0.610629214
267,243.2454452,1,241.8171867,1,7.189315563,0.029555808,7.105091697,0.029382079,130.4371074,0.536236587,129.6514739,0.536154918,218.0252567,0.896317941,206.387192,0.853484382,116.9221838,0.480675737,110.6681832,0.457652265,153.115633,0.629469682,152.1792721,0.629315369,175.0922423,0.719817146,146.952956,0.607702695
268,239.5100653,1,242.148151,1,7.078249763,0.029553037,7.114644407,0.02938137,128.433797,0.536235489,129.8288553,0.536154642,214.445764,0.895351783,206.6063449,0.853222889,115.0023095,0.480156479,110.7856222,0.457511741,150.7616468,0.629458501,152.3870948,0.629313477,171.3041176,0.715227218,146.470327,0.604878982
269,235.967963,1,242.4897508,1,6.972965394,0.029550475,7.124520855,0.029380709,126.5341571,0.536234477,130.0119439,0.536154388,211.0611681,0.894448405,206.8379339,0.852975985,113.186981,0.479670967,110.9097337,0.457379058,148.5295954,0.62944814,152.6016389,0.629311707,167.7210144,0.710778753,146.0174117,0.602159107
270,232.605173,1,242.8416453,1,6.873043926,0.029548113,7.13471076,0.029380096,124.7306965,0.536233545,130.2005571,0.536154155,207.8574076,0.893606127,207.0815941,0.852743333,111.4686554,0.479218299,111.0403217,0.457254033,146.4106661,0.629438564,152.8226893,0.629310056,164.3302461,0.706477178,145.594195,0.599543768
271,229.4084782,1,243.2034125,1,6.778089283,0.029545941,7.1452014,0.029379528,123.0163255,0.536232691,130.3944683,0.536153942,204.8211637,0.892822991,207.3369013,0.852524639,109.840188,0.478797422,111.1771588,0.457136508,144.3965183,0.629429738,153.0499796,0.62930852,161.1197593,0.702326961,145.2005427,0.597033328
272,226.3653907,1,243.5745568,1,6.687727267,0.029543948,7.155977848,0.029379004,121.3843455,0.536231908,130.5934116,0.536153748,201.9398412,0.892096802,207.6033733,0.852319618,108.2948226,0.478407155,111.3199864,0.457026333,142.4792718,0.629421624,153.283197,0.629307096,158.0781127,0.698331632,144.8362059,0.594627812
273,223.464134,1,243.9545177,1,6.601605031,0.029542123,7.167023233,0.029378522,119.8284394,0.536231194,130.7970863,0.536153573,199.2015513,0.891425159,207.8804661,0.852127963,106.8261815,0.478046206,111.4685127,0.456923338,140.6514951,0.629414182,153.5219879,0.629305779,155.1944559,0.694493801,144.5008257,0.59232691
274,220.6936267,1,244.3426786,1,6.519390591,0.029540457,7.178319015,0.029378081,118.3426632,0.536230543,131.0051617,0.536153415,196.595096,0.890805498,208.1675825,0.851949335,105.428258,0.477713197,111.6224172,0.456827345,138.9061955,0.629407371,153.765963,0.629304565,152.4585105,0.690815194,144.19394,0.59012998
275,218.0434674,1,244.738377,1,6.440772377,0.029538938,7.189845278,0.029377678,116.9214375,0.53622995,131.2172822,0.536153275,194.1099477,0.890235099,208.4639794,0.851782961,104.0954047,0.477406665,111.7813015,0.456737937,137.2368096,0.629401152,154.0147044,0.629303448,149.8605514,0.687296681,143.9149899,0.588036056
276,215.50392,1,245.1409143,1,6.365458789,0.029537555,7.201581039,0.029377312,115.55954,0.536229411,131.4330733,0.536153149,191.7362535,0.88971121,208.7691511,0.851629161,102.8223363,0.477125132,111.9448941,0.456655285,135.637194,0.629395484,154.2677712,0.629302422,147.391389,0.68393832,143.6633275,0.586043859
277,213.0658991,1,245.5495665,1,6.293177752,0.029536297,7.213504562,0.029376979,114.2520973,0.536228921,131.6521463,0.536153039,189.4648036,0.889231005,209.0823029,0.85148716,101.6041124,0.476867077,112.1127689,0.456578973,134.1016155,0.629390325,154.5247066,0.629301484,145.042352,0.680739399,143.4382239,0.584151811
278,210.7209542,1,245.9635945,1,6.223676249,0.029535156,7.225593672,0.029376679,112.9945765,0.536228478,131.8741049,0.536152942,187.2870223,0.888791639,209.4026902,0.85135644,100.4361328,0.47663097,112.2845265,0.456508723,132.6247422,0.629385638,154.7850443,0.629300627,142.8052698,0.677698478,143.2388781,0.582358045
279,208.4612534,1,246.3822548,1,6.156719822,0.029534121,7.237826066,0.02937641,111.7827767,0.536228076,132.0985502,0.536152859,185.1949529,0.888390288,209.7295626,0.851236477,99.31412935,0.476415294,112.4597642,0.456444253,131.2016323,0.629381385,155.048315,0.629299846,140.6724562,0.674813443,143.0644262,0.580660431
280,206.279565,1,246.804809,1,6.092092014,0.029533182,7.250179614,0.029376168,110.612819,0.536227711,132.3250862,0.536152787,183.1812406,0.888024175,210.0621722,0.851126739,98.23415671,0.476218557,112.6380809,0.456385276,129.8277227,0.629377528,155.3140531,0.629299136,138.6366915,0.672081558,142.9139509,0.579056589
281,204.169237,1,247.2305331,1,6.029593754,0.029532332,7.262632625,0.029375953,109.4811352,0.536227381,132.5533244,0.536152727,181.2391134,0.887690604,210.3997794,0.851026678,97.19258225,0.476039308,112.81908,0.4563315,128.4988164,0.629374035,155.5818017,0.629298492,136.6912058,0.669499518,142.7864909,0.577543919
282,202.1241743,1,247.6587259,1,5.969042674,0.029531562,7.275164097,0.029375763,108.3844562,0.536227082,132.7828888,0.536152677,179.3623604,0.887386979,210.7416645,0.850935753,96.18607429,0.475876152,113.0023752,0.456282632,127.2110677,0.629370871,155.8511186,0.62929791,134.8296612,0.66706351,142.6810504,0.576119617
283,200.1388142,1,248.0887158,1,5.910272351,0.029530865,7.287753922,0.029375596,107.3197982,0.536226811,133.013419,0.536152636,177.5453077,0.88711082,211.0871334,0.850853425,95.21158918,0.475727757,113.1875943,0.456238382,125.9609668,0.629368008,156.1215799,0.629297384,133.0461341,0.664769273,142.5966084,0.574780711
284,198.2080985,1,248.5198659,1,5.853131487,0.029530234,7.300383048,0.029375451,106.284448,0.536226566,133.2445735,0.536152605,175.7799005,0.886845199,211.3847437,0.850574834,94.26480618,0.475585039,113.3471422,0.456088859,124.7453225,0.629365417,156.3927841,0.629296912,131.335097,0.662612163,142.5321274,0.57352408
285,196.3274449,1,248.9515789,1,5.797483033,0.029529662,7.313033603,0.029375325,105.2759479,0.536226343,133.4760319,0.536152583,174.0649545,0.886605307,211.7400872,0.850527192,93.34509,0.475456144,113.5376612,0.45606323,123.5612437,0.629363071,156.6643543,0.629296488,129.6914002,0.660587216,142.4865621,0.572346489
286,194.4927159,1,249.3832989,1,5.743203267,0.029529143,7.325688967,0.029375219,104.2920786,0.536226142,133.7074961,0.536152568,172.396071,0.886388317,212.0953375,0.850479316,92.45008108,0.475339555,113.7281317,0.456037482,122.40612,0.629360948,156.93594,0.62929611,128.1102534,0.65868921,142.4588666,0.571244615
287,192.7001873,1,249.8145133,1,5.690180839,0.029528673,7.338333811,0.02937513,103.3308426,0.536225958,133.938691,0.536152561,170.7693307,0.886191825,212.4506799,0.850433696,91.57767702,0.47523398,113.918653,0.456012949,121.277602,0.629359025,157.2072177,0.629295775,126.587207,0.656912734,142.4480019,0.570215077
288,190.9465163,1,250.2447517,1,5.638315804,0.029528247,7.350954087,0.029375058,102.3904469,0.536225792,134.1693644,0.53615256,169.1766584,0.885989761,212.7248093,0.850067016,90.72354607,0.475125432,114.0656111,0.455816197,120.1735805,0.629357282,157.477891,0.629295479,125.1181333,0.655252244,142.4529417,0.569254463
289,189.2287088,1,250.6735858,1,5.587518666,0.029527859,7.363536989,0.029375002,101.4692856,0.536225641,134.3992865,0.536152567,167.6201979,0.885807439,213.0820831,0.850038038,89.88883832,0.475027489,114.2571713,0.455800602,119.0921669,0.629355702,157.7476895,0.629295221,123.6992088,0.653702124,142.4726783,0.568359358
290,187.5440886,1,251.100626,1,5.537709431,0.029527507,7.376070892,0.02937496,100.5659232,0.536225503,134.6282484,0.53615258,166.0970706,0.885642794,213.4385681,0.850012091,89.07200956,0.474939041,114.44831,0.455786638,118.0316727,0.629354269,158.0163677,0.629294997,122.3268951,0.652256736,142.5062267,0.56752637
291,185.8902666,1,251.5255196,1,5.488816697,0.029527187,7.388545266,0.029374933,99.6790784,0.536225378,134.8560609,0.536152598,164.6047146,0.885493994,213.7940711,0.849989581,88.27168556,0.474859105,114.6389234,0.455774522,116.9905908,0.629352967,158.2837032,0.629294806,120.9979218,0.650910475,142.5526292,0.566752151
292,184.2651124,1,251.947947,1,5.440776793,0.029526896,7.400950573,0.029374919,98.80760841,0.536225263,135.0825526,0.536152623,163.14085,0.885359404,214.1483599,0.849970648,87.48664333,0.474786801,114.8288869,0.455764328,115.9675772,0.629351784,158.5494944,0.629294647,119.709269,0.649657808,142.6109577,0.566033418
293,182.6667266,1,252.3676181,1,5.393532963,0.029526631,7.413278167,0.029374918,97.95049454,0.536225159,135.307568,0.536152653,161.7032329,0.885236386,214.4953112,0.849931987,86.71567919,0.474720716,115.0149158,0.455743557,114.9614338,0.629350708,158.8135584,0.629294517,118.4581502,0.64849331,142.6803167,0.565366974
294,181.0934162,1,252.7842689,1,5.347034617,0.029526389,7.425520181,0.02937493,97.10682867,0.536225064,135.5309653,0.536152688,160.2902993,0.885124941,214.8464146,0.849920035,85.95795424,0.474660847,115.2031736,0.455737116,113.9710924,0.629349729,159.0757288,0.629294416,117.2419967,0.647411701,142.7598449,0.564749719
295,179.543671,1,253.1976577,1,5.301236637,0.029526168,7.437669423,0.029374954,96.27580089,0.536224977,135.7526151,0.536152729,158.9004378,0.885023888,215.1955914,0.849911462,85.21260405,0.47460656,115.3903993,0.455732491,112.9956005,0.629348837,159.3358533,0.629294342,116.0584416,0.646407868,142.8487166,0.564178665
296,178.0161434,1,253.6075617,1,5.256098756,0.029525967,7.449719274,0.029374989,95.45668828,0.536224898,135.9723979,0.536152775,157.5322125,0.884932173,215.5426272,0.849906153,84.47885838,0.474557289,115.576478,0.455729621,112.034108,0.629348024,159.5937914,0.629294294,114.9053055,0.645476884,142.9461419,0.563650945
297,176.5096285,1,254.0137743,1,5.211584985,0.029525783,7.461663597,0.029375035,94.6488447,0.536224825,136.1902027,0.536152825,156.1843426,0.884848854,215.8873212,0.849903993,83.75603019,0.474512529,115.7613021,0.455728444,111.0858549,0.629347282,159.8494129,0.629294271,113.7805827,0.644614029,143.0513674,0.56316382
298,175.0230483,1,254.4161015,1,5.167663116,0.029525615,7.473496647,0.029375093,93.85169182,0.536224759,136.4059257,0.536152881,154.8551189,0.884769866,216.21107,0.849832494,83.04320271,0.474470097,115.9348923,0.455690075,110.1501611,0.629346604,160.1025955,0.629294273,112.6824276,0.643814793,143.1636761,0.562714684
299,173.5554356,1,254.8143597,1,5.124304265,0.029525461,7.485213,0.029375162,93.06471102,0.536224698,136.6194684,0.536152941,153.5436767,0.884695292,216.5341358,0.849772109,82.33991206,0.474430039,116.1081176,0.455657671,109.2264166,0.629345985,160.3532237,0.629294298,111.6091427,0.64307489,143.2823865,0.562301068
300,172.1059216,1,255.2083735,1,5.081482482,0.02952532,7.496807483,0.029375241,92.28743623,0.536224642,136.8307367,0.536153006,152.2496347,0.88462752,216.8709766,0.849780019,81.64595363,0.474393634,116.2887334,0.455661904,108.3140734,0.629345419,160.601187,0.629294348,110.5591668,0.642390255,143.4068525,0.56192064
301,170.6737238,1,255.5979735,1,5.039174397,0.029525192,7.508275115,0.029375331,91.51944775,0.536224591,137.0396399,0.536153076,150.97215,0.884565865,217.2047199,0.849790461,80.96087545,0.474360515,116.4676893,0.455667499,107.4126379,0.629344902,160.8463786,0.62929442,109.5310648,0.641757046,143.5364618,0.561571204
302,169.2581356,1,255.9829947,1,4.997358915,0.029525074,7.519611061,0.029375432,90.76036667,0.536224544,137.2460894,0.536153152,149.7104658,0.884509718,217.5352401,0.849803481,80.2842714,0.474330354,116.6449177,0.455674479,106.5216646,0.629344428,161.0886947,0.629294516,108.5235169,0.641171643,143.6706354,0.561250702
303,167.8585178,1,256.363275,1,4.956016947,0.029524965,7.530810585,0.029375544,90.00985005,0.536224502,137.4499984,0.536153232,148.4638998,0.884458541,217.8624088,0.849819104,79.61577558,0.474302863,116.8203498,0.455682858,105.6407501,0.629343994,161.3280333,0.629294634,107.5353098,0.640630641,143.8088257,0.560957203
304,166.4742902,1,256.7386538,1,4.915131173,0.029524866,7.541869013,0.029375666,89.26758674,0.536224462,137.6512808,0.536153317,147.2318358,0.884411855,218.1860972,0.84983735,78.95505747,0.474277784,116.9939167,0.455692647,104.7695286,0.629343597,161.5642933,0.629294775,106.5653279,0.640130844,143.950516,0.56068891
305,165.1049251,1,257.1089708,1,4.874685843,0.029524775,7.5527817,0.0293758,88.5332937,0.536224426,137.8498509,0.536153408,146.0137158,0.884369232,218.5061782,0.849858243,78.30181771,0.474254888,117.1655499,0.455703858,103.9076673,0.629343233,161.7973741,0.629294939,105.6125455,0.639669261,144.095218,0.560444148
306,163.7499411,1,257.4740656,1,4.834666589,0.029524692,7.563544005,0.029375945,87.80671275,0.536224393,138.0456224,0.536153504,144.8090329,0.88433029,218.8225259,0.849881814,77.65578447,0.474233969,117.3351822,0.455716508,103.0548626,0.629342899,162.0271745,0.629295126,104.676019,0.639243094,144.2424715,0.560221361
307,162.408898,1,257.8337758,1,4.795060277,0.029524616,7.574151259,0.029376102,87.08760779,0.536224363,138.2385087,0.536153606,143.6173259,0.884294689,219.1350164,0.849908107,77.01671027,0.474214844,117.502747,0.455730622,102.2108369,0.629342593,162.2535927,0.629295336,103.7548808,0.638849731,144.391842,0.560019111
308,161.0813921,1,258.1879372,1,4.755854865,0.029524545,7.58459875,0.029376271,86.37576232,0.536224335,138.4284215,0.536153714,142.4381735,0.884262121,219.443527,0.849937179,76.38436917,0.474197349,117.6681785,0.455746228,101.3753357,0.629342312,162.4765254,0.629295571,102.8483322,0.638486735,144.5429194,0.559836067
309,159.7670525,1,258.5363824,1,4.717039284,0.029524481,7.594881694,0.029376452,85.67097735,0.536224309,138.6152713,0.536153829,141.2711903,0.884232312,219.7479361,0.849969099,75.75855444,0.474181336,117.8314116,0.455763365,100.548125,0.629342054,162.6958675,0.62929583,101.9556384,0.638151839,144.6953169,0.559671005
310,158.4655372,1,258.8789403,1,4.678603337,0.029524422,7.604995221,0.029376647,84.97306944,0.536224285,138.7989664,0.53615395,140.1160226,0.884205014,220.0481226,0.850003953,75.13907638,0.474166672,117.9923813,0.455782078,99.72898911,0.629341817,162.9115115,0.629296115,101.0761229,0.637842933,144.8486688,0.559522797
311,157.1765301,1,259.2154357,1,4.640537601,0.029524367,7.614934355,0.029376855,84.28186913,0.536224264,138.979413,0.536154078,138.9723451,0.884180005,220.3439654,0.850041838,74.52576051,0.474153237,118.1510228,0.45580242,98.91772889,0.6293416,163.1233473,0.629296426,100.2091626,0.637558054,145.0026297,0.559390413
312,155.8997385,1,259.5456881,1,4.602833352,0.029524317,7.624693992,0.029377078,83.59721943,0.536224244,139.1565144,0.536154214,137.8398573,0.884157078,220.6352758,0.85008261,73.91844556,0.474140921,118.3072348,0.455824312,98.11415975,0.6293414,163.3312619,0.629296765,99.35418329,0.637295381,145.1568725,0.559272911
313,154.6348908,1,259.8695118,1,4.565482489,0.029524271,7.63426889,0.029377316,82.91897456,0.536224226,139.3301713,0.536154358,136.7182823,0.884136055,220.9220419,0.850126821,73.3169831,0.474129627,118.461011,0.455848053,97.31811034,0.629341217,163.5351387,0.629297133,98.51065581,0.637053225,145.3110876,0.559169433
314,153.3817338,1,260.1867148,1,4.528477473,0.029524229,7.643653642,0.029377571,82.24699884,0.536224209,139.5002808,0.536154511,135.6073633,0.884116771,221.2041057,0.850174483,72.72123535,0.474119268,118.6122667,0.455873647,96.52942115,0.629341049,163.7348571,0.629297531,97.67809208,0.636830017,145.4649807,0.559079201
315,152.1400314,1,260.4970986,1,4.491811275,0.029524191,7.652842669,0.029377842,81.58116565,0.536224193,139.6667366,0.536154673,134.5068617,0.884099079,221.4813375,0.850225736,72.13107435,0.474109764,118.7609325,0.455901172,95.74794338,0.629340894,163.9302928,0.62929796,96.85604174,0.636624305,145.6182722,0.559001513
316,150.909563,1,260.8004573,1,4.455477318,0.029524155,7.661830199,0.029378132,80.92135658,0.536224179,139.8294285,0.536154844,133.4165364,0.884082716,221.7491849,0.850263788,71.54637079,0.474100974,118.9045698,0.455921631,94.97353786,0.629340752,164.1213166,0.629298423,96.044089,0.636434743,145.7706955,0.558935736
317,149.6901216,1,261.0965775,1,4.419469441,0.029524122,7.670610248,0.02937844,80.26746066,0.536224166,139.9882422,0.536155026,132.3362013,0.884067698,222.0165432,0.850323453,70.96702479,0.474092906,119.0479432,0.455953672,94.20607412,0.629340621,164.3077946,0.629298921,95.2418497,0.636260086,145.9219958,0.558881305
318,148.4815127,1,261.3852373,1,4.383781858,0.029524092,7.679176612,0.029378769,79.61937358,0.536224154,140.143059,0.536155218,131.2656621,0.884053911,222.2786593,0.850387197,70.3929322,0.4740855,119.1885069,0.455987905,93.44542963,0.629340501,164.4895879,0.629299457,94.4489687,0.636099181,146.0719293,0.558837717
319,147.2835533,1,261.6662066,1,4.34840912,0.029524064,7.687522849,0.02937912,78.97699716,0.536224143,140.2937556,0.536155423,130.2047368,0.884041252,222.5353935,0.850455228,69.82399536,0.474078699,119.326186,0.456024442,92.69148898,0.629340391,164.6665522,0.629300032,93.66511743,0.635950962,146.2202615,0.55880453
320,146.0960705,1,261.939246,1,4.313346088,0.029524039,7.695642263,0.029379493,78.34023874,0.536224133,140.4402038,0.536155639,129.1532545,0.884029625,222.7866012,0.850527764,69.26012259,0.474072454,119.460903,0.4560634,91.94414327,0.629340289,164.8385375,0.629300649,92.88999169,0.635814443,146.3667664,0.558781353
321,144.9189009,1,262.2041066,1,4.278587901,0.029524016,7.703527896,0.02937989,77.70901066,0.536224124,140.5822705,0.536155868,128.111054,0.884018946,223.0321319,0.85060503,68.70122753,0.474066717,119.5925774,0.456104898,91.20328954,0.629340196,165.0053878,0.62930131,92.12330959,0.635688713,146.5112254,0.558767852
322,143.7518898,1,262.4605302,1,4.244129956,0.029523994,7.711172515,0.029380313,77.08322989,0.536224115,140.7198173,0.536156112,127.0779837,0.884009135,223.271829,0.850687259,68.14722872,0.474061446,119.7211252,0.456149064,90.46883018,0.62934011,165.1669412,0.629302017,91.36480967,0.635572929,146.6534265,0.558763736
323,142.5948899,1,262.7082483,1,4.209967882,0.029523974,7.718568604,0.029380762,76.46281753,0.536224107,140.8527006,0.536156369,126.0538998,0.88400012,223.5055289,0.850774691,67.59804916,0.474056603,119.8464589,0.456196026,89.74067251,0.629340032,165.3230295,0.629302774,90.61424924,0.635466315,146.7931631,0.558768764
324,141.4477613,1,262.9469825,1,4.176097519,0.029523956,7.725708352,0.02938124,75.84769853,0.5362241,140.9807711,0.536156642,125.0386663,0.883991837,223.7330608,0.850867573,67.05361587,0.474052153,119.968487,0.456245916,89.01872836,0.629339959,165.4734783,0.629303583,89.87140277,0.635368152,146.9302335,0.558782733
325,140.3103707,1,263.176444,1,4.142514903,0.02952394,7.732583651,0.029381747,75.2378013,0.536224093,141.1038743,0.53615693,124.0321541,0.883984224,223.9542461,0.850966153,66.51385957,0.474048064,120.0871136,0.456298869,88.30291361,0.629339893,165.6181065,0.629304447,89.13606044,0.635277778,147.0644397,0.558805482
326,139.1825903,1,263.3963337,1,4.109216248,0.029523924,7.73918609,0.029382285,74.63305747,0.536224087,141.22185,0.536157235,123.0342403,0.883977227,224.1688974,0.851070682,65.97871437,0.474044305,120.2022387,0.456355018,87.59314794,0.629339831,165.7567268,0.629305368,88.40802689,0.635194579,147.1955868,0.558836886
327,138.0642983,1,263.6063425,1,4.076197929,0.02952391,7.745506953,0.029382855,74.03340157,0.536224082,141.3345326,0.536157557,122.0448077,0.883970797,224.3768188,0.851181412,65.44811743,0.474040851,120.3137571,0.4564145,86.88935445,0.629339775,165.8891453,0.62930635,87.68711996,0.635117992,147.3234826,0.558876851
328,136.9553775,1,263.8061508,1,4.043456473,0.029523897,7.75153722,0.029383459,73.43877083,0.536224076,141.4417509,0.536157896,121.0637446,0.883964885,224.5778048,0.851298592,64.92200876,0.474037675,120.4215589,0.456477449,86.1914594,0.629339723,166.0151617,0.629307395,86.97316962,0.635047496,147.4479363,0.558925316
329,135.8557155,1,263.9954293,1,4.010988543,0.029523885,7.757267567,0.029384098,72.84910494,0.536224072,141.5433286,0.536158255,120.0909437,0.883959451,224.7716405,0.85142247,64.40033094,0.474034756,120.5255288,0.456543998,85.49939195,0.629339676,166.1345695,0.629308507,86.26601695,0.634982611,147.5687588,0.558982249
330,134.7652041,1,264.1738388,1,3.978790929,0.029523874,7.762688373,0.029384773,72.26434586,0.536224067,141.6390839,0.536158632,119.1263026,0.883954455,224.9581008,0.851553287,63.88302895,0.474032072,120.6255463,0.456614277,84.81308394,0.629339632,166.2471562,0.629309689,85.5655132,0.634922893,147.6857615,0.559047641
331,133.6837389,1,264.3410308,1,3.946860537,0.029523864,7.767789725,0.029385486,71.68443766,0.536224063,141.7288301,0.536159028,118.1697226,0.883949862,225.1369502,0.851691277,63.37004992,0.474029605,120.7214854,0.456688411,84.13246964,0.629339592,166.3527031,0.629310942,84.87151898,0.634867933,147.798756,0.559121509
332,132.6112192,1,264.496648,1,3.915194381,0.029523855,7.772561431,0.029386238,71.10932629,0.53622406,141.8123759,0.536159445,117.221109,0.88394564,225.3079431,0.851836667,62.86134302,0.474027336,120.8132144,0.456766524,83.45748563,0.629339555,166.4509862,0.629312271,84.18390346,0.634817355,147.9075539,0.559203888
333,131.5475476,1,264.6403245,1,3.883789571,0.029523846,7.776993027,0.02938703,70.53895953,0.536224056,141.889525,0.536159882,116.2803704,0.883941757,225.4708231,0.851989671,62.35685924,0.474025251,120.900596,0.456848729,82.78807053,0.629339521,166.5417759,0.629313678,83.50254368,0.634770813,148.0119663,0.559294834
334,130.4926297,1,264.7716869,1,3.852643313,0.029523838,7.781073796,0.029387862,69.97328678,0.536224053,141.9600775,0.536160339,115.3474186,0.883938188,225.6253236,0.852150493,61.85655128,0.474023333,120.9834873,0.456935138,82.12416493,0.629339489,166.624838,0.629315165,82.82732388,0.634727985,148.1118035,0.559394417
335,129.446374,1,264.8903543,1,3.821752895,0.029523831,7.78479278,0.029388736,69.41225894,0.53622405,142.0238291,0.536160818,114.4221684,0.883934905,225.7711673,0.852319322,61.36037344,0.47402157,121.0617397,0.457025851,81.46571119,0.629339461,166.6999333,0.629316737,82.15813492,0.634688577,148.2068747,0.559502724
336,128.4086916,1,264.9959396,1,3.791115684,0.029523825,7.788138803,0.029389653,68.85582836,0.536224048,142.0805723,0.536161318,113.5045372,0.883931888,225.9080666,0.852496332,60.86828143,0.474019949,121.1351991,0.457120963,80.81265333,0.629339434,166.766819,0.629318394,81.49487376,0.634652318,148.2969881,0.559619851
337,127.3794961,1,265.0880501,1,3.760729119,0.029523818,7.791100492,0.029390614,68.30394867,0.536224045,142.1300967,0.53616184,112.594445,0.883929112,226.035724,0.85268168,60.38023234,0.474018458,121.2037063,0.457220558,80.16493691,0.62933941,166.8252486,0.629320139,80.8374429,0.634618956,148.3819505,0.559745905
338,126.3587033,1,265.1662884,1,3.730590707,0.029523813,7.793666297,0.029391618,67.75657473,0.536224043,142.1721892,0.536162384,111.691814,0.883926561,226.1538323,0.852875506,59.89618449,0.474017087,121.2670964,0.457324712,79.52250893,0.629339387,166.8749723,0.629321975,80.18575,0.634588263,148.4615671,0.559881002
339,125.3462311,1,265.2302533,1,3.70069802,0.029523808,7.795824517,0.029392667,67.21366252,0.536224041,142.2066347,0.536162949,110.7965688,0.883924214,226.2620749,0.853077928,59.41609736,0.474015827,121.3251999,0.457433488,78.8853177,0.629339367,166.9157383,0.629323903,79.5397074,0.634560024,148.535642,0.560025262
340,124.3419993,1,265.2795407,1,3.671048685,0.029523803,7.79756333,0.029393761,66.67516908,0.536224039,142.2332165,0.536163536,109.9086357,0.883922056,226.3532801,0.853263239,58.93993147,0.474014668,121.3741762,0.457533121,78.25331277,0.629339348,166.9472927,0.629325926,78.89923179,0.634534045,148.6039776,0.560178811
341,123.3459298,1,265.3137448,1,3.641640385,0.029523799,7.798870819,0.029394899,66.14105243,0.536224037,142.2517169,0.536164144,109.0279431,0.883920072,226.4413413,0.85348515,58.46764841,0.474013602,121.421465,0.457652373,77.62644487,0.629339331,166.9693804,0.629328045,78.26424384,0.634510145,148.6663749,0.560341776
342,122.3579458,1,265.3324592,1,3.612470856,0.029523795,7.799735003,0.029396083,65.6112715,0.536224036,142.261918,0.536164774,108.154421,0.883918247,226.5184935,0.853715728,57.99921065,0.474012621,121.4629079,0.457776287,77.00466577,0.629339315,166.981746,0.629330262,77.63466786,0.63448816,148.7226338,0.560514285
343,121.3779726,1,265.3352778,1,3.583537879,0.029523791,7.800143865,0.029397312,65.08578611,0.536224034,142.263602,0.536165425,107.2880011,0.883916569,226.5843923,0.853955019,57.53458155,0.47401172,121.4983203,0.457904887,76.38792829,0.6293393,166.9841341,0.629332577,77.01043156,0.634467935,148.7725529,0.560696467
344,120.4059365,1,265.3217961,1,3.554839281,0.029523787,7.800085389,0.029398585,64.56455685,0.536224033,142.2565518,0.536166097,106.4286166,0.883915027,226.6386865,0.854203047,57.07372526,0.474010891,121.5275141,0.458038186,75.77618617,0.629339286,166.9762902,0.629334991,76.39146574,0.63444933,148.81593,0.560888446
345,119.4417656,1,265.291612,1,3.526372931,0.029523784,7.799547593,0.029399903,64.04754509,0.536224031,142.2405517,0.536166789,105.576202,0.883913608,226.6810199,0.854459808,56.61660671,0.474010129,121.550298,0.458176182,75.16939405,0.629339274,166.9579615,0.629337506,75.77770406,0.634432216,148.8525618,0.561090344
346,118.4853891,1,265.2443276,1,3.498136738,0.029523781,7.798518557,0.029401264,63.5347129,0.53622403,142.2153883,0.536167501,104.7306932,0.883912303,226.7110312,0.854725276,56.16319153,0.474009428,121.5664787,0.458318863,74.56750741,0.629339262,166.9288974,0.629340122,75.16908282,0.634416474,148.8822448,0.561302276
347,117.5367376,1,265.1795497,1,3.470128647,0.029523779,7.796986463,0.029402669,63.02602303,0.536224029,142.1808504,0.536168232,103.8920274,0.883911103,226.7283561,0.854999401,55.71344601,0.474008783,121.5758605,0.4584662,73.97048253,0.629339252,166.8888503,0.629342838,74.56554075,0.634401994,148.9047752,0.561524353
348,116.5957428,1,265.0968914,1,3.44234664,0.029523776,7.794939629,0.029404116,62.52143886,0.536224028,142.1367305,0.536168982,103.060143,0.88391,226.7326274,0.855282106,55.26733707,0.474008191,121.5782467,0.458618153,73.3782764,0.629339242,166.8375765,0.629345654,73.96701883,0.634388676,148.9199489,0.561756678
349,115.6623374,1,264.9959728,1,3.41478873,0.029523774,7.79236654,0.029405604,62.02092437,0.536224027,142.0828246,0.536169751,102.2349793,0.883908985,226.7234769,0.855573292,54.82483224,0.474007646,121.5734396,0.458774669,72.79084674,0.629339233,166.7748367,0.629348571,73.37346012,0.634376425,148.9275626,0.561999343
350,114.7364554,1,264.8764226,1,3.387452964,0.029523772,7.789255884,0.029407132,61.5244441,0.536224027,142.0189335,0.536170536,101.4164768,0.883908053,226.7005354,0.855872838,54.38589959,0.474007145,121.5612414,0.458935681,72.20815193,0.629339225,166.7003968,0.629351587,72.7848096,0.634365158,148.9274133,0.562252434
351,113.8180316,1,264.737879,1,3.360337415,0.02952377,7.785596587,0.029408699,61.03196313,0.536224026,141.9448628,0.536171338,100.604577,0.883907195,226.663435,0.856180596,53.95050772,0.474006684,121.5414547,0.459101112,71.63015098,0.629339218,166.6140286,0.629354701,72.20101401,0.634354794,148.9192994,0.562516025
352,112.907002,1,264.5799906,1,3.333440189,0.029523769,7.781377844,0.029410304,60.54344706,0.536224025,141.8604238,0.536172155,99.7992223,0.883906406,226.6114722,0.856495125,53.51862573,0.47400626,121.5137024,0.459270189,71.05680351,0.629339211,166.5155104,0.629357912,71.62202177,0.634345262,148.9030203,0.562790179
353,112.0033032,1,264.4024177,1,3.306759416,0.029523767,7.776589153,0.029411944,60.05886198,0.536224025,141.7654342,0.536172988,99.00035589,0.88390568,226.5448725,0.856818461,53.09022319,0.47400587,121.4781049,0.459444002,70.4880697,0.629339204,166.4046277,0.629361218,71.0477828,0.634336495,148.8783775,0.563074948
354,111.1068728,1,264.2048331,1,3.280293252,0.029523765,7.771220347,0.029413619,59.57817442,0.536224024,141.6597182,0.536173833,98.20792189,0.883905013,226.462957,0.857149184,52.66527012,0.474005512,121.4342983,0.45962179,69.92391028,0.629339199,166.2811737,0.629364618,70.47824846,0.634328432,148.8451745,0.56337037
355,110.2176493,1,263.9869231,1,3.254039879,0.029523764,7.765261621,0.029415327,59.10135138,0.536224023,141.5431072,0.536174692,97.42186521,0.8839044,226.3655315,0.85748767,52.24373698,0.474005182,121.3821782,0.459803754,69.36428651,0.629339193,166.1449504,0.629368108,69.91337139,0.634321017,148.8032175,0.563676472
356,109.335572,1,263.7483886,1,3.2279975,0.029523763,7.758703567,0.029417065,58.62836026,0.536224023,141.4154406,0.536175563,96.6421315,0.883903836,226.252186,0.857833434,51.82559463,0.474004879,121.3215247,0.459989634,68.80916013,0.629339188,165.9957684,0.629371688,69.35310551,0.634314197,148.7523155,0.563993268
357,108.4605808,1,263.4889455,1,3.202164343,0.029523762,7.751537194,0.029418833,58.1591689,0.536224022,141.2765658,0.536176444,95.86866716,0.883903317,226.1225685,0.858186168,51.4108143,0.474004601,121.252149,0.460179264,68.25822288,0.62933669,165.8334481,0.629375353,68.79740584,0.634307924,148.6922811,0.564320757
358,107.5926164,1,263.208326,1,3.176538657,0.029523761,7.743753961,0.029420627,57.69374551,0.536224022,141.1263386,0.536177334,95.10141925,0.88390284,225.9763384,0.858545555,50.99936763,0.474004345,121.1738681,0.460372474,67.71171199,0.629334189,164.5062113,0.625003828,68.24622849,0.634302155,148.6229303,0.564658924
359,106.7316203,1,262.906279,1,3.15111871,0.02952376,7.735345801,0.029422446,57.23205867,0.536224022,140.9646243,0.536178234,94.34033554,0.883902402,225.8131469,0.858911197,50.59122659,0.474004109,121.0864949,0.460569049,67.16959076,0.629331688,163.1896121,0.620714015,67.69953055,0.63429685,148.5440835,0.565007744
360,105.8775345,1,262.5825709,1,3.125902794,0.029523759,7.72630514,0.029424288,56.77407733,0.536224021,140.7912972,0.53617914,93.58536439,0.883901999,225.6302139,0.859273383,50.1863635,0.474003893,120.9885394,0.460763785,66.63182286,0.629329188,161.8835642,0.616505367,67.15727006,0.634291971,148.4555657,0.565367173
361,105.0303019,1,262.2369863,1,3.100889216,0.029523758,7.716624923,0.02942615,56.3197708,0.536224021,140.6062413,0.536180053,92.83645483,0.883901628,225.4324652,0.859651678,49.78475101,0.474003693,120.8826407,0.460967167,66.09837237,0.629326691,160.5879819,0.612377316,66.61940591,0.634287484,148.3572067,0.565737156
362,104.1898657,1,261.8693282,1,3.076076305,0.029523757,7.706298629,0.029428031,55.86910872,0.536224021,140.4093508,0.536180972,92.09355642,0.883901287,225.2168256,0.860035145,49.38636209,0.47400351,120.7671508,0.461173333,65.56920375,0.629324198,159.3027804,0.608329282,66.08589783,0.634283357,148.2488415,0.566117623
363,103.3561701,1,261.4794191,1,3.051462405,0.029523757,7.695320297,0.029429927,55.42206105,0.53622402,140.2005301,0.536181894,91.35661935,0.883900974,224.9830254,0.860423456,48.99117001,0.474003342,120.6419247,0.461382105,65.04428179,0.629321711,158.0278757,0.604360665,65.5567063,0.634279562,148.1303109,0.56650849
364,102.5291595,1,261.0671009,1,3.02704588,0.029523756,7.683684531,0.029431838,54.97859808,0.53622402,139.9796941,0.536182819,90.62559433,0.883900685,224.7308072,0.860816267,48.59914835,0.474003187,120.5068242,0.461593298,64.52357166,0.62931923,156.7631844,0.600470852,65.03179255,0.634276072,148.0014616,0.566909661
365,101.7087791,1,260.6322356,1,3.002825111,0.029523755,7.671386526,0.029433759,54.53869039,0.53622402,139.7467684,0.536183746,89.9004326,0.88390042,224.4599264,0.861213218,48.21027096,0.474003045,120.3617179,0.46180672,64.00703888,0.629316756,155.508624,0.596659211,64.51111847,0.634272862,147.8621468,0.567321024
366,100.8949747,1,260.1747055,1,2.978798495,0.029523755,7.658422073,0.02943569,54.10230889,0.53622402,139.5016896,0.536184674,89.18108594,0.883900177,224.1674846,0.861603683,47.82451197,0.474002914,120.2050522,0.462016674,63.49464928,0.629314289,154.2641125,0.592925097,63.9946466,0.634269911,147.712226,0.567742455
