Day,Baseline_Population,Baseline_RelativePopulation,Baseline_Biomass,Baseline_RelativeBiomass,TCEM_diaz_survival_Population,TCEM_diaz_survival_RelativePopulation,TCEM_diaz_survival_Biomass,TCEM_diaz_survival_RelativeBiomass,GUTS_diaz_survival_Population,GUTS_diaz_survival_RelativePopulation,GUTS_diaz_survival_Biomass,GUTS_diaz_survival_RelativeBiomass,diaz_growth_Population,diaz_growth_RelativePopulation,diaz_growth_Biomass,diaz_growth_RelativeBiomass,GUTS+Growth_Population,GUTS+Growth_RelativePopulation,GUTS+Growth_Biomass,GUTS+Growth_RelativeBiomass,Overwinter_Population,Overwinter_RelativePopulation,Overwinter_Biomass,Overwinter_RelativeBiomass,Density Dependence_Population,Density Dependence_RelativePopulation,Density Dependence_Biomass,Density Dependence_RelativeBiomass,W + DD_Population,W + DD_RelativePopulation,W + DD_Biomass,W + DD_RelativeBiomass,W + DD + GUTS_Population,W + DD + GUTS_RelativePopulation,W + DD + GUTS_Biomass,W + DD + GUTS_RelativeBiomass,W + DD + Growth_Population,W + DD + Growth_RelativePopulation,W + DD + Growth_Biomass,W + DD + Growth_RelativeBiomass,W + DD + GUTS + Growth_Population,W + DD + GUTS + Growth_RelativePopulation,W + DD + GUTS + Growth_Biomass,W + DD + GUTS + Growth_RelativeBiomass
1,100,1,120.844159,1,100,1,120.844159,1,100,1,120.844159,1,100,1,120.844159,1,100,1,120.844159,1,100,1,120.844159,1,100,1,120.844159,1,100,1,120.844159,1,100,1,120.844159,1,100,1,120.844159,1,100,1,120.844159,1
2,97.70683971,1,120.844159,1,97.70683971,1.053327662,120.844159,1,97.70683971,1.053327662,120.844159,1,97.70683971,1.053327662,120.844159,1,97.70683971,1.053327662,120.844159,1,92.76015737,1,120.844159,1,97.70683971,1.053327662,120.844159,1,92.76015737,1,120.844159,1,92.76015737,1,120.844159,1,92.76015737,1,120.844159,1,92.76015737,1,120.844159,1
3,95.5558912,1,120.5887944,1,95.5558912,1.107848998,120.5887944,1.03506561,95.5558912,1.107848998,120.5887944,1.03506561,95.55587419,1.107848801,120.5885669,1.035063657,95.55587419,1.107848801,120.5885669,1.035063657,86.25353396,1,116.5035272,1,95.53808874,1.107642601,120.3631919,1.033129167,86.25353396,1,116.5035272,1,86.25353396,1,116.5035272,1,86.25353396,1,116.5035272,1,86.25353396,1,116.5035272,1
4,93.53804361,1,120.3382079,1,93.53804361,1.163378422,120.3382079,1.069357774,93.53804361,1.163378422,120.3382079,1.069357774,93.53799426,1.163377808,120.3377526,1.069353728,93.53799426,1.163377808,120.3377526,1.069353728,80.40207887,1,112.5331586,1,93.48632617,1.162735186,119.8890032,1.065366019,80.40207887,1,112.5331586,1,80.40207887,1,112.5331586,1,80.40207887,1,112.5331586,1,80.40207887,1,112.5331586,1
5,91.64442052,1,120.0923692,1,91.64442052,1.219710591,120.0923692,1.102817813,91.64442052,1.219710591,120.0923692,1.102817813,91.64432522,1.219709323,120.0916845,1.102811526,91.64432522,1.219709323,120.0916845,1.102811526,75.13620131,1,108.895928,1,91.54453192,1.218381157,119.4221467,1.096663106,75.13620131,1,108.895928,1,75.13620131,1,108.895928,1,75.13620131,1,108.895928,1,75.13620131,1,108.895928,1
6,89.86642553,1,119.8509836,1,89.86642553,1.276623411,119.8509836,1.135398163,89.86642553,1.276623411,119.8509836,1.135398163,89.86617796,1.276619894,119.8487517,1.135377019,89.86617796,1.276619894,119.8487517,1.135377019,70.39384109,1,105.5585499,1,89.70601913,1.274344712,118.962387,1.126980118,70.39384109,1,105.5585499,1,70.39384109,1,105.5585499,1,70.39384109,1,105.5585499,1,70.39384109,1,105.5585499,1
7,88.19579216,1,119.6135578,1,88.19579216,1.333881872,119.6135578,1.16706203,88.19579216,1.333881872,119.6135578,1.16706203,88.19534067,1.333875043,119.6103595,1.167030824,88.19534067,1.333875043,119.6103595,1.167030824,66.11964226,1,102.4911742,1,87.96443002,1.330382728,118.5095335,1.156290134,66.11964226,1,102.4911742,1,66.11964226,1,102.4911742,1,66.11964226,1,102.4911742,1,66.11964226,1,102.4911742,1
8,86.62463019,1,119.3794724,1,86.62463019,1.391242547,119.3794724,1.197783034,86.62463019,1.391242547,119.3794724,1.197783034,86.62398041,1.391232111,119.3760321,1.197748516,86.62398041,1.391232111,119.3760321,1.197748516,62.26421869,1,99.66702569,1,86.31372942,1.386249297,118.0634579,1.184578923,62.26421869,1,99.66702569,1,62.26421869,1,99.66702569,1,62.26421869,1,99.66702569,1,62.26421869,1,99.66702569,1
9,85.14546159,1,119.1480536,1,85.14546159,1.448458499,119.1480536,1.227544804,85.14546159,1.448458499,119.1480536,1.227544804,85.14462041,1.448444189,119.1443765,1.22750692,85.14462041,1.448444189,119.1443765,1.227506919,58.78350096,1,97.06208137,1,84.74819588,1.441700383,117.6240973,1.211843963,58.78350096,1,97.06208137,1,58.78350096,1,97.06208137,1,58.78350096,1,97.06208137,1,58.78350096,1,97.06208137,1
10,83.75124263,1,118.9186339,1,83.75124263,1.505284309,118.9186339,1.256340472,83.75124263,1.505284309,118.9186339,1.256340472,83.75021784,1.50526589,118.9147259,1.256299184,83.75021784,1.50526589,118.9147259,1.256299184,55.63815563,1,94.65478238,1,83.26241082,1.496498399,117.191448,1.238093259,55.63815563,1,94.65478238,1,55.63815563,1,94.65478238,1,55.63815563,1,94.65478238,1,55.63815563,1,94.65478238,1
11,82.43537095,1,118.6905991,1,82.43537095,1.561480946,118.6905991,1.284172052,82.43537095,1.561480946,118.6905991,1.284172052,82.43417099,1.561458217,118.6864665,1.284127339,82.43417099,1.561458217,118.6864665,1.284127339,52.79306875,1,92.42577657,1,81.8512464,1.550416529,116.7655539,1.263344039,52.79306875,1,92.42577657,1,52.79306875,1,92.42577657,1,52.79306875,1,92.42577657,1,52.79306875,1,92.42577657,1
12,81.1916793,1,118.4634186,1,81.1916793,1.61682026,118.4634186,1.311049683,81.1916793,1.61682026,118.4634186,1.311049683,81.19031301,1.616793053,118.4590684,1.311001539,81.19031301,1.616793053,118.4590684,1.311001539,50.21688637,1,90.35768831,1,80.5098527,1.603242624,116.346491,1.287621376,50.21688637,1,90.35768831,1,50.21688637,1,90.35768831,1,50.21688637,1,90.35768831,1,50.21688637,1,90.35768831,1
13,80.01441915,1,118.2366604,1,80.01441915,1.671088884,118.2366604,1.33699075,80.01441915,1.671088884,118.2366604,1.33699075,80.01289559,1.671057064,118.2321001,1.336939183,80.01289559,1.671057064,118.2321001,1.336939183,47.88160578,1,88.43491281,1,79.23364491,1.654782533,115.9343516,1.310956814,47.88160578,1,88.43491281,1,47.88160578,1,88.43491281,1,47.88160578,1,88.43491281,1,47.88160578,1,88.43491281,1
14,78.89823794,1,118.0099929,1,78.89823794,1.724091449,118.0099929,1.362018911,78.89823794,1.724091449,118.0099929,1.362018911,78.89656622,1.724054919,118.0052307,1.361963947,78.89656622,1.724054919,118.0052307,1.361963947,45.76221172,1,86.64343202,1,78.01829116,1.704862773,115.5292278,1.333387022,45.76221172,1,86.64343202,1,45.76221172,1,86.64343202,1,45.76221172,1,86.64343202,1,45.76221172,1,86.64343202,1
15,77.83815373,1,117.7831772,1,77.83815373,1.775653059,117.7831772,1.386163069,77.83815373,1.775653059,117.7831772,1.386163069,77.8363429,1.775611751,117.7782214,1.386104746,77.8363429,1.775611751,117.7782214,1.386104746,43.83635267,1,84.9706501,1,76.85970119,1.753332486,115.1311978,1.354952536,43.83635267,1,84.9706501,1,43.83635267,1,84.9706501,1,43.83635267,1,84.9706501,1,43.83635267,1,84.9706501,1
16,76.82953031,1,117.556053,1,76.82953031,1.825621003,117.556053,1.409456339,76.82953031,1.825621003,117.556053,1.409456339,76.82758929,1.82557488,117.5509126,1.409394708,76.82758929,1.82557488,117.5509126,1.409394708,42.0840526,1,83.40524621,1,75.75401622,1.800064669,114.7403137,1.375696601,42.0840526,1,83.40524621,1,42.0840526,1,83.40524621,1,42.0840526,1,83.40524621,1,42.0840526,1,83.40524621,1
17,75.86805485,1,117.328522,1,75.86805485,1.873865768,117.328522,1.431935033,75.86805485,1.873865768,117.328522,1.431935033,75.86599237,1.873814827,117.323206,1.431870154,75.86599237,1.873814827,117.323206,1.431870154,40.48745441,1,81.93704274,1,74.69759999,1.844956693,114.3565924,1.395664141,40.48745441,1,81.93704274,1,40.48745441,1,81.93704274,1,40.48745441,1,81.93704274,1,40.48745441,1,81.93704274,1
18,74.9497194,1,117.1005305,1,74.9497194,1.920281416,117.1005305,1.453637725,74.9497194,1.920281416,117.1005305,1.453637725,74.94754397,1.92022568,117.0950479,1.453569666,74.94754397,1.92022568,117.0950479,1.453569666,39.03059144,1,80.55688742,1,73.68703075,1.88793016,113.98001,1.414900868,39.03059144,1,80.55688742,1,39.03059144,1,80.55688742,1,39.03059144,1,80.55688742,1,39.03059144,1,80.55688742,1
19,74.07080617,1,116.8720543,1,74.07080617,1.9647854,116.8720543,1.474604403,74.07080617,1.9647854,116.8720543,1.474604403,74.06852606,1.964724919,116.8664141,1.474533239,74.06852606,1.964724919,116.8664141,1.474533239,37.69918392,1,79.25654779,1,72.71909397,1.928930189,113.6104988,1.433452528,37.69918392,1,79.25654779,1,37.69918392,1,79.25654779,1,37.69918392,1,79.25654779,1,37.69918392,1,79.25654779,1
20,73.2278761,1,116.6430861,1,73.2278761,2.007317907,116.6430861,1.494875739,73.2278761,2.007317907,116.6430861,1.494875739,73.22549936,2.007252756,116.6372972,1.494801551,73.22549936,2.007252756,116.6372972,1.494801551,36.48045775,1,78.02861668,1,71.79077552,1.967924197,113.247947,1.451364279,36.48045775,1,78.02861668,1,36.48045775,1,78.02861668,1,36.48045775,1,78.02861668,1,36.48045775,1,78.02861668,1
21,72.41775947,1,116.4136264,1,72.41775947,2.047840807,116.4136264,1.514492477,72.41775947,2.047840807,116.4136264,1.514492477,72.41529389,2.047771085,116.4076977,1.514415348,72.41529389,2.047771085,116.4076977,1.514415348,35.36298291,1,76.86642764,1,70.89925492,2.004900297,112.8922008,1.468680206,35.36298291,1,76.86642764,1,35.36298291,1,76.86642764,1,35.36298291,1,76.86642764,1,35.36298291,1,76.86642764,1
22,71.63754715,1,116.183678,1,71.63754715,2.086336276,116.183678,1.533494933,71.63754715,2.086336276,116.183678,1.533494933,71.63500025,2.086262102,116.1776181,1.533414949,71.63500025,2.086262102,116.1776181,1.533414949,34.33652952,1,75.76397908,1,70.0418984,2.039865396,112.5430678,1.48544294,34.33652952,1,75.76397908,1,34.33652952,1,75.76397908,1,34.33652952,1,75.76397908,1,34.33652952,1,75.76397908,1
23,70.88458132,1,115.9532428,1,70.88458132,2.12280515,115.9532428,1.551922615,70.88458132,2.12280515,115.9532428,1.551922615,70.88196036,2.122726659,115.9470599,1.551839864,70.88196036,2.122726659,115.9470599,1.551839864,33.39193958,1,74.7158664,1,69.21625175,2.072843106,112.2003222,1.501693383,33.39193958,1,74.7158664,1,33.39193958,1,74.7158664,1,33.39193958,1,74.7158664,1,33.39193958,1,74.7158664,1
24,70.15644483,1,115.7223201,1,70.15644483,2.157265084,115.7223201,1.569813922,70.15644483,2.157265084,115.7223201,1.569813922,70.15375678,2.157182428,115.7160224,1.569728491,70.15375678,2.157182428,115.7160224,1.569728491,32.52101253,1,73.71722117,1,68.42003272,2.10387154,111.8637097,1.517470517,32.52101253,1,73.71722117,1,32.52101253,1,73.71722117,1,32.52101253,1,73.71722117,1,32.52101253,1,73.71722117,1
25,69.45094875,1,115.490907,1,69.45094875,2.189748568,115.490907,1.587205929,69.45094875,2.189748568,115.490907,1.587205929,69.44820025,2.18966191,115.4845021,1.587117905,69.44820025,2.18966191,115.4845021,1.587117905,31.71640331,1,72.76365651,1,67.65112308,2.133001098,111.5329536,1.532811281,31.71640331,1,72.76365651,1,31.71640331,1,72.76365651,1,31.71640331,1,72.76365651,1,31.71640331,1,72.76365651,1
26,68.76611819,1,115.2589984,1,68.76611819,2.220300876,115.2589984,1.604134227,68.76611819,2.220300876,115.2589984,1.604134227,68.76331004,2.220210207,115.2523115,1.60404116,68.76331004,2.220210207,115.2523115,1.60404116,30.97153135,1,71.85121826,1,66.90756032,2.160292288,111.2077596,1.547750508,30.97153135,1,71.85121826,1,30.97153135,1,71.85121826,1,30.97153135,1,71.85121826,1,30.97153135,1,71.85121826,1
27,68.10017696,1,115.0265874,1,68.10017696,2.248977994,115.0265874,1.620632812,68.10017696,2.248977994,115.0265874,1.620632812,68.09726913,2.248881964,115.0181888,1.620514483,68.09726913,2.248881964,115.0181888,1.620514483,30.28049947,1,70.97634115,1,66.18752923,2.185813655,110.8878217,1.562320908,30.28049947,1,70.97634115,1,30.28049947,1,70.97634115,1,30.28049947,1,70.97634115,1,30.28049947,1,70.97634115,1
28,67.45153134,1,114.7936651,1,67.45153134,2.275844608,114.7936651,1.636734018,67.45153134,2.275844608,114.7936651,1.636734018,67.4485051,2.275742502,114.7840745,1.636597273,67.4485051,2.275742502,114.7840745,1.636597273,29.63802146,1,70.13580941,1,65.48935329,2.20963985,110.5728265,1.576553082,29.63802146,1,70.13580941,1,29.63802146,1,70.13580941,1,29.63802146,1,70.13580941,1,29.63802146,1,70.13580941,1
29,66.81875385,1,114.5602214,1,66.81875385,2.300972185,114.5602214,1.652468468,66.81875385,2.300972184,114.5602214,1.652468468,66.8156263,2.300864484,114.5507024,1.652331161,66.8156263,2.300864484,114.5507024,1.652331161,29.0393575,1,69.32672159,1,64.81148618,2.231849868,110.262457,1.590475569,29.0393575,1,69.32672159,1,29.03935749,1,69.32672159,1,29.0393575,1,69.32672159,1,29.03935749,1,69.32672159,1
30,66.20056742,1,114.3262439,1,66.20056742,2.324437194,114.3262439,1.667865063,66.20056742,2.324437194,114.3262439,1.667865063,66.19735314,2.324324334,114.3167685,1.66772683,66.19735314,2.324324334,114.3167685,1.66772683,28.48025646,1,68.54645883,1,64.15250335,2.25252548,109.9563965,1.604114907,28.48025646,1,68.54645883,1,28.48025646,1,68.54645883,1,28.48025646,1,68.54645883,1,28.48025646,1,68.54645883,1
31,65.59583034,1,114.0917182,1,65.59583034,2.346319507,114.0917182,1.682950986,65.59583034,2.346319507,114.0917182,1.682950986,65.59252678,2.34620134,114.0815626,1.682801183,65.59252677,2.34620134,114.0815626,1.682801183,27.95690448,1,67.79265653,1,63.51109379,2.271749858,109.6543313,1.617495713,27.95690448,1,67.79265653,1,27.95690448,1,67.79265653,1,27.95690448,1,67.79265653,1,27.95690448,1,67.79265653,1
32,65.00352233,1,113.8566273,1,65.00352233,2.366700968,113.8566273,1.697751721,65.00352233,2.366700968,113.8566273,1.697751721,65.00013313,2.366577571,113.8460368,1.697593803,65.00013313,2.366577571,113.8460368,1.697593803,27.46587896,1,67.06317881,1,62.88605215,2.289606396,109.3559533,1.630640767,27.46587896,1,67.06317881,1,27.46587896,1,67.0631788,1,27.46587896,1,67.06317881,1,27.46587896,1,67.0631788,1
33,64.42273174,1,113.6209516,1,64.42273174,2.385664171,113.6209516,1.712291095,64.42273174,2.38566417,113.6209516,1.712291095,64.41927014,2.385535982,113.6104362,1.712132625,64.41927014,2.385535982,113.6104362,1.712132625,27.00410751,1,66.35609564,1,62.27627111,2.306177721,109.0609616,1.643571107,27.00410751,1,66.35609564,1,27.00410751,1,66.35609564,1,27.00410751,1,66.35609564,1,27.00410751,1,66.35609564,1
34,63.85264394,1,113.3846691,1,63.85264394,2.403291407,113.3846691,1.726591323,63.85264394,2.403291407,113.3846691,1.726591323,63.84912134,2.403158823,113.3742082,1.726432027,63.84912134,2.403158823,113.3742082,1.726432027,26.56883129,1,65.66966229,1,61.6807341,2.321544874,108.7690638,1.656306124,26.56883129,1,65.66966229,1,26.56883129,1,65.66966229,1,26.56883129,1,65.66966229,1,26.56883129,1,65.66966229,1
35,63.29253084,1,113.1477548,1,63.29253084,2.419663807,113.1477548,1.740673073,63.29253084,2.419663807,113.1477548,1.740673073,63.2889569,2.419527176,113.1373156,1.740512475,63.28895689,2.419527176,113.1373156,1.740512475,26.15757224,1,65.00230087,1,61.09850844,2.335786666,108.4799777,1.668863659,26.15757224,1,65.00230087,1,26.15757224,1,65.00230087,1,26.15757224,1,65.00230087,1,26.15757224,1,65.00230087,1
36,62.74174147,1,112.9101814,1,62.74174147,2.434860631,112.9101814,1.754555526,62.74174147,2.434860631,112.9101814,1.754555526,62.73812487,2.434720279,112.8997689,1.754393722,62.73812487,2.434720279,112.8997689,1.754393722,25.7681038,1,64.35258373,1,60.52873882,2.34897916,108.1934313,1.681260099,25.7681038,1,64.35258373,1,25.7681038,1,64.35258372,1,25.7681038,1,64.35258373,1,25.7681038,1,64.35258372,1
37,62.19969353,1,112.6719191,1,62.19969353,2.448958714,112.6719191,1.768256449,62.19969353,2.448958714,112.6719191,1.768256449,62.19604195,2.448814942,112.6615282,1.768093376,62.19604195,2.448814942,112.6615282,1.768093376,25.39842471,1,63.71921855,1,59.97064117,2.361195304,107.9091637,1.693510469,25.39842471,1,63.71921855,1,25.39842471,1,63.71921855,1,25.39842471,1,63.71921855,1,25.39842471,1,63.71921855,1
38,61.66586575,1,112.4329363,1,61.66586575,2.462032043,112.4329363,1.781792269,61.66586575,2.462032043,112.4329363,1.781792269,61.66218597,2.461885126,112.4225629,1.781627876,61.66218597,2.461885126,112.4225629,1.781627876,25.04673566,1,63.10103499,1,59.42349692,2.372504654,107.6269252,1.705628524,25.04673566,1,63.10103499,1,25.04673566,1,63.10103499,1,25.04673566,1,63.10103499,1,25.04673566,1,63.10103499,1
39,61.13979109,1,112.193199,1,61.13979109,2.474151438,112.193199,1.79517814,61.13979109,2.474151438,112.193199,1.79517814,61.13608913,2.47400163,112.1828399,1.795012387,61.13608912,2.47400163,112.1828399,1.795012387,24.71141829,1,62.49697258,1,58.88664763,2.382973204,107.3464773,1.717626836,24.71141829,1,62.49697258,1,24.71141829,1,62.49697258,1,24.71141829,1,62.49697258,1,24.71141829,1,62.49697258,1
40,60.62105063,1,111.9526718,1,60.62105063,2.485384344,111.9526718,1.808428024,60.62105063,2.485384344,111.9526718,1.808428024,60.61733109,2.485231848,111.9422419,1.808259545,60.61733109,2.485231848,111.9422419,1.808259545,24.39101653,1,61.90606997,1,58.35949001,2.392663296,107.0675929,1.729516878,24.39101653,1,61.90606997,1,24.39101653,1,61.90606997,1,24.39101653,1,61.90606997,1,24.39101653,1,61.90606997,1
41,60.1092681,1,111.7113174,1,60.1092681,2.495794696,111.7113174,1.821554754,60.1092681,2.495794696,111.7113174,1.821554754,60.10553587,2.49563973,111.700909,1.821385035,60.10553587,2.49563973,111.700909,1.821385035,24.08421983,1,61.3274551,1,57.84147128,2.401633588,106.7900558,1.741309103,24.08421983,1,61.3274551,1,24.08421983,1,61.3274551,1,24.08421983,1,61.3274551,1,24.08421983,1,61.3274551,1
42,59.60410503,1,111.4690972,1,59.60410503,2.505442852,111.4690972,1.83457011,59.60410503,2.505442852,111.4690972,1.83457011,59.60036444,2.505285618,111.4587045,1.834399065,59.60036444,2.505285617,111.4587045,1.834399065,23.78984816,1,60.76033652,1,57.33208488,2.409939084,106.513661,1.75301302,23.78984816,1,60.76033652,1,23.78984816,1,60.76033652,1,23.78984816,1,60.76033652,1,23.78984816,1,60.76033652,1
43,59.10525643,1,111.2259714,1,59.10525643,2.514385596,111.2259714,1.847484881,59.10525643,2.514385596,111.2259714,1.847484881,59.1015112,2.514226271,111.2155763,1.847312216,59.1015112,2.514226271,111.2155763,1.847312216,23.50683862,1,60.20399546,1,56.83086648,2.417631201,106.2382142,1.764637269,23.50683862,1,60.20399546,1,23.50683862,1,60.20399546,1,23.50683862,1,60.20399546,1,23.50683862,1,60.20399546,1
44,58.61244693,1,110.9818989,1,58.61244693,2.522676168,110.9818989,1.860308935,58.61244693,2.522676168,110.9818989,1.860308935,58.60870044,2.52251492,110.9715118,1.860134823,58.60870044,2.52251492,110.9715118,1.860134823,23.23423342,1,59.65777876,1,56.33739037,2.424757872,105.9635316,1.77618969,23.23423342,1,59.65777876,1,23.23423342,1,59.65777876,1,23.23423342,1,59.65777876,1,23.23423342,1,59.65777876,1
45,58.12542741,1,110.7368379,1,58.12542741,2.53036435,110.7368379,1.873051279,58.12542741,2.53036435,110.7368379,1.873051279,58.12168268,2.530201331,110.7264567,1.872875688,58.12168268,2.530201331,110.7264567,1.872875688,22.97116911,1,59.12109247,1,55.85126609,2.431363672,105.6894402,1.787677388,22.97116911,1,59.12109247,1,22.97116911,1,59.12109247,1,22.97116911,1,59.12109247,1,22.97116911,1,59.12109247,1
46,57.643972,1,110.4907459,1,57.643972,2.537496566,110.4907459,1.885720121,57.643972,2.537496566,110.4907459,1.885720121,57.64023169,2.537331917,110.4803692,1.885543023,57.64023169,2.537331917,110.4803692,1.885543023,22.716867,1,58.59339609,1,55.37213534,2.437489965,105.4157773,1.799106799,22.716867,1,58.59339609,1,22.716867,1,58.59339609,1,22.716867,1,58.59339609,1,22.716867,1,58.59339609,1
47,57.16787545,1,110.2435804,1,57.16787545,2.54411601,110.2435804,1.898322927,57.16787545,2.54411601,110.2435804,1.898322927,57.16414195,2.54394986,110.2332068,1.898144299,57.16414194,2.54394986,110.2332068,1.898144299,22.47062446,1,58.07419742,1,54.89966918,2.443175056,105.1423906,1.810483749,22.47062446,1,58.07419742,1,22.47062446,1,58.07419742,1,22.47062446,1,58.07419742,1,22.47062446,1,58.07419742,1
48,56.6969508,1,109.9952989,1,56.6969508,2.550262791,109.9952989,1.910866483,56.6969508,2.550262791,109.9952989,1.910866483,56.69322622,2.550095257,109.9849272,1.910686304,56.69322622,2.550095257,109.9849272,1.910686304,22.23180725,1,57.56304787,1,54.43356543,2.448454362,104.8691383,1.821813511,22.23180725,1,57.56304787,1,22.23180725,1,57.56304787,1,22.23180725,1,57.56304787,1,22.23180725,1,57.56304787,1
49,56.23102737,1,109.7458592,1,56.23102737,2.555974083,109.7458592,1.923356945,56.23102737,2.555974083,109.7458592,1.923356945,56.22731348,2.555805268,109.7354391,1.923174327,56.22731348,2.555805268,109.7354391,1.923174327,21.99984255,1,57.05953828,1,53.97354634,2.453360574,104.5958889,1.833100864,21.99984255,1,57.05953828,1,21.99984255,1,57.05953828,1,21.99984255,1,57.05953828,1,21.99984255,1,57.05953828,1
50,55.76994895,1,109.4952207,1,55.76994895,2.561284283,109.4952207,1.935799894,55.76994895,2.561284283,109.4952207,1.935799894,55.76624745,2.561114289,109.4848124,1.935615883,55.76624745,2.561114288,109.4848124,1.935615883,21.77421277,1,56.56329512,1,53.51935642,2.457923829,104.3225214,1.844350141,21.77421277,1,56.56329512,1,21.77421277,1,56.56329512,1,21.77421277,1,56.56329512,1,21.77421277,1,56.56329512,1
51,55.31357221,1,109.243344,1,55.31357221,2.566225177,109.243344,1.94820039,55.31357221,2.566225177,109.243344,1.94820039,55.30988461,2.566054094,109.2329432,1.948014906,55.30988461,2.566054094,109.2329432,1.948014906,21.55444998,1,56.07397707,1,53.07076046,2.462171873,104.048925,1.85556528,21.55444998,1,56.07397707,1,21.55444998,1,56.07397707,1,21.55444998,1,56.07397707,1,21.55444998,1,56.07397707,1
52,54.86176537,1,108.9901919,1,54.86176537,2.570826095,108.9901919,1.960563017,54.86176537,2.570826095,108.9901919,1.960563017,54.85809301,2.570654008,108.9797956,1.960376004,54.85809301,2.570654008,108.9797956,1.960376004,21.34013089,1,55.59127195,1,52.62754182,2.466130226,103.7749996,1.866749869,21.34013089,1,55.59127195,1,21.34013089,1,55.59127195,1,21.34013089,1,55.59127195,1,21.34013089,1,55.59127195,1
53,54.41440693,1,108.7357298,1,54.41440693,2.575114075,108.7357298,1.972891935,54.41440693,2.575114075,108.7357298,1.972891935,54.410751,2.574941061,108.7253361,1.972703353,54.410751,2.574941061,108.7253361,1.972703353,21.1308724,1,55.11489396,1,52.1895007,2.469822339,103.5006556,1.877907189,21.1308724,1,55.11489396,1,21.1308724,1,55.11489396,1,21.1308724,1,55.11489396,1,21.1308724,1,55.11489396,1
54,53.97138465,1,108.4799265,1,53.97138465,2.579114014,108.4799265,1.985190924,53.97138465,2.579114014,108.4799265,1.985190924,53.96774619,2.578940144,108.469534,1.98500074,53.96774619,2.578940143,108.469534,1.98500074,20.92632755,1,54.64458113,1,51.75645272,2.473269741,103.2258135,1.889040255,20.92632755,1,54.64458113,1,20.92632755,1,54.64458113,1,20.92632755,1,54.64458113,1,20.92632755,1,54.64458113,1
55,53.53259454,1,108.2227544,1,53.53259454,2.582848818,108.2227544,1.997463426,53.53259454,2.582848818,108.2227544,1.997463426,53.52897448,2.582674157,108.2123621,1.997271614,53.52897448,2.582674157,108.2123621,1.997271614,20.72618194,1,54.18009313,1,51.32822757,2.476492184,102.9504042,1.90015185,20.72618194,1,54.18009313,1,20.72618194,1,54.18009313,1,20.72618194,1,54.18009313,1,20.72618194,1,54.18009313,1
56,53.09794008,1,107.9641902,1,53.09794008,2.58633955,107.9641902,2.009712585,53.09794008,2.58633955,107.9641902,2.009712585,53.09433921,2.586164156,107.9537471,2.009518192,53.09433921,2.586164156,107.9537471,2.009518192,20.53015045,1,53.72120917,1,50.90466776,2.479507779,102.6743687,1.911244558,20.53015045,1,53.72120917,1,20.53015045,1,53.72120917,1,20.53015045,1,53.72120917,1,20.53015045,1,53.72120917,1
57,52.66733147,1,107.704215,1,52.66733147,2.589605558,107.704215,2.02194129,52.66733147,2.589605558,107.704215,2.02194129,52.66375052,2.589429486,107.6937858,2.0217455,52.66375052,2.589429486,107.6937858,2.0217455,20.33797437,1,53.26772621,1,50.48562748,2.482333125,102.3976578,1.922320794,20.33797437,1,53.26772621,1,20.33797437,1,53.26772621,1,20.33797437,1,53.26772621,1,20.33797437,1,53.26772621,1
58,52.24068495,1,107.4428153,1,52.24068495,2.592664611,107.4428153,2.034152202,52.24068495,2.592664611,107.4428153,2.034152202,52.23712456,2.592487912,107.4323947,2.033954915,52.23712456,2.592487912,107.4323947,2.033954915,20.14941876,1,52.81945726,1,50.07097165,2.484983426,102.1202316,1.933382828,20.14941876,1,52.81945726,1,20.14941876,1,52.81945725,1,20.14941876,1,52.81945726,1,20.14941876,1,52.81945725,1
59,51.81792222,1,107.1799824,1,51.81792222,2.595533017,107.1799824,2.046347792,51.81792222,2.595533017,107.1799824,2.046347792,51.81438296,2.595355737,107.1695672,2.046148939,51.81438296,2.595355737,107.1695672,2.046148939,19.9642701,1,52.37622989,1,49.66057492,2.487472603,101.8420597,1.944432807,19.9642701,1,52.37622989,1,19.9642701,1,52.37622989,1,19.9642701,1,52.37622989,1,19.9642701,1,52.37622989,1
60,51.39896994,1,106.9157134,1,51.39896994,2.598225738,106.9157134,2.058530369,51.39896994,2.598225738,106.9157134,2.058530369,51.3954523,2.598047921,106.9053014,2.0583299,51.3954523,2.598047921,106.9053014,2.0583299,19.78233422,1,51.9378849,1,49.25432086,2.489813401,101.56312,1.955472776,19.78233422,1,51.9378849,1,19.78233422,1,51.9378849,1,19.78233422,1,51.9378849,1,19.78233422,1,51.9378849,1
61,50.98375928,1,106.6500107,1,50.98375928,2.600756498,106.6500107,2.070702102,50.98375928,2.600756498,106.6500107,2.070702102,50.98026367,2.600578182,106.6396005,2.07049998,50.98026367,2.600578182,106.6396005,2.07049998,19.60343435,1,51.50427507,1,48.8521012,2.492017486,101.2833984,1.966504689,19.60343435,1,51.50427507,1,19.60343435,1,51.50427507,1,19.60343435,1,51.50427507,1,19.60343435,1,51.50427507,1
62,50.57222543,1,106.3828823,1,50.57222543,2.603137879,106.3828823,2.082865046,50.57222543,2.603137879,106.3828823,2.082865046,50.56875224,2.602959101,106.3724731,2.082661246,50.56875224,2.602959101,106.3724731,2.082661246,19.42740945,1,51.07526408,1,48.45381509,2.494095531,101.0028886,1.977530424,19.42740945,1,51.07526408,1,19.42740945,1,51.07526408,1,19.42740945,1,51.07526408,1,19.42740945,1,51.07526408,1
63,50.16430733,1,106.1143416,1,50.16430733,2.60538142,106.1143416,2.09502116,50.16430733,2.605381419,106.1143416,2.09502116,50.16085685,2.605202212,106.1038719,2.094814456,50.16085684,2.605202212,106.1038719,2.094814456,19.25411264,1,50.65072547,1,48.05936851,2.496057305,100.721591,1.988551795,19.25411264,1,50.65072547,1,19.25411264,1,50.65072547,1,19.25411264,1,50.65072547,1,19.25411264,1,50.65072547,1
64,49.75994726,1,105.8444074,1,49.75994726,2.607497693,105.8444074,2.107172322,49.75994726,2.607497693,105.8444074,2.107172322,49.75651976,2.607318086,105.8339558,2.106964249,49.75651976,2.607318086,105.8339558,2.106964249,19.08340989,1,50.23054178,1,47.66867365,2.497911743,100.4395121,1.999570551,19.08340989,1,50.23054178,1,19.08340989,1,50.23054178,1,19.08340989,1,50.23054178,1,19.08340989,1,50.23054178,1
65,49.35909057,1,105.5731031,1,49.35909057,2.609496392,105.5731031,2.119320345,49.35909057,2.609496392,105.5731031,2.119320345,49.35568628,2.609316416,105.5626637,2.11911078,49.35568628,2.609316416,105.5626637,2.11911078,18.9151787,1,49.81460371,1,47.28164841,2.499667022,100.1566638,2.010588389,18.9151787,1,49.81460371,1,18.9151787,1,49.81460371,1,18.9151787,1,49.81460371,1,18.9151787,1,49.81460371,1
66,48.96168543,1,105.300457,1,48.96168543,2.611386403,105.300457,2.131466982,48.96168542,2.611386403,105.300457,2.131466982,48.95830453,2.611206082,105.290026,2.131255841,48.95830453,2.611206082,105.290026,2.131255841,18.74930702,1,49.40280938,1,46.89821587,2.501330626,99.87306283,2.021606951,18.74930702,1,49.40280938,1,18.74930702,1,49.40280938,1,18.74930702,1,49.40280938,1,18.74930702,1,49.40280938,1
67,48.56768253,1,105.0265014,1,48.56768253,2.613175867,105.0265014,2.143613937,48.56768253,2.613175867,105.0265014,2.143613937,48.56432518,2.612995226,105.0160764,2.143401162,48.56432518,2.612995226,105.0160764,2.143401162,18.58569227,1,48.99506368,1,46.51830391,2.502909401,99.58872971,2.032627825,18.58569227,1,48.99506368,1,18.58569227,1,48.99506368,1,18.58569227,1,48.99506368,1,18.58569227,1,48.99506368,1
68,48.17703494,1,104.7512722,1,48.17703494,2.614872251,104.7512722,2.155762872,48.17703494,2.614872251,104.7512722,2.155762871,48.17370126,2.614691311,104.7408517,2.155548419,48.17370126,2.614691311,104.7408517,2.155548419,18.42424039,1,48.59127764,1,46.14184476,2.504409614,99.30368826,2.043652546,18.42424039,1,48.59127764,1,18.42424039,1,48.59127764,1,18.42424039,1,48.59127764,1,18.42424039,1,48.59127764,1
69,47.78969783,1,104.4748087,1,47.78969783,2.616482397,104.4748087,2.167915401,47.78969783,2.616482397,104.4748087,2.167915401,47.78638792,2.61630118,104.4643916,2.167699241,47.78638792,2.61630118,104.4643916,2.167699241,18.26486503,1,48.19136792,1,45.76877467,2.505837005,99.01796474,2.054682592,18.26486503,1,48.19136792,1,18.26486503,1,48.19136792,1,18.26486503,1,48.19136792,1,18.26486503,1,48.19136792,1
70,47.40562838,1,104.1971526,1,47.40562838,2.618012582,104.1971526,2.180073102,47.40562837,2.618012582,104.1971526,2.180073102,47.40234229,2.617831105,104.1867383,2.179855209,47.40234228,2.617831105,104.1867383,2.179855209,18.10748684,1,47.79525625,1,45.39903353,2.507196825,98.73158718,2.065719381,18.10748684,1,47.79525625,1,18.10748684,1,47.79525625,1,18.10748684,1,47.79525625,1,18.10748684,1,47.79525625,1
71,47.02478551,1,103.9183475,1,47.02478551,2.619468558,103.9183475,2.192237507,47.02478551,2.619468558,103.9183475,2.192237507,47.02152329,2.61928684,103.9079359,2.192017866,47.02152329,2.61928684,103.9079359,2.192017866,17.95203281,1,47.40286907,1,45.03256461,2.508493889,98.44458468,2.076764268,17.95203281,1,47.40286907,1,17.95203281,1,47.40286907,1,17.95203281,1,47.40286907,1,17.95203281,1,47.40286907,1
72,46.64712985,1,103.6384386,1,46.64712985,2.620855607,103.6384386,2.204410102,46.64712985,2.620855607,103.6384386,2.204410102,46.64389152,2.620673663,103.6280295,2.204188699,46.64389152,2.620673663,103.6280295,2.204188699,17.79843564,1,47.01413703,1,44.66931425,2.509732605,98.15698679,2.087818537,17.79843564,1,47.01413703,1,17.79843564,1,47.01413703,1,17.79843564,1,47.01413703,1,17.79843564,1,47.01413703,1
73,46.27262352,1,103.3574719,1,46.27262352,2.622178571,103.3574719,2.216592327,46.27262352,2.622178571,103.3574719,2.216592327,46.26940909,2.621996416,103.3470609,2.216369054,46.26940909,2.621996416,103.3470609,2.216369054,17.64663323,1,46.6289947,1,44.30923164,2.510917015,97.86882289,2.098883399,17.64663323,1,46.6289947,1,17.64663323,1,46.6289947,1,17.64663323,1,46.6289947,1,17.64663323,1,46.6289947,1
74,45.90123003,1,103.0754933,1,45.90123003,2.623441897,103.0754933,2.228785565,45.90123003,2.623441897,103.0754933,2.228785565,45.89803949,2.623259544,103.0650868,2.228560546,45.89803949,2.623259544,103.0650868,2.228560546,17.49656819,1,46.24738017,1,43.95226854,2.512050825,97.58012167,2.109959987,17.49656819,1,46.24738017,1,17.49656819,1,46.24738017,1,17.49656819,1,46.24738017,1,17.49656819,1,46.24738017,1
75,45.53291422,1,102.7925488,1,45.53291422,2.624649667,102.7925488,2.24099114,45.53291422,2.624649667,102.7925488,2.24099114,45.52974753,2.624467129,102.7821463,2.240764353,45.52974753,2.624467129,102.7821463,2.240764353,17.34818738,1,45.86923483,1,43.59837912,2.513137434,97.29091055,2.121049347,17.34818738,1,45.86923483,1,17.34818738,1,45.86923482,1,17.34818738,1,45.86923483,1,17.34818738,1,45.86923482,1
76,45.16764209,1,102.5086832,1,45.16764209,2.625805629,102.5086832,2.253210311,45.16764209,2.625805629,102.5086832,2.253210311,45.1644992,2.625622918,102.4982843,2.252981737,45.1644992,2.625622918,102.4982843,2.252981737,17.20144156,1,45.49450298,1,43.24751971,2.514179963,97.00121531,2.132152435,17.20144156,1,45.49450298,1,17.20144156,1,45.49450298,1,17.20144156,1,45.49450298,1,17.20144156,1,45.49450298,1
77,44.80538073,1,102.22394,1,44.80538073,2.62691323,102.22394,2.265444265,44.80538073,2.62691323,102.22394,2.265444265,44.80226159,2.626730357,102.2135446,2.265213888,44.80226159,2.626730357,102.2135446,2.265213888,17.056285,1,45.1231317,1,42.89964868,2.515181277,96.71105961,2.143270113,17.056285,1,45.1231317,1,17.056285,1,45.1231317,1,17.056285,1,45.1231317,1,17.056285,1,45.1231317,1
78,44.44609828,1,101.9383606,1,44.44609828,2.627975637,101.9383606,2.27769411,44.44609828,2.627975637,101.9383606,2.27769411,44.44300282,2.627792612,101.9279688,2.277461918,44.44300282,2.627792612,101.9279688,2.277461918,16.91267516,1,44.75507055,1,42.55472625,2.516144007,96.42046464,2.154403143,16.91267516,1,44.75507055,1,16.91267516,1,44.75507055,1,16.91267516,1,44.75507055,1,16.91267516,1,44.75507055,1
79,44.0897638,1,101.6519843,1,44.0897638,2.628995763,101.6519843,2.289960867,44.0897638,2.628995763,101.6519843,2.289960867,44.08669195,2.628812594,101.6415945,2.289726811,44.08669195,2.628812594,101.6415945,2.289726811,16.7705724,1,44.39027138,1,42.21271433,2.517070575,96.12944886,2.165552178,16.7705724,1,44.39027138,1,16.7705724,1,44.39027138,1,16.7705724,1,44.39027138,1,16.7705724,1,44.39027138,1
80,43.73634722,1,101.3648477,1,43.73634722,2.629040512,101.3648477,2.302245466,43.73634722,2.629040512,101.3648477,2.302245466,43.73329889,2.628857274,101.3544626,2.302009595,43.73329889,2.628857274,101.3544626,2.302009595,16.63585898,1,44.02868816,1,41.87357641,2.517067286,95.83802768,2.176717765,16.63585898,1,44.02868816,1,16.63585898,1,44.02868815,1,16.63585898,1,44.02868816,1,16.63585898,1,44.02868815,1
81,43.3858193,1,101.076984,1,43.3858193,2.629081514,101.076984,2.304113574,43.3858193,2.629081514,101.076984,2.304113574,43.3827944,2.628898211,101.0665274,2.303875208,43.3827944,2.628898211,101.0665274,2.303875208,16.50227427,1.000000113,43.87307203,1.000114337,41.53727744,2.517064101,95.54621327,2.178036168,16.5022724,1,43.86805631,1,16.5022724,1,43.86805631,1,16.50227239,0.999999999,43.8680186,0.99999914,16.50227239,0.999999999,43.8680186,0.99999914
82,43.03815155,1,100.7884234,1,43.03815155,2.629119067,100.7884234,2.306015102,43.03815155,2.629119067,100.7884234,2.306015102,43.03514996,2.628935706,100.7779886,2.305776356,43.03514996,2.628935706,100.7779886,2.305776356,16.36980455,1.000000319,43.71660701,1.000225547,41.20378369,2.517061013,95.25401436,2.179389142,16.36979933,1,43.70674906,1,16.36979933,1,43.70674906,1,16.36979931,0.999999999,43.70671358,0.999999188,16.36979931,0.999999999,43.70671358,0.999999188
83,42.69331616,1,100.499192,1,42.69331616,2.629153453,100.499192,2.307965522,42.69331616,2.629153453,100.499192,2.307965522,42.69033778,2.628970038,100.4887743,2.30772628,42.69033778,2.628970038,100.4887743,2.307726279,16.23843662,1.000000599,43.55918207,1.0003373,40.87306265,2.51705802,94.96143614,2.180790871,16.2384269,1,43.54449452,1,16.2384269,1,43.54449452,1,16.23842686,0.999999998,43.54445923,0.999999189,16.23842686,0.999999998,43.54445923,0.999999189
84,42.35128599,1,100.2093124,1,42.35128599,2.629184933,100.2093124,2.309980395,42.35128599,2.629184933,100.2093124,2.309980395,42.34833071,2.629001468,100.1989087,2.309740572,42.34833071,2.629001468,100.1989087,2.309740572,16.10815777,1.000000938,43.40062361,1.000451827,40.54508299,2.517055121,94.66848013,2.182255599,16.10814267,1,43.3810229,1,16.10814267,1,43.3810229,1,16.10814262,0.999999997,43.38098623,0.999999155,16.10814262,0.999999997,43.38098622,0.999999154
85,42.01203452,1,99.91880281,1,42.01203452,2.629213747,99.91880281,2.312075314,42.01203452,2.629213747,99.91880281,2.312075314,42.00910222,2.629030236,99.90841094,2.311834851,42.00910222,2.629030236,99.90841094,2.311834851,15.97895571,1.000001321,43.2407196,1.000570439,40.21981439,2.517052318,94.37514412,2.183797592,15.9789346,1,43.21606749,1,15.9789346,1,43.21606749,1,15.97893455,0.999999997,43.21602821,0.999999091,15.97893455,0.999999997,43.21602821,0.999999091
86,41.67553579,1,99.62767723,1,41.67553579,2.629240118,99.62767723,2.314264735,41.67553579,2.629240118,99.62767723,2.314264735,41.67262634,2.629056566,99.61729591,2.314023586,41.67262634,2.629056566,99.61729591,2.314023586,15.85081859,1.000001736,43.07924453,1.000693574,39.89722753,2.517049613,94.08142214,2.185430028,15.85079107,1,43.04938659,1,15.85079107,1,43.04938659,1,15.85079101,0.999999996,43.04934379,0.999999006,15.85079101,0.999999996,43.04934379,0.999999006
87,41.34176438,1,99.33594531,1,41.34176438,2.629264253,99.33594531,2.316561081,41.34176438,2.629264253,99.33594531,2.316561081,41.33887765,2.629080662,99.32557368,2.31631921,41.33887765,2.629080662,99.32557368,2.31631921,15.72373495,1.000002173,42.91598182,1.000820931,39.57729398,2.517047007,93.78730445,2.18716416,15.72370078,1,42.88077967,1,15.72370078,1,42.88077966,1,15.7237007,0.999999995,42.88073267,0.999998904,15.7237007,0.999999995,42.88073267,0.999998904
88,41.01069536,1,99.04361221,1,41.01069536,2.62928634,99.04361221,2.318974181,41.01069536,2.62928634,99.04361221,2.318974181,41.00783122,2.629102713,99.0332497,2.318731557,41.00783122,2.629102713,99.0332497,2.318731557,15.59769368,1.000002623,42.75074167,1.000951641,39.25998615,2.517044502,93.49277756,2.189008786,15.59765277,1,42.71009699,1,15.59765277,1,42.71009699,1,15.59765269,0.999999995,42.71004535,0.999998791,15.59765269,0.999999995,42.71004534,0.999998791
89,40.68230429,1,98.75067851,1,40.68230429,2.629306552,98.75067851,2.321510997,40.68230429,2.629306552,98.75067851,2.321510997,40.6794626,2.629122892,98.74032479,2.321267593,40.6794626,2.629122892,98.74032478,2.321267593,15.47268403,1.000003077,42.5833735,1.001084462,38.94527724,2.5170421,93.19782428,2.190969999,15.47263641,1,42.53724347,1,15.47263641,1,42.53724347,1,15.47263632,0.999999994,42.53718692,0.99999867,15.47263632,0.999999994,42.53718692,0.99999867
90,40.35656717,1,98.4571402,1,40.35656717,2.629325048,98.4571402,2.324175606,40.35656717,2.629325048,98.4571402,2.324175606,40.35374779,2.629141359,98.44679504,2.323931398,40.35374779,2.629141359,98.44679503,2.323931398,15.34869555,1.000003531,42.41377293,1.001217953,38.63314116,2.5170398,92.90242376,2.193051175,15.34864136,1,42.36217777,1,15.34864136,1,42.36217777,1,15.34864126,0.999999994,42.36211619,0.999998546,15.34864126,0.999999994,42.36211619,0.999998546
91,40.0334604,1,98.16298864,1,40.0334604,2.629341974,98.16298864,2.326969368,40.0334604,2.629341974,98.16298864,2.326969368,40.03066319,2.629158257,98.15265188,2.326724333,40.03066319,2.629158257,98.15265188,2.326724333,15.2257181,1.000003979,42.24188417,1.00135063,38.32355249,2.517037602,92.60655156,2.195253137,15.22565752,1,42.18490797,1,15.22565752,1,42.18490797,1,15.22565741,0.999999993,42.18484134,0.99999842,15.22565741,0.999999993,42.18484134,0.99999842
92,39.7129608,1,97.86821058,1,39.7129608,2.629357464,97.86821058,2.329891219,39.7129608,2.629357464,97.86821058,2.329891219,39.71018562,2.629173722,97.85788226,2.329645338,39.71018562,2.629173722,97.85788226,2.329645338,15.10374179,1.000004417,42.06769841,1.001481079,38.01648644,2.517035506,92.3101798,2.197574432,15.10367508,1,42.00548498,1,15.10367508,1,42.00548498,1,15.10367496,0.999999992,42.00541349,0.999998298,15.10367496,0.999999992,42.00541349,0.999998298
93,39.39504556,1,97.57278814,1,39.39504556,2.629371639,97.57278814,2.332938038,39.39504555,2.629371639,97.57278814,2.332938038,39.39229225,2.629187874,97.56246828,2.332691293,39.39229225,2.629187874,97.56246828,2.332691293,14.982757,1.000004842,41.89124956,1.001608045,37.7119188,2.517033509,92.0132772,2.200011689,14.98268444,1,41.8239947,1,14.98268444,1,41.8239947,1,14.98268432,0.999999992,41.82391859,0.99999818,14.98268432,0.999999992,41.82391859,0.99999818
94,39.0796922,1,97.27669886,1,39.0796922,2.629384612,97.27669886,2.336105051,39.0796922,2.629384612,97.27669886,2.336105051,39.07696063,2.629200825,97.26638751,2.335857423,39.07696063,2.629200825,97.26638751,2.335857423,14.86275432,1.000005253,41.71260808,1.001730482,37.40982592,2.517031611,91.71580925,2.202559994,14.86267624,1,41.64054986,1,14.86267624,1,41.64054986,1,14.86267611,0.999999991,41.64046938,0.999998067,14.86267611,0.999999991,41.64046938,0.999998067
95,38.7668786,1,96.97991574,1,38.7668786,2.629396485,96.97991574,2.339386227,38.7668786,2.629396485,96.97991574,2.339386227,38.76416862,2.629212678,96.96947111,2.339134277,38.76416862,2.629212678,96.96947111,2.339134277,14.74372457,1.000005648,41.53187389,1.001847578,37.11018465,2.51702981,91.4177383,2.205213278,14.7436413,1,41.45528201,1,14.7436413,1,41.455282,1,14.74364116,0.999999991,41.45506588,0.999994787,14.74364116,0.999999991,41.45506588,0.999994787
96,38.45658297,1,96.6824073,1,38.45658297,2.629407351,96.6824073,2.342774652,38.45658297,2.629407351,96.68240729,2.342774652,38.45389442,2.629223526,96.67198921,2.342522204,38.45389442,2.629223526,96.67198921,2.342522204,14.62565876,1.000006025,41.34916903,1.001958762,36.81297232,2.517028102,91.11902375,2.207964666,14.62557065,1,41.2683342,1,14.62557065,1,41.2683342,1,14.6255705,0.99999999,41.26813372,0.999995142,14.6255705,0.99999999,41.26813372,0.999995142
97,38.1487838,1,96.38413758,1,38.1487838,2.629417297,96.38413758,2.346262865,38.1487838,2.629417297,96.38413758,2.346262865,38.14611654,2.629233456,96.3737435,2.346009843,38.14611654,2.629233456,96.3737435,2.346009843,14.5085481,1.000006384,41.16463056,1.002063685,36.51816671,2.517026486,90.81962215,2.210806801,14.50845548,1,41.0798547,1,14.50845548,1,41.0798547,1,14.50845533,0.999999989,41.07966705,0.999995432,14.50845533,0.999999989,41.07966705,0.999995432
98,37.84345987,1,96.0850663,1,37.84345987,2.629426402,96.0850663,2.349843139,37.84345987,2.629426402,96.0850663,2.349843139,37.84081375,2.629242545,96.07469441,2.349589485,37.84081375,2.629242545,96.07469441,2.349589485,14.39238395,1.000006724,40.97840413,1.002162204,36.22574602,2.517024958,90.51948736,2.213732107,14.39228717,1,40.88999164,1,14.39228717,1,40.88999164,1,14.39228701,0.999999989,40.88981475,0.999995674,14.39228701,0.999999989,40.88981474,0.999995674
99,37.54059027,1,95.78514887,1,37.54059027,2.629434738,95.78514887,2.353507712,37.54059027,2.629434738,95.78514887,2.353507712,37.53796513,2.629250866,95.77479789,2.353253381,37.53796513,2.629250866,95.77479789,2.353253381,14.27715784,1.000007046,40.79063841,1.002254349,35.93568885,2.517023517,90.21857075,2.216733017,14.27705725,1,40.69888889,1,14.27705725,1,40.69888889,1,14.27705708,0.999999988,40.6987212,0.99999588,14.27705708,0.999999988,40.6987212,0.99999588
100,37.24015432,1,95.48433649,1,37.24015432,2.62944237,95.48433649,2.357248964,37.24015432,2.62944237,95.48433649,2.357248964,37.23755002,2.629258486,95.47400551,2.35699392,37.23755002,2.629258486,95.47400551,2.35699392,14.16286147,1.00000735,40.6014805,1.002340293,35.64797417,2.51702216,89.91682132,2.219802134,14.16275738,1,40.50668299,1,14.16275738,1,40.50668299,1,14.16275721,0.999999988,40.5065233,0.999996058,14.16275721,0.999999988,40.5065233,0.999996058
101,36.94213162,1,95.18257625,1,36.94213162,2.629449359,95.18257625,2.361059546,36.94213162,2.629449359,95.18257625,2.361059546,36.939548,2.629265463,95.17226465,2.360803761,36.939548,2.629265463,95.17226464,2.360803761,14.04948666,1.000007636,40.41107241,1.002420317,35.36258131,2.517020883,89.61418591,2.222932363,14.04937939,1,40.31350095,1,14.04937939,1,40.31350095,1,14.04937921,0.999999987,40.31334833,0.999996214,14.04937921,0.999999987,40.31334833,0.999996214
102,36.64650201,1,94.87981121,1,36.64650201,2.629455761,94.87981121,2.364932468,36.64650201,2.629455761,94.87981121,2.364932468,36.64393891,2.629271854,94.86951852,2.364675917,36.64393891,2.629271854,94.86951852,2.364675917,13.93702538,1.000007904,40.21954833,1.002494782,35.07948993,2.517019683,89.31060933,2.22611699,13.93691522,1,40.11945901,1,13.93691522,1,40.11945901,1,13.93691504,0.999999987,40.11931268,0.999996353,13.93691504,0.999999987,40.11931268,0.999996353
103,36.35324555,1,94.57598053,1,36.35324555,2.629461625,94.57598053,2.368861145,36.35324555,2.629461625,94.57598053,2.368861145,36.35070283,2.629277708,94.5657065,2.368603809,36.35070283,2.629277708,94.5657065,2.368603809,13.8254697,1.000008155,40.02703293,1.002564103,34.79868001,2.517018558,89.00603459,2.229349733,13.82535695,1,39.924662,1,13.82535695,1,39.924662,1,13.82535676,0.999999987,39.92452134,0.999996477,13.82535676,0.999999987,39.92452134,0.999996477
104,36.06234255,1,94.27101956,1,36.06234255,2.629466998,94.27101956,2.372839418,36.06234255,2.629466998,94.27101956,2.372839418,36.05982006,2.629283072,94.26076406,2.372581283,36.05982006,2.629283072,94.26076406,2.372581283,13.71481184,1.00000839,39.8336403,1.002628722,34.52013184,2.517017504,88.70040305,2.232624763,13.71469677,1,39.72920327,1,13.71469677,1,39.72920327,1,13.71469658,0.999999986,39.72906773,0.999996588,13.71469658,0.999999986,39.72906773,0.999996588
105,35.77377354,1,93.96485996,1,35.77377354,2.629471922,93.96485996,2.376861553,35.77377354,2.629471922,93.96485996,2.376861553,35.77127112,2.629287988,93.954623,2.376602606,35.77127112,2.629287987,93.954623,2.376602606,13.60504412,1.000008609,39.63947346,1.002689095,34.24382597,2.517016518,88.39365458,2.235936702,13.60492699,1,39.53316501,1,13.60492699,1,39.53316501,1,13.6049268,0.999999986,39.53303414,0.99999669,13.6049268,0.999999986,39.53303414,0.99999669
106,35.48751924,1,93.65742987,1,35.48751924,2.629476436,93.65742987,2.380922217,35.48751924,2.629476436,93.65742987,2.380922217,35.48503674,2.629292493,93.64721153,2.38066245,35.48503674,2.629292493,93.64721153,2.38066245,13.49615897,1.000008813,39.44462442,1.002745674,33.96974325,2.517015597,88.08572784,2.239280607,13.49604003,1,39.3366189,1,13.49604003,1,39.3366189,1,13.49603984,0.999999986,39.33649229,0.999996781,13.49603984,0.999999986,39.33649228,0.999996781
107,35.2035606,1,93.34865403,1,35.2035606,2.629480573,93.34865403,2.38501645,35.2035606,2.629480573,93.34865403,2.38501645,35.20109787,2.629296624,93.33844582,2.384755635,35.20109787,2.629296624,93.33844582,2.384755635,13.38814893,1.000009003,39.24917457,1.002798894,33.69786479,2.517014737,87.77656036,2.242651943,13.3880284,1,39.13962691,1,13.3880284,1,39.13962691,1,13.38802821,0.999999985,39.13949808,0.999996708,13.38802821,0.999999985,39.13949808,0.999996708
108,34.92187876,1,93.03845394,1,34.92187876,2.629484367,93.03845394,2.389139625,34.92187876,2.629484367,93.03845394,2.389139625,34.91943565,2.629300411,93.02826858,2.388878074,34.91943565,2.629300411,93.02826858,2.388878074,13.28100663,1.00000918,39.05319525,1.002849169,33.42817192,2.517013936,87.4660888,2.246046551,13.28088472,1,38.94224221,1,13.28088472,1,38.94224221,1,13.28088452,0.999999985,38.94211954,0.99999685,13.28088452,0.999999985,38.94211954,0.99999685
109,34.64245505,1,92.72674804,1,34.64245505,2.629487847,92.72674804,2.393287405,34.64245505,2.629487847,92.72674804,2.393287405,34.64003141,2.629303884,92.71658474,2.393025089,34.64003141,2.629303884,92.71658474,2.393025089,13.17472479,1.000009343,38.85674855,1.002896886,33.16064624,2.51701319,87.15424916,2.249460605,13.1746017,1,38.7445101,1,13.1746017,1,38.7445101,1,13.1746015,0.999999985,38.74439242,0.999996962,13.1746015,0.999999985,38.74439242,0.999996962
110,34.365271,1,92.41345193,1,34.365271,2.629491039,92.41345193,2.397455704,34.365271,2.629491039,92.41345193,2.397455704,34.36286669,2.629307071,92.40331037,2.397192605,34.36286669,2.629307071,92.40331037,2.397192605,13.06929622,1.000009495,38.65988816,1.002942401,32.89526956,2.517012496,86.8409769,2.252890581,13.06917213,1,38.54646898,1,13.06917213,1,38.54646898,1,13.06917193,0.999999985,38.54635544,0.999997054,13.06917193,0.999999985,38.54635544,0.999997054
111,34.09030831,1,92.09847853,1,34.09030831,2.629493967,92.09847853,2.401640645,34.09030831,2.629493967,92.09847853,2.401640645,34.08792318,2.629309994,92.08835878,2.401376754,34.08792318,2.629309994,92.08835878,2.401376754,12.96471383,1.000009636,38.46266025,1.002986039,32.63202392,2.517011851,86.52620724,2.256333215,12.96458891,1,38.34815117,1,12.96458891,1,38.34815117,1,12.96458871,0.999999985,38.34804118,0.999997132,12.96458871,0.999999985,38.34804117,0.999997132
112,33.81754888,1,91.78173836,1,33.81754888,2.629496654,91.78173836,2.405838524,33.81754888,2.629496654,91.78173836,2.405838524,33.81518277,2.629312676,91.77164078,2.40557384,33.81518277,2.629312676,91.77164078,2.40557384,12.8609706,1.000009766,38.26510428,1.003028093,32.37089156,2.517011252,86.20987528,2.259785474,12.860845,1,38.14958378,1,12.86084499,1,38.14958378,1,12.86084479,0.999999984,38.14947688,0.999997198,12.86084479,0.999999984,38.14947688,0.999997198
113,33.54697477,1,91.46313978,1,33.54697477,2.62949912,91.46313978,2.410045779,33.54697477,2.62949912,91.46313978,2.410045778,33.54462753,2.629315138,91.4530649,2.409780306,33.54462753,2.629315138,91.4530649,2.409780306,12.75805958,1.000009887,38.06725385,1.003068828,32.11185494,2.517010696,85.89191626,2.263244523,12.75793344,1,37.9507894,1,12.75793344,1,37.9507894,1,12.75793324,0.999999984,37.95068523,0.999997255,12.75793324,0.999999984,37.95068523,0.999997255
114,33.2785682,1,91.14258926,1,33.2785682,2.629501384,91.14258926,2.414258958,33.2785682,2.629501384,91.14258926,2.414258958,33.2762397,2.629317398,91.13253781,2.413992707,33.2762397,2.629317397,91.13253781,2.413992707,12.65597392,1.000009998,37.86913742,1.003108481,31.85489671,2.517010181,85.57226575,2.266707703,12.65584738,1,37.75178671,1,12.65584738,1,37.75178671,1,12.65584718,0.999999984,37.75168499,0.999997306,12.65584718,0.999999984,37.75168499,0.999997306
115,33.01231158,1,90.81999166,1,33.01231158,2.629503462,90.81999166,2.418474707,33.01231158,2.629503462,90.81999166,2.418474707,33.01000166,2.629319472,90.80996458,2.418207693,33.01000166,2.629319472,90.80996458,2.418207693,12.55470682,1.000010101,37.67077892,1.003147263,31.5999997,2.517009705,85.25085984,2.270172508,12.55458,1,37.55259106,1,12.55458,1,37.55259106,1,12.5545798,0.999999984,37.55249158,0.999997351,12.5545798,0.999999984,37.55249158,0.999997351
116,32.74818747,1,90.49525061,1,32.74818747,2.629505371,90.49525061,2.422689743,32.74818747,2.629505371,90.49525061,2.422689743,32.745896,2.629321377,90.48524893,2.422421983,32.745896,2.629321377,90.48524893,2.422421983,12.45425157,1.000010196,37.47219839,1.003185361,31.34714694,2.517009263,84.92763538,2.273636569,12.45412458,1,37.3532149,1,12.45412458,1,37.3532149,1,12.45412438,0.999999984,37.35311747,0.999997391,12.45412438,0.999999984,37.35311746,0.999997391
117,32.4861786,1,90.1682688,1,32.4861786,2.629507123,90.1682688,2.426900848,32.4861786,2.629507123,90.1682688,2.426900848,32.48390542,2.629323127,90.1582937,2.426632366,32.48390542,2.629323126,90.1582937,2.426632366,12.35460152,1.000010284,37.2734124,1.003222945,31.09632162,2.517008855,84.6025302,2.277097642,12.35447446,1,37.15366817,1,12.35447446,1,37.15366817,1,12.35447426,0.999999984,37.15357262,0.999997428,12.35447426,0.999999984,37.15357262,0.999997428
118,32.22626785,1,89.83894838,1,32.22626785,2.629508733,89.83894838,2.43110486,32.22626785,2.629508733,89.83894838,2.43110486,32.22401282,2.629324733,89.829,2.43083565,32.22401282,2.629324733,89.829,2.43083565,12.25575009,1.000010365,37.07443453,1.003260163,30.84750712,2.517008477,84.27548327,2.280553598,12.25562305,1,36.95395862,1,12.25562305,1,36.95395862,1,12.25562285,0.999999984,36.95386424,0.999997446,12.25562285,0.999999984,36.95386424,0.999997446
119,31.96843825,1,89.50719135,1,31.96843825,2.629510212,89.50719135,2.435298665,31.96843825,2.629510211,89.50719135,2.435298665,31.96620123,2.629326209,89.49727293,2.435028806,31.96620123,2.629326209,89.49727293,2.435028806,12.15769076,1.00001044,36.87527568,1.003297146,30.60068699,2.517008128,83.94643499,2.284002413,12.15756383,1,36.75409208,1,12.15756383,1,36.75409207,1,12.15756363,0.999999983,36.75399966,0.999997486,12.15756363,0.999999983,36.75399966,0.999997486
120,31.71267298,1,89.17289998,1,31.71267298,2.62951157,89.17289998,2.439479198,31.71267298,2.62951157,89.17289998,2.439479198,31.71045384,2.629327566,89.16301277,2.439208717,31.71045384,2.629327566,89.16301277,2.439208717,12.06041708,1.000010509,36.67594444,1.003334013,30.35584493,2.517007806,83.61532733,2.287442168,12.06029034,1,36.55407271,1,12.06029034,1,36.55407271,1,12.06029014,0.999999983,36.55398201,0.999997519,12.06029014,0.999999983,36.55398201,0.999997519
121,31.4589554,1,88.83597724,1,31.4589554,2.629512818,88.83597724,2.443643443,31.4589554,2.629512818,88.83597724,2.443643443,31.45675398,2.629328812,88.82612271,2.443372371,31.45675398,2.629328812,88.82612271,2.443372371,11.96392266,1.000010572,36.47644732,1.003370865,30.1129648,2.517007509,83.28210411,2.290871041,11.96379617,1,36.35390322,1,11.96379617,1,36.35390322,1,11.96379598,0.999999983,36.35381407,0.999997548,11.96379598,0.999999983,36.35381407,0.999997548
122,31.20726897,1,88.49632728,1,31.20726897,2.629513965,88.49632728,2.44778843,31.20726897,2.629513965,88.49632728,2.44778843,31.20508514,2.629329957,88.48650705,2.447516805,31.20508514,2.629329957,88.48650705,2.447516805,11.86820117,1.000010631,36.276789,1.003407792,29.87203064,2.517007234,82.94671118,2.294287302,11.868075,1,36.15358509,1,11.868075,1,36.15358509,1,11.86807481,0.999999983,36.15349734,0.999997573,11.86807481,0.999999983,36.15349734,0.999997573
123,30.95759732,1,88.15385588,1,30.95759732,2.62951502,88.15385588,2.451911237,30.95759732,2.62951502,88.15385588,2.451911237,30.95543094,2.629331009,88.14407166,2.451639099,30.95543094,2.629331009,88.14407166,2.451639099,11.77324635,1.000010685,36.07697261,1.003444871,29.63302662,2.517006981,82.60909663,2.29768931,11.77312055,1,35.95311875,1,11.77312055,1,35.95311875,1,11.77312035,0.999999983,35.95303228,0.999997595,11.77312035,0.999999983,35.95303228,0.999997595
124,30.70992423,1,87.80847095,1,30.70992423,2.629515989,87.80847095,2.456008992,30.70992423,2.629515989,87.80847095,2.456008992,30.70777516,2.629331976,87.79872459,2.455736386,30.70777516,2.629331976,87.79872459,2.455736386,11.67905197,1.000010735,35.87699998,1.003482165,29.39593706,2.517006748,82.26921103,2.30107551,11.6789266,1,35.75250385,1,11.6789266,1,35.75250385,1,11.6789264,0.999999983,35.75241856,0.999997614,11.6789264,0.999999983,35.75241855,0.999997614
125,30.46423359,1,87.46008305,1,30.46423359,2.629516879,87.46008305,2.46007887,30.46423359,2.629516879,87.46008305,2.46007887,30.4621017,2.629332865,87.45037649,2.459805844,30.4621017,2.629332865,87.45037649,2.459805844,11.58561188,1.00001078,35.6768718,1.003519725,29.16074643,2.517006532,81.92700762,2.30444442,11.58548699,1,35.55173946,1,11.58548699,1,35.55173946,1,11.58548679,0.999999983,35.55165525,0.999997631,11.58548679,0.999999983,35.55165525,0.999997631
126,30.22050946,1,87.10860586,1,30.22050946,2.629517698,87.10860586,2.464118094,30.22050946,2.629517698,87.10860586,2.464118094,30.21839461,2.629333683,87.09894062,2.463844685,30.21839461,2.629333683,87.09894062,2.463844685,11.49291999,1.000010823,35.47658798,1.003557588,28.92743935,2.517006334,81.58244252,2.30779463,11.49279561,1,35.35082432,1,11.49279561,1,35.35082432,1,11.49279542,0.999999983,35.35074089,0.99999764,11.49279542,0.999999983,35.35074089,0.99999764
127,29.97873602,1,86.75395674,1,29.97873602,2.629518451,86.75395674,2.468123932,29.97873602,2.629518451,86.75395674,2.468123932,29.97663807,2.629334434,86.74433575,2.467850218,29.97663807,2.629334434,86.74433575,2.467850218,11.40097025,1.000010862,35.27614786,1.003595779,28.69600057,2.517006151,81.23547493,2.311124787,11.40084642,1,35.14975711,1,11.40084642,1,35.14975711,1,11.40084623,0.999999983,35.14967473,0.999997656,11.40084623,0.999999983,35.14967473,0.999997656
128,29.73889758,1,86.39605723,1,29.73889758,2.629519143,86.39605723,2.472093692,29.73889758,2.629519143,86.39605722,2.472093692,29.7368164,2.629335125,86.38648288,2.471819737,29.7368164,2.629335125,86.38648288,2.471819737,11.30975666,1.000010897,35.07555051,1.003634309,28.46641498,2.517005983,80.88606735,2.31443359,11.30963342,1,34.94853674,1,11.30963342,1,34.94853674,1,11.30963323,0.999999983,34.94845541,0.999997673,11.30963323,0.999999983,34.94845541,0.999997673
129,29.50097859,1,86.03483354,1,29.50097859,2.629519779,86.03483354,2.47602472,28.35806556,2.527648162,86.03483353,2.47602472,29.49891405,2.62933576,86.02530772,2.475750573,28.35608101,2.527471272,86.02530772,2.475750573,11.2192733,1.00001093,34.87479502,1.003673175,28.23866762,2.517005828,80.53418573,2.317719771,11.21915067,1,34.7471626,1,10.78450351,0.961258461,34.7471626,1,11.21915048,0.999999983,34.74708213,0.999997684,10.78450332,0.961258445,34.74708213,0.999997684
130,29.26496363,1,85.67021709,1,29.26496363,2.629520365,85.67021709,2.479914392,27.21130357,2.44499456,82.35122215,2.383838724,29.26291504,2.629336294,85.3400099,2.470355813,27.20939872,2.444823405,82.03380769,2.374650459,11.12951426,1.000010961,34.6738808,1.003712363,28.01274363,2.517005685,80.17979972,2.320982087,11.12939228,1,34.54563487,1,10.34839032,0.929825283,33.20728415,0.961258471,11.12939175,0.999999952,34.4700799,0.997812894,10.34838982,0.929825238,33.13465631,0.959156097
131,29.03083742,1,85.30214498,1,14.3983556,1.304157247,85.30214498,2.483760113,17.59596759,1.593786769,79.31609298,2.309463005,29.02880426,2.629336746,84.66890581,2.465321958,17.59473495,1.593675121,78.72729115,2.292318741,11.04047372,1.000010989,34.47280788,1.003751843,27.78862831,2.517005554,79.82288277,2.324219308,11.0403524,1,34.34395477,1,6.691700128,0.606112911,31.93387804,0.9298253,11.04035137,0.999999906,34.19829215,0.995758712,6.691699327,0.606112838,31.79843724,0.925881642
132,28.79858477,1,84.93056047,1,14.28316581,1.304157493,42.12281187,1.233748985,17.45519624,1.593787069,51.47751807,1.507742073,28.79656646,2.629337111,83.99372627,2.460120061,17.4539726,1.593675342,50.90969009,1.491110771,10.95214589,1.000011015,34.27157722,1.003791573,27.56630708,2.517005433,79.46341237,2.327430197,10.95202526,1,34.14212485,1,6.638163907,0.606112911,20.69413117,0.60611726,10.95202338,0.999999828,33.92529781,0.993649281,6.638162595,0.606112791,20.56256534,0.602263785
133,28.56819066,1,84.55541345,1,14.16889779,1.304157719,41.93675104,1.235608918,17.31555138,1.593787345,51.25013655,1.510015063,28.56618719,2.629337446,83.63665813,2.464239554,17.31433674,1.593675545,50.69326642,1.493607648,10.86452504,1.000011038,34.07019095,1.003831502,27.34576548,2.517005321,79.10137018,2.330613507,10.86440511,1,33.94014921,1,6.585056205,0.606112911,20.57196638,0.606124807,10.86440246,0.999999756,33.72825302,0.993756769,6.58505443,0.606112747,20.44338664,0.602336381
134,28.33964018,1,84.17666083,1,14.05554414,1.304157926,41.74890196,1.237443245,17.17702397,1.593787599,51.02056964,1.512256762,28.33765154,2.629337754,83.26559836,2.468003886,17.17581832,1.593675732,50.46836223,1.495889258,10.77760547,1.00001106,33.86865269,1.003871564,27.12698919,2.517005219,78.73674216,2.33376796,10.77748627,1,33.73803373,1,6.532373573,0.606112911,20.45096511,0.606169443,10.77748293,0.99999969,33.52723096,0.993751777,6.53237138,0.606112707,20.32278458,0.602370154
135,28.11291852,1,83.79426698,1,13.94309754,1.304158117,41.55924694,1.239250711,17.03960503,1.593787832,50.78879572,1.514465633,28.11094469,2.629338035,82.74858598,2.467471179,17.03840835,1.593675902,50.15499427,1.495566376,10.69138155,1.00001108,33.66696773,1.003911687,26.90996398,2.517005124,78.36951876,2.336892245,10.69126309,1,33.53578623,1,6.480112591,0.606112911,20.32978612,0.606211704,10.69125912,0.999999629,33.29095766,0.992699483,6.480110018,0.60611267,20.18008644,0.601747825
136,27.88801103,1,83.40820408,1,13.83155071,1.304158293,41.36777218,1.241030064,16.90328568,1.593788047,50.55479794,1.516640149,27.88605197,2.629338294,82.36338731,2.470895445,16.90209796,1.593676059,49.92152031,1.497641867,10.60584769,1.000011099,33.46514326,1.003951789,26.69467579,2.517005038,77.999695,2.339985003,10.60572998,1,33.33341662,1,6.428269871,0.606112911,20.20844217,0.60625175,10.60572544,0.999999572,33.08702574,0.992608292,6.428266955,0.606112636,20.05742774,0.601721329
137,42.95597462,1,83.01845242,1,21.30477343,1.282952527,41.17446793,1.242780062,26.0361745,1.567872852,50.31856437,1.518778789,42.75738824,2.574807918,81.97430191,2.474252446,25.91580831,1.560624518,49.68569056,1.499676588,16.65603365,1.003009984,33.26318852,1.003991783,40.63773561,2.447164518,77.62727059,2.343044828,16.6060497,1,33.130937,1,10.07213184,0.606533885,20.08694696,0.606289733,16.55969895,0.997208804,32.88294134,0.99251468,10.04357,0.604813919,19.93461583,0.601691882
138,58.05691512,1,82.77785877,1,28.79435163,1.273491093,41.05514122,1.244510424,35.18905107,1.556310198,50.1727374,1.520893434,57.63819986,2.549171277,81.62092578,2.474186909,34.93526178,1.54508583,49.47150466,1.499636864,22.71054358,1.004421816,33.12244412,1.004045431,54.6106094,2.415269687,77.39268465,2.346015625,22.61056382,1,32.98898942,1,13.71873916,0.606740251,20.00217995,0.606328969,22.51199225,0.995640464,32.71261894,0.991622341,13.65791181,0.604050032,19.83195605,0.601168948
139,72.69086815,1,82.56276726,1,36.05231913,1.268528994,40.94846274,1.246223043,44.05888044,1.550246105,50.0423676,1.522986394,72.0578393,2.535411331,81.40213837,2.477387764,43.67519279,1.536745755,49.33889473,1.501576943,28.56909309,1.005225844,32.99322325,1.004113764,68.15035128,2.397923314,77.18038077,2.348903048,28.42057162,1,32.85805297,1,17.24742458,0.606864099,19.92413011,0.606369773,28.27078792,0.994729744,32.5787195,0.991498782,17.15488977,0.603608189,19.75173829,0.601123211
140,100.8493394,1,82.36979014,1,50.01801032,1.263668027,40.8527523,1.247918018,61.12609627,1.544305601,49.92540163,1.525057793,99.80897918,2.52160002,81.21065734,2.48072007,60.4955196,1.528374548,49.22283556,1.503596696,39.82301432,1.006098995,32.87416642,1.004198305,94.20850089,2.380108079,76.98697873,2.351700497,39.58160628,1,32.73672767,1,24.02627454,0.607006052,19.85196362,0.606412584,39.3339626,0.993743466,32.45597481,0.991423918,23.87307228,0.60313551,19.67839117,0.601110513
141,127.5050842,1,82.33929503,1,63.23839781,1.26145672,40.83762767,1.249604623,77.2824901,1.5416032,49.90691812,1.527118963,126.0795095,2.514988519,81.1755572,2.48391881,76.41842966,1.524367235,49.20156087,1.505535493,50.4607907,1.006573628,32.82136353,1.004312198,118.8745088,2.371265768,76.94133847,2.354354494,50.13124654,1,32.68043901,1,30.434132,0.607089073,19.81939598,0.606460518,49.79046188,0.993202151,32.39662416,0.991315452,30.223105,0.602879583,19.64358453,0.601080803
142,153.9878678,1,82.34779162,1,76.37300209,1.260355723,40.84184167,1.251283531,93.33404984,1.540257691,49.91206799,1.529170726,152.1799312,2.51136975,81.17391231,2.486949057,92.23823471,1.522173854,49.20056386,1.507372164,61.01377218,1.006887969,32.78539534,1.004455812,143.3790431,2.366131912,76.92819708,2.356871829,60.59638618,1,32.63995781,1,36.7910213,0.607148769,19.79658085,0.606513678,60.1625424,0.992840435,32.35149732,0.991162351,36.52214047,0.602711527,19.61747566,0.601026379
143,190.950985,1,82.40813041,1,94.70551291,1.259668331,40.87176772,1.252954657,115.7378761,1.539417641,49.94864009,1.531212979,188.6033182,2.508593425,81.20055388,2.489263808,114.3149232,1.52049109,49.21671163,1.508775164,75.72298837,1.007183715,32.77137536,1.004631061,177.5822562,2.362003408,76.95923176,2.359242901,75.18289585,1,32.62030871,1,45.65174804,0.607209227,19.7865836,0.606572543,74.61678953,0.992470278,32.32086489,0.990820325,45.30053115,0.602537727,19.60003005,0.600853604
144,226.8782805,1,82.62843611,1,112.5242896,1.259516219,40.98103219,1.254624295,137.5138774,1.539231747,50.08217021,1.533253414,224.0071905,2.50737588,81.39997801,2.492040454,135.7736706,1.519753121,49.33758515,1.510458124,89.99914496,1.0073859,32.82232538,1.004847478,210.8252339,2.359826509,77.13364089,2.361427585,89.33929385,1,32.66398741,1,54.25167619,0.607254365,19.81526038,0.606639359,88.64413311,0.992218869,32.35697563,0.990600909,53.82002253,0.602422744,19.62343489,0.600766668
145,261.5338448,1,82.91507415,1,61.72941248,0.599469272,41.12319535,1.256292235,158.5132463,1.539360518,50.25590523,1.535291773,258.0321568,2.505812755,81.21386797,2.481041438,156.3909039,1.518749937,49.22478144,1.503791478,103.7494513,1.007536044,32.90089646,1.005105279,242.8893439,2.358757233,77.36399786,2.363429908,102.973439,1,32.73378136,1,62.53253896,0.607268628,19.86004882,0.606714165,102.1252982,0.9917635,32.28189003,0.986194955,62.0055431,0.602150843,19.57822362,0.598104551
146,305.1181829,1,83.26624123,1,72.58064523,0.604340181,20.43883028,0.62258606,181.7047374,1.512958084,50.4669666,1.537271433,300.6823131,2.503620669,81.01297886,2.467731795,179.063242,1.490963766,49.10128329,1.49567143,121.021654,1.007682531,33.00634354,1.005404375,283.214383,2.358174566,77.64852583,2.365247381,120.0989897,1,32.82892372,1,71.66496525,0.596715804,19.91978605,0.606775483,119.0269606,0.991073787,32.20038566,0.980854137,71.00999618,0.591262227,19.5285346,0.594857595
147,346.9370689,1,83.78358045,1,82.99109567,0.607967622,20.56180364,0.623288068,206.5115335,1.512840925,49.92732494,1.513442422,341.4574089,2.501413521,80.94603765,2.453709816,203.2498216,1.488946612,48.2368273,1.462198522,137.5701159,1.007796987,33.17895974,1.005750764,321.9034605,2.358167221,78.08064732,2.366851501,136.505782,1,32.98924638,1,81.4210927,0.596466256,19.68374249,0.596671481,135.1859315,0.990331175,32.17229175,0.975235729,80.6144946,0.590557363,19.18424824,0.581530357
148,386.5765925,1,84.3787117,1,92.85927399,0.610784188,20.70391632,0.623991901,230.1264911,1.513662727,50.25344977,1.514580391,379.9645989,2.499226613,80.9001975,2.438237639,226.1902719,1.487772148,48.18236081,1.452160184,153.2326486,1.007891563,33.3836094,1.006143069,358.5731352,2.358523728,78.57804126,2.368250557,152.0328716,1,33.17978371,1,90.69503988,0.596548884,19.78950501,0.59643261,150.446364,0.989564706,32.15271004,0.969045197,89.72477663,0.590166953,19.16221124,0.577526707
149,434.1249268,1,85.04646459,1,104.6670179,0.61338907,20.86392498,0.624696866,258.4520944,1.514628895,50.65083383,1.516561106,426.0309681,2.496705688,80.88550035,2.421831876,253.6331252,1.486387878,48.17348396,1.442385576,172.0005265,1.007989384,33.6182083,1.00657903,402.5577536,2.359143603,79.13600837,2.369449491,170.6372401,1,33.39847871,1,101.8071261,0.596629001,19.92352909,0.596540018,168.7044483,0.988673095,32.14321175,0.962415445,100.6242685,0.589696999,19.15751471,0.573604411
150,479.0089574,1,85.88536119,1,54.99579531,0.292263988,21.06608936,0.625406397,264.8973719,1.407743297,51.15026478,1.518540164,469.3766952,2.494407143,81.07478524,2.406934122,259.5710992,1.379437902,48.28618016,1.433511717,189.690861,1.008073565,33.92167936,1.007060917,444.0739069,2.359940612,79.84527875,2.370432747,188.171645,1,33.68384058,1,104.2908153,0.554232362,20.09774023,0.596658216,185.8827567,0.987836168,32.20635365,0.956136625,102.9892079,0.547315234,19.1978488,0.569942396
151,521.6850092,1,86.80593965,1,28.66564186,0.139957394,10.50706971,0.309025672,278.6027883,1.360252824,48.15034855,1.41616019,510.4369363,2.492162006,81.04099518,2.383514027,272.5954722,1.330922648,44.95850736,1.322284267,206.4861892,1.008150075,34.25856962,1.007586112,483.5432201,2.360855878,80.62275314,2.371213021,204.816916,1,34.00063699,1,109.6274159,0.535245907,18.89857192,0.555829937,202.1551708,0.987004271,32.19024031,0.946754036,108.1648255,0.528104942,17.87399801,0.525695975
152,570.4854729,1,87.80958242,1,31.76349065,0.141907983,5.240715738,0.152570802,304.8431861,1.361930973,47.07374381,1.370438548,557.2711604,2.489689414,81.07919057,2.360425137,297.7797913,1.330374236,43.47531188,1.265678879,225.6740514,1.008231426,34.62938123,1.008150937,528.6738028,2.361926588,81.46992802,2.371800516,223.8315981,1,34.34940143,1,119.8835592,0.535597119,18.45645177,0.537315091,220.7172124,0.986086032,32.20340973,0.937524626,118.1697237,0.527940312,17.28375914,0.503174973
153,617.4186673,1,88.97669716,1,34.74110285,0.143504311,5.306055525,0.152641874,330.0788072,1.363449283,47.69756886,1.372139112,602.3842393,2.488255354,82.16009771,2.363539405,322.0377857,1.330234412,44.05328417,1.267302206,244.1022976,1.008308002,35.06577065,1.008754042,572.0720002,2.363045253,82.46094441,2.372194008,242.091005,1,34.76146729,1,129.7342649,0.53589048,18.68216221,0.537438827,238.5583916,0.985407911,32.5789797,0.937215321,127.7878044,0.527850278,17.48906608,0.503116452
154,661.4219481,1,90.23978228,1,37.53454235,0.144819058,5.377287504,0.152719108,353.7397712,1.364829757,48.3729092,1.373827893,644.7102263,2.487477443,83.24831878,2.364316397,344.7978001,1.330329061,44.63530444,1.267677038,261.3545512,1.008381013,35.54104214,1.009392981,612.7541717,2.364181795,83.53313725,2.37240546,259.1823408,1,35.21031233,1,138.9562846,0.536133304,18.92828508,0.537577881,255.262445,0.984875915,32.96790481,0.936313898,136.7941204,0.527791053,17.7001355,0.502697486
155,709.6989679,1,91.58592239,1,40.58003288,0.146015713,5.453654777,0.152802462,379.6904937,1.366208313,49.09284747,1.375501064,691.1967744,2.487075118,84.38132271,2.36422626,369.7869208,1.330573121,45.24138488,1.267589399,280.2664945,1.008459314,36.05005393,1.010063382,657.3823735,2.365403608,84.67483044,2.372449865,277.9155199,1,35.69088295,1,149.0616552,0.536355995,19.19186769,0.537724654,273.5797335,0.984398905,33.38074569,0.935273743,146.6676147,0.527741721,17.92343765,0.502185325
156,756.6510981,1,93.0823894,1,43.53913913,0.147037961,5.53924877,0.152894032,404.9278333,1.367499774,49.89347972,1.377157015,736.4176492,2.486988757,85.6428057,2.363907895,394.094481,1.330913979,45.91640541,1.267382034,298.6360303,1.008537004,36.61920978,1.010761364,700.7779385,2.366628307,85.9481791,2.372336794,296.1081538,1,36.22933274,1,158.8761536,0.536547716,19.48698948,0.537878785,291.3681232,0.983992232,33.84790898,0.934268076,156.2564195,0.527700496,18.17575704,0.501686221
157,800.7110844,1,94.68158232,1,46.31734019,0.147906935,5.631206774,0.152992859,428.6111984,1.368700541,50.74927901,1.37879456,778.8500867,2.487131784,86.99348344,2.363504351,416.9037524,1.331314705,46.63929307,1.267131373,315.8493103,1.008613688,37.22970837,1.011484702,741.4908033,2.367830955,87.30904313,2.372077714,313.1519172,1,36.80699103,1,168.0724599,0.536712218,19.80361593,0.538039524,308.029991,0.983643957,34.35248823,0.933314223,165.2391871,0.527664619,18.44816645,0.501213653
158,846.9445343,1,96.36589427,1,49.22144155,0.148697046,5.728477884,0.153098348,453.4580683,1.369888264,51.65080686,1.380410881,823.3908305,2.487448156,88.42032638,2.36310695,440.8416278,1.331774236,47.40306304,1.266886386,333.896556,1.008695193,37.87456851,1.012229424,784.2038957,2.369065166,88.74141127,2.371688211,331.0182882,1,37.41698038,1,177.7116772,0.536863622,20.13803767,0.538205848,325.4974064,0.983321521,34.88854256,0.932425391,174.6550877,0.527629723,18.73755017,0.500776652
159,892.2265898,1,98.18073454,1,52.06264429,0.149393713,5.833821442,0.153211544,477.7922905,1.371024567,52.62242747,1.382003793,867.0152144,2.487899413,89.9699378,2.362847959,464.2856981,1.332267412,48.23272033,1.266718501,351.5520869,1.008778411,38.57154869,1.012990642,826.0273169,2.370284676,90.28734354,2.371183871,348.4928731,1,38.07690523,1,187.1402922,0.536998908,20.49972831,0.538376955,342.5796352,0.983031969,35.47386045,0.931637176,183.8637854,0.527596974,19.05353758,0.500396171
160,935.4667974,1,100.0987504,1,54.77523338,0.150005977,5.945591678,0.15333159,501.0290254,1.372104581,53.64947206,1.383572787,908.6679742,2.488453615,91.61659572,2.362711575,486.6699982,1.332781336,49.1144724,1.266619127,368.3899718,1.008862845,39.30983764,1.013766203,865.9522191,2.3714734,91.9215416,2.370575862,365.1536716,1,38.7760388,1,196.1312084,0.537119639,20.88291955,0.538552163,358.8631228,0.982772873,36.0979677,0.930934897,192.642902,0.527566657,19.39052109,0.500064516
161,978.9092903,1,102.1071216,1,27.26540294,0.071399176,6.063020083,0.153457812,524.372206,1.373159361,54.72506674,1.385116476,950.5199116,2.48910087,93.34877306,2.362700153,509.1591211,1.333321266,50.04214097,1.266589482,385.2910143,1.008951193,40.08433973,1.014552977,906.051849,2.372653554,93.63236209,2.369877921,381.8727971,1,39.50936091,1,205.1539544,0.53723113,21.28490276,0.538730627,375.20276,0.982533354,36.75606975,0.930312941,201.4523559,0.527537854,19.74594538,0.499778911
162,1021.599269,1,104.2240709,1,28.65210939,0.071939463,3.028135628,0.075169885,547.3097506,1.374180477,55.85898914,1.386633326,991.5057709,2.489463912,93.38911622,2.318274334,531.1817315,1.333686389,50.06436031,1.24278852,401.8823368,1.009042614,40.90212459,1.015346857,945.4429516,2.373809793,95.43678936,2.369105397,398.2808371,1,40.28389344,1,214.0097291,0.537333733,21.70945318,0.538911494,391.2046619,0.982233202,36.76790911,0.912719848,210.0798257,0.527466567,19.75345676,0.490356196
163,1061.983317,1,106.4397617,1,29.96433363,0.072416563,3.090485176,0.075202062,569.0084549,1.375156111,57.04596444,1.38812319,1030.405859,2.490242284,95.57280254,2.325612772,552.0836432,1.334252926,51.23422824,1.246703794,417.5575338,1.009135786,41.75926599,1.016145596,982.6895963,2.374923591,97.32580424,2.368269292,413.7773526,1,41.09575063,1,222.3752905,0.537427409,22.15447832,0.539094139,406.348001,0.98204505,37.56381867,0.91405603,218.245869,0.527447594,20.18925892,0.491273638
164,1100.61695,1,108.7365066,1,31.21901035,0.072843031,3.155420019,0.075240041,589.7664092,1.376096563,58.27650566,1.389585752,1067.721905,2.491305745,97.76644733,2.331211535,572.1340902,1.334955234,52.4095316,1.24968952,432.5357088,1.009231609,42.64877269,1.016947159,1018.304482,2.376000525,99.28328718,2.367380125,428.579233,1,41.93804203,1,230.3674315,0.537514219,22.6162601,0.539277921,420.8329722,0.981925721,38.3731997,0.914997407,226.0586325,0.527460537,20.63057376,0.491929827
165,1140.162635,1,111.1146094,1,32.49629053,0.073236409,3.222959291,0.075283662,611.011932,1.377028552,59.55077654,1.391019909,1106.011361,2.492601441,100.0052868,2.335978689,592.7050576,1.33577062,53.60914883,1.252232089,447.8589534,1.009333097,43.570698,1.017748414,1054.745575,2.377064499,101.3098139,2.366450552,443.717693,1,42.81087292,1,238.5415153,0.537597484,23.09484199,0.539462067,435.6657539,0.981853464,39.20594106,0.915794012,234.0593909,0.527496186,21.08362278,0.492482898
166,1176.965101,1,113.5961878,1,33.68671693,0.073587076,3.293774895,0.075333224,630.7843049,1.377919151,60.88064202,1.392425154,1141.718012,2.494030212,102.3278849,2.340381377,611.8889615,1.336643147,54.85376002,1.254581961,462.1000531,1.009436202,44.533619,1.018545949,1088.637146,2.378077515,103.4258439,2.365493232,457.7803453,1,43.72273932,1,246.1369463,0.53767478,23.59479727,0.539645906,449.4577801,0.981819741,40.07497579,0.916570563,241.5008989,0.527547548,21.55579571,0.493011098
167,1210.581738,1,116.1450242,1,34.77723235,0.073900053,3.366786385,0.07538777,648.8461772,1.378768907,62.24667389,1.393803288,1174.399416,2.495545872,104.7078716,2.344577898,629.4485403,1.337549802,56.12921803,1.256823598,475.0880487,1.009540709,45.52331477,1.019340342,1119.570618,2.379037146,105.5980578,2.364510601,470.5982081,1,44.65958317,1,253.0626756,0.53774679,24.10855064,0.53982928,462.0404992,0.981815254,40.96864642,0.917353981,248.292367,0.527610099,22.04105231,0.493534662
168,1245.393578,1,118.7501923,1,35.89952593,0.074193341,3.441670756,0.075446782,667.5477486,1.37961704,63.64301056,1.395153893,1208.300004,2.497186574,107.139801,2.348671269,647.6607151,1.338516624,57.43260169,1.25901206,488.5346992,1.009651815,46.53545813,1.020129705,1151.588673,2.379981596,107.8167354,2.363510727,483.8645285,1,45.61719742,1,260.2307819,0.53781744,24.63381748,0.540011638,475.0744579,0.981833612,41.88400538,0.918162618,255.327504,0.527683864,22.5379369,0.494066672
169,1277.520018,1,121.4478539,1,36.93734365,0.074458083,3.519516737,0.075510703,684.8074118,1.380430808,65.08904984,1.396475781,1239.645187,2.498869576,109.6620084,2.352781907,664.5007471,1.339496751,58.78447631,1.261212103,500.9265138,1.009764761,47.58410468,1.020909814,1181.11036,2.380875411,110.115269,2.362506546,496.082388,1,46.60950855,1,266.8349054,0.537884254,25.17809431,0.540192229,487.0886697,0.981870515,42.83541041,0.919027292,261.8145529,0.527764257,23.05427339,0.49462597
170,1305.799997,1,124.1995557,1,37.85603474,0.074695337,3.599172602,0.075578544,700.0024052,1.381204231,66.56416331,1.397771956,1267.298867,2.500560774,112.238638,2.356884138,679.3592643,1.34047238,60.1656086,1.263409562,511.8122541,1.009878317,48.65418456,1.02168271,1207.065184,2.381711158,112.4581894,2.361494469,506.8058652,1,47.62161882,1,272.6347391,0.537947087,25.73335387,0.540371254,497.6436907,0.981921728,43.80846,0.919927988,267.5168897,0.527848843,23.58236616,0.495202951
171,1335.161956,1,126.9868734,1,38.80368471,0.074919781,3.680086598,0.07564965,715.7765644,1.381977606,68.05846662,1.399042945,1296.048976,2.502332084,114.8530245,2.36097464,694.8047292,1.34148647,61.5670596,1.265602425,523.1151551,1.009998742,49.73845673,1.022447911,1233.997751,2.382527373,114.8287977,2.360476621,517.9364421,1,48.64644566,1,278.6547926,0.538009628,26.29576161,0.540548467,508.6068405,0.981986976,44.79638685,0.920856318,273.4397831,0.527940807,24.11860773,0.495793833
172,1361.781,1,129.8498335,1,39.66568145,0.075124244,3.763460075,0.075724471,730.078156,1.382720979,69.59342988,1.400287388,1322.170102,2.504104968,117.5450856,2.365121264,708.8387717,1.342494954,63.01024309,1.267827277,533.34492,1.010120908,50.85247585,1.023201194,1258.38182,2.383294073,117.2638977,2.359463491,528.0010698,1,49.69939063,1,284.1013073,0.538069568,26.87361218,0.540723173,518.5297616,0.982061953,45.81445132,0.921831249,278.8034291,0.528035728,24.6712594,0.496409696
173,1383.479276,1,132.7499566,1,40.37683142,0.075307024,3.848137535,0.075802119,741.738967,1.383420937,71.14841015,1.401509222,1343.535206,2.505834015,120.2774265,2.36927181,720.3204389,1.343473136,64.4750999,1.270055746,541.6542833,1.010242025,51.98118601,1.023945741,1278.211512,2.383998477,119.7278491,2.35844602,536.1628897,1,50.76556687,1,288.523179,0.538125977,27.45888604,0.540895881,526.5885542,0.982142861,46.84788972,0.922828062,283.1640871,0.528130709,25.2323998,0.497037684
174,1407.532681,1,135.6582296,1,41.15564009,0.075483906,3.933246744,0.075881835,754.662074,1.384132065,72.70784212,1.402709979,1367.228086,2.507644546,123.0221234,2.373394054,733.0497579,1.344492734,65.94665099,1.272270264,550.8791445,1.010372078,53.11323459,1.024682648,1300.190199,2.384689794,122.1941014,2.357419509,545.2240382,1,51.83383821,1,293.4306377,0.538183604,28.04556336,0.541066692,535.5378247,0.982234434,47.88570455,0.923830961,288.005125,0.528232625,25.79612483,0.497669587
175,1428.094748,1,138.6358584,1,41.82680147,0.075644988,4.020622197,0.075964399,765.7112975,1.384811174,74.30455668,1.403887446,1387.547595,2.509420222,125.8392746,2.377568559,743.9685049,1.345488701,67.45713505,1.274514367,558.7427718,1.01050257,54.27242271,1.025406466,1318.933289,2.385329252,124.7185951,2.356394786,552.9355278,1,52.92771647,1,297.6114253,0.538238927,28.64632197,0.541234799,543.1650387,0.982329786,48.95100215,0.924865182,292.1349428,0.528334549,26.37492473,0.498319718
176,1445.601983,1,141.6262604,1,42.40355394,0.075792799,4.108562846,0.076048813,775.1208419,1.385463554,75.90819896,1.405048094,1404.913764,2.511165629,128.6731409,2.381718363,753.302046,1.346464285,68.97665166,1.27674631,565.4162957,1.01063425,55.43666433,1.026123405,1334.84379,2.385921423,127.2487355,2.355352856,559.4667861,1,54.02533855,1,301.1567751,0.5382925,29.2493912,0.54140135,549.6358014,0.982427939,50.02196918,0.925898301,295.6426441,0.528436453,26.95707658,0.498970988
177,1464.53388,1,144.6250486,1,43.02045851,0.075935335,4.196933364,0.076134847,785.2936953,1.386120508,77.51641328,1.406193461,1423.693787,2.512959379,131.5194391,2.385840203,763.3931291,1.347463858,70.50290281,1.278964244,572.6444565,1.010773714,56.60421369,1.026833825,1352.044599,2.386491523,129.7801583,2.354288625,566.5407088,1,55.1249991,1,304.9955415,0.538347089,29.8538514,0.541566474,556.6448667,0.982532867,51.09678266,0.926925778,299.4411324,0.528543012,27.54162872,0.499621391
178,1480.120413,1,147.6688931,1,43.53448988,0.076066039,4.286829888,0.076222937,793.6711056,1.386749159,79.14886785,1.40732413,1439.228223,2.514704785,134.4138089,2.389974763,771.7423245,1.348433894,72.05500628,1.281190139,578.5710004,1.010913516,57.78931039,1.027535746,1366.147253,2.387013387,132.3457012,2.353202311,572.3249231,1,56.24068127,1,308.1396993,0.538399931,30.46726652,0.54173004,562.3880115,0.98263764,52.1890124,0.927958396,302.5583911,0.528647939,28.13594322,0.500277425
179,1494.351297,1,150.7103658,1,44.00547601,0.076188774,4.376824127,0.076312415,801.32046,1.387364223,80.78011793,1.40844724,1453.455556,2.516436731,137.3090996,2.394062143,779.3895395,1.349394178,73.60766816,1.283391504,583.9710597,1.011056869,58.97345803,1.028235738,1378.982519,2.38749802,134.900846,2.352072874,577.5847802,1,57.35402481,1,311.0018912,0.538452366,31.07976599,0.541893374,567.6177832,0.982743664,53.28020338,0.928970609,305.3998087,0.528753214,28.73011289,0.500925837
180,1508.788102,1,153.7609899,1,44.4803893,0.076306113,4.467256259,0.076403395,809.0794712,1.387975931,82.41634163,1.409565045,1467.898462,2.51817999,140.2162245,2.398115286,787.1516235,1.350358706,75.16674188,1.285575285,589.4527198,1.011206212,60.16111258,1.028934307,1391.986051,2.387952239,137.4552137,2.350893773,582.9203901,1,58.46934269,1,313.9057501,0.538505352,31.69370269,0.542056764,572.9244828,0.98285202,54.37435564,0.929963518,308.2834477,0.528860292,29.32634304,0.501567859
181,1519.985085,1,156.831659,1,44.85592573,0.076414263,4.558446913,0.076496048,815.0997679,1.388562317,84.06337904,1.410681407,1479.184894,2.519863807,143.1451585,2.402142479,793.2197407,1.35128862,76.73757721,1.28774592,593.6758573,1.011355856,61.35648569,1.02963329,1401.991477,2.388361045,140.0174287,2.34965553,587.0098576,1,59.59061955,1,316.1382481,0.538556966,32.31127417,0.542220813,577.0052569,0.982956673,55.4750554,0.93093604,310.5071472,0.52896411,29.9266269,0.502203654
182,1530.729819,1,159.886292,1,45.2158373,0.07651725,4.64930635,0.076590019,820.8767249,1.389142241,85.70187134,1.411803717,1489.961025,2.521411235,145.1848589,2.391692507,799.0134224,1.352143705,77.83225234,1.282164105,597.7253425,1.011510616,62.54551701,1.030339152,1411.560275,2.388736267,142.5530479,2.348337554,590.9234496,1,60.70381476,1,318.2766583,0.538608949,32.92495431,0.542386907,580.8970901,0.983032727,56.13343385,0.924710153,312.6292556,0.529052038,30.31646976,0.499416221
183,1541.940005,1,162.9449118,1,45.5877551,0.076616359,4.74042784,0.0766856,826.9026564,1.389721225,87.34255518,1.412934962,1501.238888,2.523034035,148.2265969,2.397852233,805.0755827,1.353037889,79.46367413,1.285478804,601.958359,1.011672053,63.73597699,1.031052848,1421.534663,2.389080356,145.0789387,2.346932768,595.013332,1,61.81640169,1,320.5109877,0.538661859,33.5388282,0.542555491,584.9731318,0.983126092,57.26183919,0.926321132,314.8513327,0.529150047,30.93403443,0.500417908
184,1549.366654,1,166.0140658,1,45.84425197,0.076707407,4.831999596,0.07678301,830.8982988,1.390273612,88.98893827,1.414080948,1508.840377,2.524618192,151.2401155,2.403284835,809.1649827,1.353909046,81.08002092,1.288404099,604.7228103,1.011832816,64.93039561,1.031778075,1428.014329,2.389378629,147.5992013,2.345428798,597.6509169,1,62.93058286,1,321.9625118,0.538713324,34.15416144,0.542727556,587.6221862,0.983219752,58.3830918,0.92773798,316.3051162,0.52924727,31.54739758,0.50130471
185,1556.995523,1,169.0506512,1,46.10502075,0.076795064,4.922719187,0.076881977,835.0017634,1.390824957,90.61789417,1.415250917,1516.653224,2.526221197,154.1979513,2.40823067,813.3671538,1.354789158,82.66655865,1.291068657,607.5689275,1.01200029,66.11199856,1.032523073,1434.657129,2.389643981,150.0726503,2.3438026,600.3643805,1,64.02956048,1,323.4557878,0.538765787,34.76195868,0.542904846,590.3477564,0.983315759,59.48302615,0.928993198,317.801003,0.529346866,32.14960574,0.502105676
186,1564.65252,1,172.0862121,1,46.36491231,0.076879305,5.013523729,0.076982935,839.1196881,1.391374105,92.24633902,1.416447661,1524.498792,2.527825497,157.138545,2.412871089,817.5862969,1.355668825,84.24390535,1.293569848,610.4291539,1.012174222,67.29304414,1.033288432,1441.302531,2.389874826,152.5263196,2.342050113,603.0870384,1,65.12513066,1,324.9548642,0.538819181,35.36866116,0.543087757,593.082369,0.983410903,60.57470783,0.930128005,319.3025637,0.529446901,32.7480187,0.502847647
187,1569.943057,1,175.1181523,1,46.55213578,0.076958156,5.104325221,0.077086084,841.9675614,1.391907581,93.87287467,1.417678542,1530.023262,2.529374141,160.0629786,2.417288818,820.5597729,1.356517069,85.81263839,1.295951962,612.3727117,1.012350426,68.47251692,1.034079529,1445.754469,2.390064295,154.9556838,2.340157886,604.9019151,1,66.21590992,1,325.9648381,0.53887222,35.97361903,0.543277576,594.9200317,0.983498344,61.65746579,0.931157872,320.3211798,0.529542347,33.34245938,0.503541512
188,1574.692504,1,178.1216966,1,46.72153777,0.077033643,5.194369596,0.07719144,844.5245923,1.39243717,95.48420546,1.418952419,1535.010622,2.530898291,162.9486977,2.421515136,823.244594,1.357351086,87.36065534,1.298231604,614.1093938,1.012532677,69.640783,1.0349037,1449.685918,2.390216432,157.3360706,2.33810814,606.508222,1,67.29204176,1,326.8631087,0.538926097,36.57160318,0.543475903,596.5493503,0.983579989,62.72191618,0.9320852,321.228158,0.52963529,33.92797969,0.504190077
189,1578.612925,1,181.110043,1,46.86454099,0.077105734,5.28404196,0.077299303,846.636344,1.392961829,97.08740539,1.420274255,1539.174393,2.532387361,165.8094767,2.425597122,825.4871047,1.358165209,88.8953417,1.300434024,615.5273787,1.012720691,70.80297428,1.035764023,1452.832431,2.390329844,159.6775452,2.335894195,607.7957963,1,68.35820971,1,327.5902264,0.538980737,37.16523423,0.543683552,597.860712,0.983653911,63.77283485,0.932921373,321.9643582,0.529724556,34.50724809,0.504800349
190,1581.614876,1,184.0787646,1,46.97852197,0.077174589,5.373198222,0.077409871,848.2548561,1.393481896,98.68009397,1.421651126,1542.423345,2.533836371,168.6408122,2.429551806,827.2383879,1.358956814,90.41427787,1.302568277,616.5919885,1.012914653,71.95737353,1.036665826,1455.111408,2.39040353,161.9740243,2.333505623,608.7304462,1,69.41231371,1,328.1277525,0.53903621,37.75347793,0.543901736,598.8195917,0.983718813,64.80804703,0.933667869,322.5111478,0.529809458,35.07917205,0.505373905
191,1584.022591,1,187.0251181,1,47.07326932,0.077240685,5.461744667,0.077523356,849.5540782,1.394000039,100.2607938,1.423089815,1545.072951,2.535249738,171.4394178,2.43339076,828.6676921,1.359728385,91.91569729,1.304640504,617.4292982,1.013115572,73.10292053,1.037614182,1456.818927,2.390437164,164.2209999,2.330933393,609.436194,1,70.45289257,1,328.5426784,0.539092823,38.33564536,0.544131603,599.5478011,0.983774523,65.82588814,0.934324848,322.934248,0.529890169,35.64293123,0.505911538
192,1585.991869,1,189.9505236,1,47.15351484,0.077304326,5.549712518,0.077639997,850.6176048,1.394517899,101.8302611,1.424596517,1547.274066,2.536629112,174.2059564,2.437126214,829.8559587,1.36048088,93.39995141,1.306657216,618.0998808,1.013324133,74.2401753,1.03861361,1458.096618,2.390429989,166.4178215,2.328170882,609.9725257,1,71.48007166,1,328.867166,0.539150785,38.91190488,0.544374173,600.1035979,0.983820701,66.82623208,0.934893188,323.2651176,0.529966685,36.19853308,0.506414337
193,1587.0688,1,192.8555024,1,47.20569139,0.077365353,5.637106163,0.077760027,851.2019645,1.395033911,103.38877,1.426177422,1548.579071,2.537964442,176.9401536,2.440768491,830.5630878,1.36120888,94.86688874,1.308623894,618.4273513,1.013539868,75.36935008,1.039668674,1458.52831,2.390380353,168.5630747,2.325212413,610.1657871,1,72.49362414,1,329.007472,0.539209964,39.48223525,0.544630452,600.3150703,0.983855672,67.80860468,0.935373358,323.4110265,0.530037956,36.74579463,0.506883123
194,1588.095242,1,195.7349633,1,47.25511665,0.077424551,5.723761866,0.077883644,851.7587764,1.395553443,104.9335842,1.427838915,1549.81394,2.539273137,179.6361413,2.444322044,831.2321743,1.361921891,96.31335698,1.310542856,618.7388365,1.013764857,76.48847751,1.040784278,1458.882928,2.390288365,170.6503757,2.322052077,610.3376266,1,73.49119226,1,329.1373617,0.539270966,40.04545948,0.544901481,600.4996863,0.983881151,68.77040079,0.935763847,323.5433436,0.530105518,37.2833795,0.507317657
195,1587.429005,1,198.5960934,1,47.25256101,0.077480948,5.809884816,0.078011089,851.4071386,1.396068929,106.4685545,1.429585644,1549.27718,2.540380079,178.2330841,2.393189797,830.9505493,1.36252586,95.5620946,1.283141292,618.3962056,1.013996347,77.60036258,1.041963657,1457.65844,2.390151039,172.6846178,2.318688855,609.8603879,1,74.47511446,1,328.9178383,0.539333009,40.6029356,0.545187958,600.0144536,0.983855429,68.08263487,0.914166234,323.3135224,0.530143503,36.94367574,0.496053964
196,1586.974322,1,201.4229521,1,47.25522253,0.077536029,5.894986726,0.078142495,851.168563,1.396591257,107.9851255,1.431424282,1548.969889,2.541538654,181.0974065,2.40058271,830.7916229,1.36315692,97.0987553,1.287117235,618.1393285,1.014238565,78.69882412,1.043212269,1456.594406,2.389969626,174.6499149,2.315116346,609.461472,1,75.43893648,1,328.7418736,0.539397302,41.15125932,0.545490979,599.6163987,0.983846275,69.09665179,0.915928233,323.1308649,0.530190799,37.51026538,0.497226858
197,1585.635993,1,204.2321282,1,47.23028557,0.077589207,5.979556235,0.078278077,850.4555704,1.397115691,109.4921925,1.433356916,1547.799814,2.542702383,183.885208,2.407232229,830.169492,1.363790024,98.59440189,1.290694474,617.5426121,1.014489766,79.79032117,1.044531177,1454.689426,2.389742031,176.5600902,2.311339472,608.7223671,1,76.38864491,1,328.3834109,0.539463356,41.69374462,0.545810764,598.8826661,0.983835486,70.07985264,0.91741191,322.7684642,0.530239205,38.06115286,0.498256683
198,1582.407246,1,207.0138119,1,47.14758785,0.077640049,6.063290584,0.078417974,848.728118,1.397638678,110.9844902,1.435388711,1544.766391,2.543836136,186.6041981,2.413396312,828.5474379,1.364406247,100.0531612,1.294011243,616.2148573,1.014748658,80.87105561,1.045924526,1451.023823,2.389466043,178.4051492,2.307356069,607.2586078,1,77.32016377,1,327.6347301,0.539530813,42.22826131,0.54614811,597.4310041,0.983816444,71.03051791,0.91865452,322.0198666,0.530284565,38.59631978,0.49917535
199,1578.091061,1,209.7571809,1,47.03127753,0.077689266,6.145857525,0.078562284,846.416973,1.398165581,112.456211,1.437523845,1540.653748,2.544950199,189.2540386,2.419227813,826.3461076,1.365011245,101.474843,1.297149399,614.467983,1.015017435,81.93683619,1.047395736,1446.330739,2.389141432,180.1745159,2.303164588,605.3767767,1,78.22910998,1,326.6614849,0.539600291,42.75249454,0.546503655,595.5633464,0.983789549,71.94753217,0.919702809,321.0480154,0.530327604,39.11525869,0.500008995
200,1573.632416,1,212.4676359,1,46.90976352,0.077737576,6.227412619,0.078711089,844.0290731,1.398701867,113.9102503,1.439763254,1536.389206,2.546062119,191.8466823,2.424837123,824.0629597,1.365614571,102.865851,1.300168088,612.669029,1.015298337,82.98977438,1.048945352,1441.472323,2.38876846,181.8726392,2.298770674,603.4374394,1,79.11734792,1,325.6585397,0.539672414,43.26749315,0.546877446,593.6357756,0.983756951,72.83504471,0.920595124,320.045172,0.530370095,39.6202199,0.500777907
201,1567.217945,1,215.1534331,1,46.7286762,0.077784082,6.308198095,0.078864469,840.5916939,1.399240444,115.3510361,1.442107249,1530.184086,2.547128976,194.394648,2.430302669,820.738507,1.366193029,104.232894,1.303109335,610.113451,1.015588688,84.03309016,1.050573385,1434.79404,2.388343669,183.5066512,2.29418201,600.7485687,1,79.98783462,1,324.2519,0.539746438,43.77489469,0.547269405,590.9630731,0.983711163,73.69760313,0.921360148,318.641319,0.530407121,40.11365472,0.501496945
202,1558.964115,1,217.7970391,1,46.49155946,0.07782907,6.387683231,0.079022479,836.167334,1.39978368,116.7691628,1.444559528,1522.151244,2.548153203,196.8836716,2.435661754,816.4333032,1.366747979,105.5683145,1.305993047,606.8464304,1.015889637,85.05998412,1.052283048,1426.402606,2.387865453,185.060547,2.289397047,597.3546811,1,80.83374932,1,322.4655976,0.539822668,44.27103572,0.547680098,587.5889517,0.983651707,74.5296055,0.922010993,316.8600345,0.53043869,40.5925238,0.502172968
203,1551.378886,1,220.3968717,1,46.27372452,0.077874069,6.46581695,0.079185123,832.1013645,1.400343701,118.163782,1.447120098,1514.76244,2.549194284,199.3144657,2.440950724,812.4732962,1.367311618,106.8724901,1.308838679,603.8421177,1.016206129,86.06985301,1.054074371,1418.584755,2.387336822,186.5331257,2.284421086,594.2122378,1,81.65444051,1,320.8166353,0.539902437,44.75556936,0.548109436,584.4602757,0.983588419,75.33125195,0.922561608,315.2127382,0.530471636,41.05692148,0.502813089
204,1541.756459,1,222.9753591,1,45.99401646,0.077917759,6.543269639,0.079352374,826.9423284,1.40091033,119.5469256,1.449784722,1505.349063,2.550188787,201.7108749,2.446213846,807.4269734,1.367849666,108.1582078,1.311670011,600.0493458,1.016534404,87.07141959,1.055943624,1408.873963,2.386751796,187.944982,2.279270354,590.2892646,1,82.45839798,1,318.7471653,0.53998469,45.23309399,0.548556546,580.5552454,0.983509747,76.11157352,0.923029981,313.1475149,0.530498408,41.51172712,0.503426311
205,1528.929904,1,225.5074473,1,45.61746041,0.077959775,6.619287616,0.079524282,820.0642686,1.401481483,120.9051552,1.452557459,1492.758739,2.551109482,204.0493802,2.45145419,800.6761816,1.36834744,109.4128484,1.314488607,595.0147777,1.016874195,88.05496119,1.057894434,1396.207691,2.386104725,189.2738842,2.273941023,585.1409944,1,83.23605679,1,316.0166908,0.540069306,45.69843217,0.54902207,575.4331968,0.983409473,76.86152475,0.923416218,310.4262577,0.530515313,41.95204369,0.504012868
206,1517.491558,1,227.9785085,1,45.28191151,0.078002646,6.69343087,0.079700819,813.9306747,1.402077427,122.2306255,1.455439097,1481.521427,2.552069625,206.3166168,2.456677851,794.6509508,1.368866164,110.6292402,1.317297697,590.5221256,1.017233738,89.01480469,1.05992771,1384.769455,2.385404624,190.5074864,2.268433487,580.5176368,1,83.98195826,1,313.5714873,0.540158416,46.14859885,0.549506106,570.8278001,0.983308282,77.57603647,0.923722643,307.9855593,0.530536094,42.37510968,0.504573965
207,1504.844025,1,230.4291384,1,44.90946108,0.078045193,6.766917338,0.079881775,807.1482376,1.402689734,123.5451151,1.458419342,1469.073415,2.553005881,208.5537076,2.461924623,787.9760407,1.369371636,111.8294415,1.320118729,585.5624047,1.017610316,89.96672655,1.06203482,1372.192988,2.38464377,191.6834158,2.262775026,575.4289194,1,84.71165431,1,310.8761613,0.540251195,46.59198014,0.550006732,565.758152,0.983193811,78.27084298,0.923967825,305.2954524,0.530552849,42.78941875,0.505118441
208,1488.359671,1,232.836483,1,44.42129272,0.07808639,6.839061464,0.080067202,798.3074266,1.403312277,124.8363663,1.4615015,1452.819543,2.553852604,210.7387237,2.46718941,779.2593411,1.369828419,113.0016877,1.322948921,579.1149616,1.018002724,90.90185651,1.064218734,1356.086398,2.383809329,192.7818824,2.256962604,568.8736854,1,85.416516,1,307.3893152,0.540347221,47.02388122,0.550524459,559.2321001,0.983051448,78.93760165,0.924149162,301.8197617,0.530556729,43.19044032,0.505645071
209,1472.488011,1,235.1727077,1,43.95095876,0.078128629,6.909028805,0.080257135,789.7951069,1.403965029,126.0894496,1.464688935,1437.149362,2.554722647,212.8449833,2.472464531,770.8555626,1.37029749,114.1316654,1.325784099,572.9079417,1.018419471,91.80938977,1.066482547,1340.498479,2.382912947,193.7789934,2.250988868,562.5461392,1,86.08616246,1,304.0272112,0.54044849,47.43862924,0.551059867,552.9283881,0.982903178,79.56627424,0.924263226,298.4655762,0.530561949,43.57270467,0.506152248
210,1456.833079,1,237.4756948,1,43.48659855,0.078171913,6.977957405,0.080451239,781.3988751,1.404649863,127.3246881,1.467969545,1421.669191,2.55560572,214.910734,2.477778795,762.5535371,1.370773309,115.2398917,1.328639825,566.7874744,1.018862419,92.70404547,1.068816405,1325.066534,2.381951888,194.7103699,2.244881942,556.2944159,1,86.7352382,1,300.7078518,0.540555223,47.84409073,0.551610761,546.6964619,0.982746629,80.17162771,0.924325907,295.151515,0.5305671,43.94415794,0.506647112
211,1436.739324,1,239.7429639,1,42.88854103,0.078214357,7.045774407,0.080649447,770.621362,1.405355663,128.5407531,1.471341561,1401.780821,2.556379452,216.9340118,2.483134881,751.8866539,1.37118982,116.3253136,1.331517549,558.945359,1.019329419,93.58486486,1.071219032,1305.556604,2.380898658,195.5749898,2.238648863,548.3461465,1,87.36295942,1,296.4725636,0.540666813,48.23979518,0.552176752,538.7793515,0.982553365,80.75305675,0.924339758,290.9279147,0.530555228,44.30443306,0.507130635
212,1417.266579,1,241.9288526,1,42.30861763,0.078258678,7.111111563,0.080851958,760.1768048,1.406106717,129.7131514,1.474813346,1382.473279,2.557174793,218.8702332,2.488512056,741.5311983,1.37161775,117.3640156,1.334406071,551.3467236,1.019831606,94.43411749,1.073697581,1286.564848,2.379771998,196.3331673,2.232269993,540.6252567,1,87.95224948,1,292.3622921,0.540785486,48.61642615,0.552759326,531.0836833,0.982350855,81.29380709,0.924294803,286.8252062,0.530543482,44.64440406,0.507598206
213,1398.392434,1,244.0761067,1,41.74615267,0.078305199,7.175253464,0.081058298,750.0531712,1.406909601,130.8648144,1.478369944,1363.717841,2.557988949,220.762365,2.493935797,731.4717746,1.372055611,118.3790474,1.337319175,543.9828313,1.020373884,95.26840898,1.076240035,1268.065348,2.378569121,197.0250858,2.225777543,533.1210839,1,88.51966652,1,288.3715707,0.540911961,48.98287131,0.553355805,523.5984291,0.982137914,81.81054573,0.924207568,282.8373917,0.530531244,44.97302582,0.508056883
214,1373.931085,1,246.1858258,1,41.01560169,0.078351334,7.238235094,0.081268357,736.9322449,1.40774784,131.9963332,1.482008389,1339.411984,2.55865358,222.6118351,2.499407363,718.4348084,1.372412534,119.3711759,1.340257565,534.4512313,1.020952159,96.08816957,1.078844161,1244.445221,2.377240355,197.6531568,2.219180104,523.4831297,1,89.06584754,1,283.2283261,0.541045757,49.33941515,0.553965594,513.9934025,0.981871952,82.30405885,0.924081016,277.7047224,0.53049412,45.29066433,0.508507644
215,1350.474614,1,248.1976014,1,40.31469067,0.078400802,7.298246568,0.081482528,724.3501582,1.408658546,133.0753041,1.485742109,1316.045885,2.559341309,224.3593961,2.504899047,705.9018451,1.372781735,120.3086202,1.343206273,525.3121439,1.021585255,96.86994087,1.081521108,1221.676726,2.37581968,198.1647722,2.212444665,514.2127312,1,89.56823883,1,278.2867695,0.541189964,49.6737505,0.554591127,504.7470871,0.981591969,82.75212338,0.923900307,272.7669762,0.530455509,45.58521004,0.508943914
216,1328.360432,1,250.1671957,1,39.65350037,0.078454347,7.356962496,0.081700112,712.4878734,1.409655393,134.1316399,1.489550885,1293.939671,2.560056253,226.0606266,2.510435321,694.0446195,1.373165463,121.2211956,1.34617857,516.6966414,1.022282953,97.6353824,1.084254769,1200.054626,2.374304937,198.6119222,2.205613566,505.4340778,1,90.04837717,1,273.6147288,0.541346025,49.99745241,0.5552288,495.9814351,0.981297971,83.17629416,0.923684544,268.0900674,0.530415497,45.86824777,0.509373397
217,1300.557577,1,252.099781,1,38.82127361,0.078508414,7.414539594,0.081920959,697.5738949,1.410706419,135.1681154,1.493430786,1266.182998,2.560606834,227.7207446,2.516016219,679.1562149,1.373460273,122.1117023,1.349174508,505.8739129,1.023030795,98.38650569,1.087042133,1173.228691,2.372624975,199.000713,2.198697454,494.4855182,1,90.50845656,1,267.7701809,0.541512685,50.31164527,0.555877839,485.0595457,0.980937819,83.57885641,0.923436987,262.2481621,0.530345485,46.14094349,0.509797043
218,1273.491485,1,253.9277076,1,38.01059706,0.078567389,7.468951843,0.082145642,683.0548791,1.411865171,136.1484429,1.497399029,1239.078473,2.561158397,229.2733768,2.521613355,664.6175522,1.373755466,122.944537,1.352178743,495.3395872,1.023860208,99.09703797,1.089897213,1146.992802,2.370818564,199.2722922,2.191652952,483.7961112,1,90.92328783,1,262.0696727,0.541694459,50.60257624,0.556541426,474.3863637,0.98055018,83.93492848,0.92314005,256.5415715,0.530267949,46.38973826,0.510207444
219,1248.218661,1,255.7047671,1,37.25305567,0.078632856,7.521813131,0.082373401,669.4974891,1.413159231,137.1014769,1.501435193,1213.644035,2.5617307,230.7718037,2.527244165,650.974687,1.374061745,123.748282,1.35520076,485.5041163,1.024790436,99.78787378,1.092803877,1122.282009,2.368885927,199.4766742,2.184522775,473.7594141,1,91.31361617,1,256.7274711,0.541894184,50.8813986,0.557215898,464.3495538,0.980137893,84.2652196,0.922811111,251.1799614,0.530184634,46.62575312,0.510611178
220,1217.277511,1,257.4426929,1,36.32531797,0.078699128,7.573475739,0.082604023,652.899436,1.414512501,138.0335107,1.505533739,1182.495375,2.561886866,229.1962332,2.49984703,634.2664738,1.37414402,122.9031884,1.340507068,473.468913,1.025774659,100.4635733,1.095757822,1092.421948,2.366741976,199.6257562,2.177321358,461.572051,1,91.68410324,1,250.2213479,0.542106801,51.15057725,0.557900175,452.1485575,0.979583917,83.38088541,0.909436669,244.6449784,0.530025546,46.2131122,0.504047164
221,1187.191799,1,259.0702402,1,35.42265649,0.078772309,7.621808428,0.082838174,636.7599653,1.416016123,138.9063296,1.509713447,1152.00907,2.561818435,228.9694514,2.488570972,617.9134955,1.37410566,122.7816023,1.334460687,461.7681801,1.026872328,101.096462,1.098774178,1063.245408,2.364427293,199.6580424,2.169997812,449.6841207,1,92.0084072,1,243.8819078,0.542340493,51.39570171,0.558597886,440.2100946,0.97893182,83.01114259,0.902212582,238.2498527,0.529816024,46.0814314,0.500839356
222,1159.244228,1,260.642135,1,34.58334196,0.078854925,7.668450246,0.083075059,621.7670208,1.417717007,139.7492876,1.513953918,1123.520206,2.561785446,230.4751388,2.496819449,602.6319099,1.37408624,123.5891644,1.338885535,450.9003872,1.028116845,101.7078001,1.101836904,1035.873613,2.361938781,199.6239008,2.162596975,438.569205,1,92.30749098,1,237.9677512,0.542600229,51.6280677,0.559305287,429.0297786,0.978248755,83.35152223,0.902976794,232.2659425,0.529599297,46.3206572,0.501808214
223,1124.772582,1,262.1725174,1,33.54883616,0.078935171,7.713823938,0.083314461,603.2747554,1.419411257,140.5699683,1.518249739,1088.728029,2.561606973,231.8889172,2.504555505,583.9689909,1.373987809,124.3474302,1.34303547,437.4992207,1.029367321,102.303084,1.104941778,1002.698654,2.359193293,199.5371067,2.155134299,425.0175927,1,92.58685492,1,230.7284813,0.542868072,51.85060894,0.560021279,415.4476945,0.977483524,83.65451651,0.903524767,224.9836334,0.529351343,46.54028033,0.502666176
224,1091.375415,1,263.5787332,1,32.54606376,0.079023772,7.75546315,0.08355711,585.3586101,1.4212854,141.324041,1.522620657,1054.820738,2.561167273,231.1365281,2.490257494,565.7806797,1.373749025,123.943828,1.335366802,424.5173117,1.030753194,102.8501939,1.108104669,970.4153521,2.356225993,199.3273603,2.147546546,411.8515606,1,92.81631666,1,223.7021309,0.543162033,52.04675471,0.560750055,402.2115103,0.976593387,83.09052461,0.89521463,217.8864388,0.529041188,46.30142949,0.498850107
225,1060.786082,1,264.9246187,1,31.62658632,0.079125418,7.795274913,0.083802122,568.9481368,1.42343087,142.0457437,1.5270449,1023.411706,2.560436919,228.5541761,2.45704292,548.9324106,1.373354245,122.5585614,1.317550398,412.6285622,1.032340551,103.3739357,1.111308493,940.5090732,2.353025806,199.0523133,2.139886855,399.7019798,1,93.02001778,1,217.2348145,0.543491965,52.22957125,0.561487436,389.9359794,0.975566795,81.92117871,0.880683327,211.3066994,0.528660627,45.70985584,0.491398055
226,1023.274491,1,266.2291339,1,30.5012285,0.079215964,7.833823857,0.084049277,548.8254829,1.425376674,142.7452442,1.531517028,985.5525286,2.559618001,229.7968912,2.465496163,528.6241331,1.372910939,123.2250417,1.322084324,398.0492626,1.033789705,103.8816815,1.114548964,904.6785395,2.349576921,198.7295557,2.132174002,385.0389113,1,93.20513033,1,209.3881024,0.543810239,52.40292722,0.562232219,375.2127773,0.974480153,82.16633391,0.881564498,203.4021308,0.528263832,45.89635919,0.4924231
227,987.2624837,1,267.4001533,1,29.4205499,0.079315068,7.868372664,0.08429916,529.5070925,1.427501897,143.3731391,1.536052724,949.1378175,2.558787322,230.7914485,2.472623779,509.0906451,1.372461053,123.7584218,1.325907085,384.0537798,1.035373288,104.3376065,1.117838848,870.1580908,2.345865321,198.2827865,2.124336651,370.9326716,1,93.33868354,1,201.8453312,0.544156249,52.54860556,0.562988501,361.0372893,0.973322969,82.3194647,0.881943708,195.7947661,0.527844488,46.03268883,0.493179109
228,953.8535602,1,268.5090101,1,28.41720675,0.07942775,7.901044509,0.084550963,511.5846453,1.429908915,143.9676831,1.540632546,915.1738277,2.557964214,231.7771156,2.480302246,490.8716966,1.372015015,124.2870187,1.330025058,371.0714586,1.037166365,104.7694437,1.121162829,837.8583452,2.341862932,197.7746423,2.116433661,357.7742889,1,93.44712565,1,194.8229968,0.544541636,52.68101789,0.563752149,347.7880762,0.972087953,82.46659685,0.88249474,188.6901247,0.527399901,46.166252,0.494036084
229,912.4637962,1,269.5691555,1,27.17854784,0.079506097,7.932238694,0.084804555,489.3835188,1.431606058,144.5360891,1.545253379,874.1511039,2.557176463,232.7095135,2.487926472,468.8665152,1.371587145,124.7870363,1.33411379,354.9827166,1.038439972,105.1824251,1.124518443,799.1459546,2.337761992,197.2176767,2.108478812,341.8423079,1,93.53552692,1,186.2551976,0.544857068,52.80289942,0.564522392,331.8899869,0.970886222,82.59140786,0.882995056,180.1468995,0.526988308,46.28820371,0.494872967
230,873.2938549,1,270.4795788,1,26.0063663,0.079590578,7.95897282,0.08506003,468.3731114,1.433421581,145.0242001,1.54991895,835.32186,2.556441333,233.4973951,2.495459635,448.0379578,1.371187334,125.2095312,1.338153391,339.7569091,1.03980112,105.5372316,1.127909377,762.4395978,2.333390511,196.5319873,2.100398769,326.7518206,1,93.56889281,1,178.1431459,0.545194042,52.89469805,0.565302169,316.8297644,0.969634274,82.65989948,0.883412179,172.0569508,0.526567688,46.38001224,0.495677686
231,836.2308241,1,271.3274161,1,24.89728307,0.079681439,7.983827027,0.085316792,448.4928572,1.435359672,145.4787381,1.554615257,798.5758139,2.555767611,234.2198893,2.502921169,428.3268679,1.370820299,125.5969481,1.342154423,325.3501257,1.041252814,105.867766,1.131324387,727.6388251,2.328740377,195.7909847,2.092262112,312.4602606,1,93.57861213,1,170.4637169,0.54555327,52.97369078,0.566087587,302.5653718,0.968332329,82.702207,0.883772532,164.3975022,0.526138914,46.45797021,0.496459278
232,801.1673426,1,272.1152402,1,23.84808479,0.079778914,8.006879263,0.085574739,429.6851675,1.437424275,145.9010834,1.559340005,763.8080738,2.555164455,234.8794387,2.510309702,409.6769806,1.370490958,125.9505978,1.346116158,311.7206156,1.042797876,106.1750254,1.134761722,694.6481894,2.323804138,194.9983664,2.084074681,298.9271677,1,93.56592077,1,163.1949266,0.545935412,53.04048625,0.566878259,289.0568457,0.966980847,82.7194303,0.884076484,157.1468965,0.525702959,46.5226326,0.497217707
233,768.0013299,1,272.8458437,1,22.85571588,0.079883227,8.028213976,0.085833858,411.8952861,1.439619081,146.2927343,1.564092566,730.9188768,2.554641427,235.4788319,2.517628043,392.0347819,1.370204446,126.2719764,1.350040113,298.8286827,1.044438934,106.4600923,1.13822084,663.3769726,2.318575084,194.1574117,2.075839007,286.1140781,1,93.53201816,1,156.3158746,0.54634108,53.09569938,0.567674048,276.2661902,0.965580555,82.71269905,0.884324969,150.2845405,0.525260908,46.57459341,0.497953474
234,736.6357279,1,273.5221983,1,21.91727078,0.079994586,8.047920907,0.086094145,395.0711511,1.441947478,146.6552851,1.568872447,699.8133345,2.55420845,236.0210838,2.524879858,375.3493723,1.369966091,126.5627013,1.35392826,286.6365848,1.046178389,106.7241187,1.141701298,633.7389497,2.313047352,193.2714804,2.067557949,273.9844254,1,93.47814432,1,149.8066905,0.546770826,53.13997113,0.568474819,264.1572797,0.964132466,82.68321024,0.884519166,143.7908519,0.524813962,46.61448582,0.498667214
235,706.978254,1,274.1474165,1,21.02998665,0.080113183,8.066093951,0.086355598,379.1632619,1.444412507,146.9904057,1.573679204,670.4011906,2.553875763,236.5094227,2.532069753,359.5723372,1.369781393,126.8245045,1.357783077,275.108438,1.048018383,106.9683117,1.145202688,605.6521631,2.30721604,192.344,2.059234761,262.5034469,1,93.40557165,1,143.6484831,0.547225131,53.17396275,0.569280417,252.6957669,0.9626379,82.63222957,0.884660605,137.6472099,0.524363438,46.64298165,0.499359737
236,678.9411654,1,274.7247156,1,20.19123637,0.080239188,8.082830089,0.086618211,364.1245529,1.447016814,147.2998221,1.578512346,642.5965885,2.553653855,236.9472291,2.539202839,344.6576217,1.369655987,127.0591995,1.361607313,264.2101245,1.049960761,107.1939188,1.148724567,579.0387084,2.301077311,191.3784499,2.050873121,251.6380938,1,93.31559711,1,137.823292,0.547704403,53.19835058,0.570090662,241.8489942,0.961098499,82.56107441,0.88475107,131.8359064,0.523910766,46.66078095,0.50003196
237,652.4410335,1,275.2573847,1,19.39852179,0.080372751,8.098228407,0.086881974,349.9102727,1.449762597,147.5852989,1.58337126,616.3178482,2.553553392,237.3379901,2.546284454,330.5614114,1.3695956,127.268657,1.36540384,253.9092049,1.052007034,107.4022157,1.152266404,553.8245312,2.294628518,190.3783452,2.042477147,241.356946,1,93.20953505,1,132.3140413,0.548208964,53.21382124,0.570905339,231.5859083,0.959516236,82.4711022,0.88479255,126.3401005,0.523457487,46.66860473,0.500684878
238,627.3985278,1,275.7487544,1,18.64946731,0.080513996,8.112389205,0.087146864,336.4778684,1.452651553,147.8486229,1.588255138,591.4350519,2.553359752,236.9703861,2.545640439,317.2140159,1.369485116,127.0713237,1.365056224,244.1748344,1.054158343,107.5944942,1.155827528,529.9392328,2.287868302,189.3472225,2.034051404,231.6301303,1,93.08871058,1,127.1044953,0.54873904,53.2210674,0.571724187,221.8599322,0.957819831,82.08809211,0.881826503,121.1335396,0.522961065,46.51949724,0.499732964
239,603.7382104,1,276.2021702,1,17.94181376,0.080663017,8.125413197,0.087412845,323.7868747,1.45568483,148.0915888,1.593162923,567.9322242,2.553316358,237.3114727,2.552986585,304.6068659,1.369455122,127.2541311,1.368994452,234.9776822,1.056415421,107.772052,1.159407086,507.3158858,2.280796712,188.2886248,2.025600902,222.4292428,1,92.95445348,1,122.1792164,0.549294755,53.22078389,0.572546897,212.6616418,0.956086705,81.98111409,0.881949288,116.2122557,0.522468423,46.51742516,0.500432453
240,581.3883385,1,276.6209687,1,17.27341252,0.080819879,8.137400803,0.087679863,311.7988083,1.458862974,148.3159866,1.598093254,545.7378048,2.553430788,237.6029477,2.560153336,292.701575,1.369509693,127.4103257,1.372836379,226.2898552,1.058778553,107.9361833,1.163004005,485.8908584,2.273415304,187.2060887,2.017131088,213.7272752,1,92.80809254,1,117.5235249,0.54987612,53.21366422,0.573373105,203.9639745,0.954318883,81.85489145,0.881980108,111.5615331,0.521980795,46.50500798,0.501087855
241,560.2806763,1,277.0084562,1,16.64221988,0.080984612,8.148451518,0.087947846,300.4770674,1.462185873,148.5235902,1.603044435,524.7840221,2.553711637,237.8531881,2.567196424,281.4617893,1.369653451,127.5444008,1.376611902,218.0848244,1.061247543,108.0881708,1.16661697,465.6036476,2.265727239,186.1031306,2.008647835,205.4985435,1,92.65095022,1,113.1234602,0.550483027,53.20039743,0.574202394,195.741261,0.95251897,81.71194048,0.881933108,107.1674271,0.521499692,46.48375949,0.501708395
242,540.3503155,1,277.3678904,1,16.0462917,0.08115721,8.15866336,0.088216703,289.7868348,1.465652716,148.716147,1.608014401,505.0065609,2.554167922,238.0687499,2.574152075,270.853009,1.369891246,127.6598734,1.380340461,210.3373555,1.063821676,108.2292782,1.170244399,446.39672,2.257737366,184.9832347,2.000157424,197.7186216,1,92.48433775,1,108.9657448,0.551115236,53.18166525,0.575034287,187.9691615,0.950690228,81.55485571,0.881823428,103.0167126,0.52102686,46.45504751,0.50230178
243,521.5355044,1,277.7024641,1,15.48377831,0.081337626,8.168132383,0.08848632,279.6949866,1.469261942,148.89537,1.613000705,486.3442967,2.554808631,238.2550145,2.581044035,260.8424454,1.370227913,127.7596299,1.384034797,203.0234416,1.066499688,108.3607441,1.173884431,428.2153606,2.249452305,183.8498415,1.991666525,190.3642765,1,92.30955044,1,105.0377491,0.551772375,53.15813942,0.575868252,180.6245649,0.948836453,81.38580043,0.881661757,99.09682832,0.520564205,46.42000644,0.50287328
244,503.7774842,1,278.0152906,1,14.95291961,0.081525772,8.176952251,0.08875656,270.1700042,1.473011199,149.0629293,1.618000505,468.7390748,2.555642358,238.4165751,2.587887819,251.3989032,1.370668076,127.8461345,1.387703242,196.1202404,1.069279735,108.4837762,1.177534921,411.0075291,2.240880497,182.7063362,1.983182176,183.4134081,1,92.12786323,1,101.3274578,0.552453928,53.13047929,0.576703697,173.6855038,0.946961869,81.20665382,0.881455957,95.39583032,0.520113722,46.37961606,0.50342659
245,487.0203346,1,278.3093915,1,14.45204046,0.081721514,8.185213861,0.089027268,261.1818917,1.476897313,149.2204459,1.623010564,452.1355208,2.556677002,238.5574711,2.59469333,242.4926784,1.371215986,127.921554,1.391351113,189.6060135,1.072159368,108.5995468,1.181193439,394.7237232,2.232032254,181.5560388,1.974711757,176.8449907,1,91.94052658,1,97.82343916,0.553159231,53.09932961,0.577539977,167.1310818,0.945071054,81.01910146,0.881212067,91.90235261,0.519677443,46.33474945,0.503964369
246,471.2108267,1,278.5876856,1,13.9795463,0.081924676,8.193005012,0.089298262,252.7020968,1.480916258,149.3694856,1.628027251,436.4808766,2.557919521,238.6813421,2.601466611,234.0954704,1.371875392,127.9878409,1.394981659,183.4600692,1.075135516,108.709188,1.184857268,379.3168484,2.222919773,180.402194,1.966262968,170.6390186,1,91.74876247,1,94.51481439,0.553887471,53.0653184,0.578376394,160.9414092,0.943168863,80.82469447,0.880934983,88.60557222,0.519257395,46.28620436,0.504488596
247,456.298283,1,278.8529788,1,13.53391892,0.08213503,8.200410115,0.089569342,244.7034357,1.485063133,149.5115537,1.633046557,421.7248535,2.559375721,238.791519,2.608210926,226.1803032,1.372649423,128.046782,1.398596639,177.6627083,1.07820447,108.8137886,1.188523418,364.7420946,2.213557142,179.2479623,1.957843794,164.7764531,1,91.5537607,1,91.39122945,0.554637679,53.02905505,0.579212199,155.0975453,0.941260371,80.62488378,0.880628858,85.49517832,0.518855557,46.23472152,0.50500079
248,442.2344462,1,279.1079563,1,13.11371259,0.082352302,8.207509939,0.089840287,237.1600228,1.489332159,149.6480907,1.638064104,407.8195004,2.561050086,238.8910753,2.614927418,218.7214547,1.3735405,128.1000262,1.402196672,172.1951728,1.081361881,108.91439,1.192188633,350.9568189,2.203960307,178.0964111,1.949462481,159.239174,1,91.35667541,1,88.44282805,0.555408734,52.99112851,0.580046595,149.5814464,0.939350805,80.42103882,0.880297345,82.5613442,0.518473828,46.18099477,0.505502138
249,428.9733541,1,279.3551747,1,12.7175503,0.08257617,8.214381386,0.090110855,230.0472039,1.493716677,149.780468,1.643075171,394.719083,2.562945636,238.9828581,2.621615525,211.6943921,1.374550261,128.1491008,1.405781465,167.0395973,1.08460276,109.011984,1.195849409,337.9204341,2.194147025,176.9505075,1.941127499,154.009932,1,91.15862177,1,85.6602262,0.556199364,52.95210562,0.580878743,144.3759168,0.937445494,80.21445752,0.879943728,79.79470164,0.518113998,46.12567667,0.505993572
250,416.4712226,1,279.5970556,1,12.34412022,0.082806261,8.221097303,0.090380788,223.3414926,1.498209165,149.9099849,1.648074711,382.3799749,2.565063823,239.0695187,2.628273415,205.075713,1.375679499,128.1954282,1.409350041,162.1789635,1.087921491,109.10751,1.199502009,325.5943034,2.184136784,175.8131102,1.932847509,149.0723043,1,90.960673,1,83.03448809,0.557008148,52.91252962,0.581707763,139.4645653,0.935549805,80.00637603,0.879571065,77.18631754,0.517777718,46.06938406,0.506475849
251,404.6863346,1,279.8358807,1,11.99217244,0.083042159,8.227726313,0.090649809,217.0205118,1.50280126,150.0378652,1.653057387,370.7605562,2.567404465,239.1535343,2.634898303,198.8430916,1.376928135,128.2403372,1.412900913,157.597057,1.091311848,109.201853,1.203142483,313.9416399,2.173950693,174.6869635,1.924631325,144.4106533,1,90.76385758,1,80.55710336,0.557833522,52.87291877,0.582532741,134.8317642,0.933669096,79.79797452,0.879182272,74.72767251,0.51746648,46.01270164,0.506949604
252,393.5789366,1,280.0737863,1,11.66051584,0.083283399,8.234332683,0.090917626,211.0629372,1.507483801,150.1652551,1.658017592,359.8211194,2.569965699,239.2372031,2.641486481,192.9752278,1.378295184,128.2850609,1.4164321,153.2784267,1.094767033,109.2958416,1.206766691,302.9274119,2.16361135,173.5746908,1.916487876,140.0100863,1,90.56915674,1,78.21996561,0.55867379,52.83376507,0.583352733,130.4626113,0.931808662,79.59037308,0.878780105,72.41064068,0.517181602,45.9561802,0.507415348
253,383.1111402,1,280.3127607,1,11.34801515,0.083529474,8.240976205,0.091183934,205.4484452,1.512246884,150.2932212,1.66294949,349.5237811,2.57274397,239.3226454,2.648033411,187.4517999,1.379778756,128.3307365,1.419941173,149.2083472,1.098279706,109.3902469,1.210370327,292.5182536,2.153142687,172.4787892,1.908426157,135.8564183,1,90.37750221,1,76.01535225,0.559527133,52.79553325,0.584166767,126.3428935,0.929973682,79.38463003,0.878367161,70.22747085,0.516924204,45.90033607,0.507873475
254,373.2468309,1,280.5546405,1,11.05358822,0.083779838,8.24771212,0.091448417,200.1576638,1.517079919,150.4227486,1.667847046,339.8323969,2.575734026,239.4117901,2.654533643,182.2534195,1.381376049,128.378399,1.423425217,145.3727826,1.101842043,109.4857812,1.213948944,282.6823794,2.142569778,171.4016243,1.900455187,131.9361368,1,90.18977428,1,73.93590542,0.56039162,52.75865977,0.584973853,122.4590538,0.928169163,79.18173518,0.877945818,68.17076863,0.5166952,45.84564786,0.508324233
255,363.9515817,1,280.8011089,1,10.77620341,0.08403391,8.254591046,0.091710749,195.1721259,1.521971716,150.5547403,1.672704066,330.7124851,2.578928964,239.5064079,2.660981258,177.3615894,1.383083375,128.4289983,1.42688106,141.7583532,1.105445785,109.5830973,1.217497981,273.3895045,2.13191864,170.345426,1.89258396,128.2363686,1,90.00680002,1,71.97461405,0.561265223,52.72355209,0.585772987,118.7981592,0.926399902,78.98261975,0.877518362,66.23348004,0.516495287,45.79256232,0.508767808
256,355.1925719,1,281.0536942,1,10.51487723,0.084291074,8.261658944,0.091970595,190.4742263,1.526910564,150.6900163,1.677514233,322.1311533,2.582320299,239.6081187,2.667370003,172.7586654,1.384896195,128.4834033,1.430305358,138.3523039,1.109082308,109.6827878,1.221012793,264.6107689,2.12121601,169.3122841,1.884821392,124.744848,1,89.8293519,1,70.12479707,0.562145837,52.69058802,0.586563154,115.3478729,0.924670435,78.7881571,0.877087004,64.40887622,0.51632494,45.74149519,0.509204333
257,346.9385119,1,281.3137697,1,10.268672,0.084550691,8.268957099,0.092227616,186.0471808,1.531884332,150.8293131,1.682271148,314.0570286,2.585898048,239.7183767,2.673693199,168.4278185,1.386809169,128.5423943,1.43369453,135.1424751,1.112742689,109.7853851,1.224488675,256.3186659,2.110489107,168.3041451,1.877176269,121.4498881,1,89.65814658,1,68.38008752,0.563031293,52.66011521,0.587343339,112.0964256,0.922985005,78.59915596,0.876653812,62.69053876,0.516184409,45.69282784,0.509633866
258,339.1595712,1,281.5825532,1,10.03669375,0.0848121,8.276522122,0.092481469,181.8749881,1.536880569,150.9732841,1.686968371,306.4601917,2.589650828,239.838477,2.679943854,164.3529989,1.388816203,128.606666,1.437044833,132.1172743,1.116417787,109.8913614,1.2279209,248.4869755,2.099765384,167.3228089,1.869657192,118.3403524,1,89.49384394,1,66.73441773,0.563919376,52.63245086,0.588112529,109.0325901,0.921347519,78.41636121,0.876220729,61.0723458,0.516073719,45.64690801,0.510056402
259,331.8273126,1,281.8611082,1,9.818090252,0.085074622,8.284385979,0.09273181,177.9423942,1.54188661,151.1224997,1.691599462,299.3121137,2.593565982,239.9695586,2.686114755,160.5189031,1.390910517,128.6768295,1.440352403,129.2656508,1.120098316,110.0011288,1.231304741,241.090701,2.089072283,166.3699266,1.86227252,115.4056291,1,89.33704644,1,65.18200527,0.56480785,52.60788148,0.588869719,106.145657,0.919761522,78.24045395,0.875789575,59.54845904,0.515992673,45.60405013,0.510471881
260,324.914629,1,282.1503454,1,9.612049101,0.085337571,8.292576027,0.092978296,174.2348585,1.546889691,151.2774485,1.696158027,292.5843365,2.597618512,240.0953013,2.692004502,156.9102655,1.393078711,128.7441302,1.443509208,126.5770709,1.123774931,110.1150403,1.234635508,234.1060097,2.078436979,165.4469974,1.855030313,112.6356065,1,89.18829856,1,63.71733995,0.565694472,52.58666282,0.589613925,103.424918,0.918225784,78.06617508,0.875296158,58.11303863,0.515938436,45.56120672,0.510842874
261,318.3956853,1,282.4510244,1,9.417795998,0.085600258,8.301115085,0.093220589,170.7385228,1.551877055,151.4385378,1.700637753,286.2521036,2.601803414,240.2480613,2.697958715,153.5138061,1.395318112,128.825925,1.446700653,124.0414957,1.127438307,110.2333901,1.237908577,227.5101774,2.067886136,164.5553677,1.847938278,110.0206503,1,89.04808658,1,62.33517149,0.566577014,52.56901993,0.590344183,100.8610735,0.916746749,77.90481448,0.874862307,56.76102475,0.515912464,45.52469424,0.511237198
262,312.2458636,1,282.7637568,1,9.234593108,0.085861992,8.310021506,0.093458356,167.4401818,1.556836063,151.6060958,1.705032459,280.2907978,2.60610576,240.4152446,2.703821331,150.3163194,1.397620716,128.9154581,1.449843025,121.6493592,1.131079215,110.3564152,1.241119422,221.2815368,2.057445667,163.6962295,1.84100371,107.5515822,1,88.9168385,1,61.03049811,0.56745328,52.55514735,0.591059559,98.44486744,0.915327003,77.75232686,0.874438725,55.48737663,0.51591409,45.49217093,0.511626051
263,306.4417126,1,283.089009,1,9.061737539,0.086122095,8.319309281,0.093691271,164.3272558,1.5617543,151.7803726,1.709336137,274.6769362,2.610509645,240.5970102,2.709580673,147.3052086,1.399978001,129.0128149,1.452930065,119.3915491,1.134688608,110.484296,1.244263646,215.3994284,2.047140518,162.8706193,1.834233441,105.2196596,1,88.79492413,1,59.79855579,0.56832113,52.54520933,0.591759156,96.16746289,0.91396858,77.60899488,0.874025127,54.28728382,0.515942401,45.46374298,0.512008354
264,300.9608998,1,283.4271066,1,8.898559931,0.0863799,8.328988155,0.093919021,161.3877655,1.566619676,151.9615429,1.713542993,269.3881376,2.614998452,240.7935285,2.715226865,144.468468,1.402381053,129.1180868,1.455956479,117.2593879,1.138257685,110.6171585,1.247337012,209.8441559,2.036994456,162.0794177,1.82763379,103.0165572,1,88.68265544,1,58.63480832,0.569178488,52.5393403,0.592442119,94.02043047,0.912673001,77.47510152,0.873621805,53.15615964,0.515996274,45.43951775,0.512383369
265,295.7821681,1,283.7782383,1,8.744423143,0.08663476,8.339063757,0.094141304,158.6103084,1.571420521,152.1497077,1.71764749,264.4030863,2.619555058,241.0049175,2.720751146,141.7946632,1.404820694,129.231337,1.458917569,115.2446162,1.141777963,110.7550753,1.250335476,204.5969434,2.027029887,161.3233499,1.821210512,100.9343497,1,88.58028703,1,57.53493806,0.570023369,52.53764532,0.593107644,91.99573447,0.911441296,77.35089836,0.873229258,52.08963385,0.516074399,45.41958838,0.512750522
266,290.8852953,1,284.1424613,1,8.59872105,0.086886051,8.349537759,0.094357836,155.9840369,1.576145666,152.3448978,1.721644391,259.7014958,2.624162032,241.2312196,2.726145622,139.2729119,1.407287572,129.3525886,1.461809105,113.3393767,1.14524134,110.8980682,1.253255212,199.6398968,2.017267693,160.602986,1.814968758,98.96549552,1,88.4880168,1,56.49483735,0.570853883,52.5402007,0.593754981,90.0857193,0.910274019,77.23659634,0.872848089,51.08354523,0.516175309,45.40402894,0.513109352
267,286.2510565,1,284.5197069,1,8.460877433,0.087133178,8.360408041,0.094568347,153.4986386,1.580784527,152.5470761,1.725528797,255.2638989,2.628800004,241.4698955,2.731374923,136.8927715,1.409771299,129.4804792,1.464612114,111.5362,1.14864015,111.0461101,1.256092648,194.9559671,2.007727099,159.9187424,1.80891304,97.10282201,1,88.40598683,1,55.51060066,0.571668253,52.54705476,0.594383442,88.2830277,0.909170567,77.13156411,0.872469918,50.13389661,0.516297009,45.39242841,0.513454236
268,281.8611909,1,284.9097866,1,8.330344973,0.087375578,8.371668892,0.09477259,151.1443181,1.585327169,152.7561417,1.729296191,251.0721171,2.633452937,241.7251971,2.736482199,134.6444905,1.41226327,129.6172898,1.467349745,109.8279911,1.151967208,111.1991274,1.25884449,190.5289168,1.998425558,159.2708839,1.803047195,95.33951169,1,88.3342845,1,54.57851724,0.572464829,52.5582286,0.594992408,86.58078376,0.908131185,77.03732238,0.87211124,49.23695628,0.5164381,45.38563175,0.513794072
269,277.6983705,1,285.3123996,1,8.206604329,0.087612727,8.383311216,0.094970337,148.9117807,1.589764366,152.9719329,1.732942467,247.1087619,2.638103597,241.9951171,2.741441564,132.5187413,1.414754237,129.7619436,1.470008115,108.2080176,1.155215858,111.3570028,1.261507751,186.3432886,1.989378669,158.6595263,1.797374365,93.6690895,1,88.27294377,1,53.69506452,0.573242089,52.57371711,0.595581328,84.97240112,0.907155195,76.95336965,0.87176621,48.38915153,0.516596796,45.38331523,0.514124864
270,273.7461727,1,285.7271402,1,8.089163317,0.087844135,8.395322777,0.095161387,146.7922169,1.594087654,153.1942323,1.736463973,243.3573383,2.642734994,242.2792243,2.746246632,130.5066754,1.417235085,129.9142094,1.472583797,106.6698989,1.158380005,111.5195784,1.264079772,182.3843763,1.98060012,158.0846398,1.791896977,92.08541108,1,88.22194679,1,52.85690196,0.573998653,52.59349004,0.596149733,83.45162219,0.906241512,76.879688,0.871434952,47.58709077,0.516771226,45.38544137,0.514446156
271,269.9890548,1,286.1535067,1,7.977556158,0.08806936,8.40768845,0.095345561,144.7772896,1.598289369,153.4227704,1.739857539,239.8022212,2.647330544,242.5770183,2.750891885,128.5999112,1.419696912,130.0738187,1.475073834,105.2075965,1.161454144,111.6866592,1.266558252,178.6381977,1.972101654,157.546054,1.786616739,90.58265195,1,88.18122574,1,52.06086546,0.574733289,52.61749323,0.596697231,82.01250888,0.905388693,76.81621829,0.871117606,46.82755863,0.516959458,45.39195397,0.514757576
272,266.4123321,1,286.5909104,1,7.871342813,0.088287999,8.420390514,0.095522711,142.8591218,1.602362685,153.6572315,1.743120503,236.4286346,2.651874218,242.8879297,2.75537263,126.7905225,1.422131114,130.2404661,1.477475707,103.8154049,1.164433387,111.8580161,1.268941262,175.0914699,1.96389306,157.0434627,1.781534634,89.15529744,1,88.15066499,1,51.30396224,0.575444912,52.64564999,0.597223515,80.64943389,0.904594973,76.76285882,0.870814291,46.10751129,0.517159525,45.40277772,0.515058823
273,263.002157,1,287.0386863,1,7.770108372,0.088499699,8.433408955,0.095692716,141.0302855,1.60630164,153.8972589,1.746250744,233.2226313,2.656350682,243.2113167,2.759684907,125.0710275,1.42452946,130.4138073,1.479787292,102.4879443,1.167313477,112.0333906,1.271227266,171.7315848,1.955982187,156.5764304,1.776650929,87.79813332,1,88.13010359,1,50.58336607,0.576132591,52.67786263,0.597728364,79.3570722,0.903858308,76.71946384,0.870525061,45.42407206,0.517369451,45.4178173,0.515349642
274,259.7455006,1,287.4961036,1,7.673462494,0.088704153,8.4467218,0.095855484,139.2837921,1.610101156,154.1424605,1.749246691,230.1710751,2.660745436,243.5464748,2.763825514,123.4343796,1.426884165,130.5934645,1.482006872,101.2201525,1.170090806,112.2124986,1.273415134,168.5465875,1.948374978,156.1443998,1.771965192,86.50623693,1,88.11933805,1,49.89641279,0.576795553,52.71401416,0.598211645,78.13039314,0.903176417,76.68584611,0.870249911,44.7745273,0.517587273,45.43695899,0.515629827
275,256.6301351,1,287.9623777,1,7.581038884,0.088901104,8.460305465,0.096010956,137.6130824,1.613757055,154.3924153,1.752107349,227.2616167,2.665044856,243.8925279,2.767790696,121.8739545,1.429187912,130.7789677,1.484132429,100.0072787,1.17276242,112.3950352,1.275504155,165.5251547,1.941075525,155.7466992,1.767476309,85.27496873,1,88.11812551,1,49.24059614,0.577433177,52.75397008,0.598673312,76.96464979,0.902546796,76.66174527,0.86998838,44.15632083,0.517811047,45.46005142,0.515898984
276,253.6446164,1,288.4366819,1,7.492494774,0.089090345,8.474135122,0.096159103,136.0120178,1.617266064,154.6466798,1.754832301,224.4826999,2.669236574,244.24888,2.771581159,120.383553,1.431434061,130.9699971,1.486164343,98.8448766,1.175326027,112.5806789,1.27749404,162.6565742,1.934086133,155.3825524,1.763182516,84.09996405,1,88.12618717,1,48.61356356,0.578044998,52.7975804,0.599113409,75.85537995,0.901966853,76.64695916,0.869741011,43.56705484,0.518038924,45.48698486,0.516157414
277,250.7782671,1,288.9181601,1,7.407510406,0.089271717,8.488185073,0.096299929,134.4748712,1.62062582,154.9047949,1.757421714,221.823524,2.673309351,244.6145951,2.775194928,118.9573814,1.433616571,131.1660507,1.488101552,97.72879778,1.177779994,112.7690971,1.279384928,159.9307254,1.927407408,155.0510877,1.759081432,82.97712496,1,88.14321207,1,48.01311213,0.578630703,52.84468172,0.599532062,74.79839047,0.901433865,76.64116409,0.869507274,43.0044815,0.51826912,45.51758232,0.516404851
278,248.0211584,1,289.4059395,1,7.325788484,0.089445114,8.502429126,0.096433469,132.9963166,1.623834859,155.1662922,1.759876337,219.2740335,2.677253238,244.9887968,2.778631752,117.5900456,1.435730101,131.3666584,1.48994392,96.65518444,1.180123343,112.9599504,1.28117738,157.3380592,1.921038355,154.7513486,1.7551701,81.90261211,1,88.16886102,1,47.43718434,0.579190127,52.89509938,0.599929485,73.78975201,0.900945038,76.64403125,0.869286848,42.46650032,0.51849995,45.55166971,0.51664124
279,245.3640902,1,289.8991425,1,7.247053576,0.089610479,8.516840963,0.096559789,131.5714193,1.626892604,155.430701,1.762197487,216.8249002,2.681059674,245.3706023,2.781892225,116.2765417,1.437770047,131.5713466,1.491691762,95.62046196,1.182355737,113.1528977,1.282872371,154.8695793,1.914976478,154.4823043,1.751445027,80.87283632,1,88.20277079,1,46.88386373,0.579723253,52.94864972,0.600305968,72.82579129,0.900497554,76.65520838,0.869079369,41.95115414,0.518729849,45.58906439,0.516866579
280,242.7985694,1,290.3968983,1,7.171051462,0.089767802,8.531394486,0.096678987,130.1956236,1.629799337,155.6975543,1.76438703,214.4675035,2.684721539,245.7591326,2.78497776,115.0122455,1.439732583,131.7796438,1.493345836,94.62133035,1.18447746,113.3476006,1.284471277,152.5168224,1.909217907,154.2428607,1.747902233,79.88444996,1,88.24455839,1,46.35137024,0.580230198,53.0051423,0.60066188,71.90308299,0.900088603,76.67432347,0.868884437,41.45662478,0.518957379,45.62957713,0.517080917
281,240.3167857,1,290.8983543,1,7.097548397,0.089917121,8.546064144,0.096791187,128.8647403,1.632556168,155.9663946,1.766447359,212.1939073,2.688233193,246.1535189,2.787890523,113.7928998,1.441614673,131.9910841,1.4949073,93.65475488,1.186489395,113.5437276,1.285975856,150.2718389,1.903757512,154.0318718,1.744537302,78.93433794,1,88.29382532,1,45.83805531,0.580711215,53.06438208,0.600997656,71.01844103,0.89971542,76.70098799,0.868701607,40.98122822,0.51918125,45.67301362,0.517284345
282,237.9115849,1,291.4026849,1,7.0263303,0.090058518,8.560825215,0.096896543,127.5749318,1.635164986,156.2367791,1.768381357,209.9968347,2.691590475,246.5529163,2.790633443,112.6146012,1.44341408,132.2052141,1.496377724,92.71795559,1.188392989,113.7409577,1.287388221,148.1271733,1.89858904,153.8481506,1.74134543,78.01960836,1,88.35016184,1,45.34239654,0.581166677,53.12617157,0.6013138,70.16890938,0.899375309,76.7348021,0.868530408,40.52340953,0.51940032,45.71917714,0.517477005
283,235.5764386,1,291.9091,1,6.957201856,0.090192117,8.575654045,0.096995231,126.3226966,1.637628408,156.508284,1.770192355,207.8696393,2.694790687,246.9565106,2.793210147,111.4737843,1.445129345,132.421597,1.497759049,91.80839578,1.190190211,113.9389839,1.288710815,146.0758445,1.893705241,153.6904796,1.73832148,77.13758263,1,88.41315103,1,44.86299212,0.581597071,53.19031274,0.60161087,69.35175235,0.899065669,76.77535838,0.868370344,40.0817373,0.519613604,45.76787037,0.517659079
284,233.3054125,1,292.4168515,1,6.889985543,0.090318078,8.590528245,0.097087454,125.1048516,1.639949709,156.780508,1.771884087,205.8028896,2.697788173,247.3036769,2.794948525,110.3653898,1.446735971,132.6077121,1.498690735,90.92376942,1.191883507,114.1375152,1.289946367,144.1113251,1.889098006,153.5576213,1.735460032,76.28578539,1,88.48237265,1,44.39855489,0.582002986,53.25660886,0.601889475,68.56319967,0.898767697,76.80716389,0.868050456,39.65419672,0.519811083,45.80922249,0.517721453
285,231.0931312,1,292.9252377,1,6.824520592,0.090436598,8.605426822,0.097173428,123.9185136,1.642132756,157.0530747,1.773460636,203.7951975,2.700635762,247.7188874,2.797268989,109.2886732,1.448262289,132.8303297,1.499934728,90.06198776,1.193475744,114.3362787,1.291097865,142.2275216,1.884758502,153.4483279,1.732755437,75.46193396,1,88.55740667,1,43.94790607,0.582385102,53.32486609,0.602150267,67.80240778,0.898498146,76.8612365,0.867925557,39.24042546,0.520002913,45.86322415,0.517892584
286,228.9347426,1,293.4336061,1,6.760661893,0.090547901,8.62033027,0.097253392,122.76108,1.644181922,157.3256343,1.774926379,201.8414133,2.703332383,248.1339704,2.79941366,108.2408721,1.449707718,133.0528806,1.501084478,89.22116523,1.194970156,114.5350209,1.292168507,140.4187536,1.880677298,153.3613503,1.730201867,74.6639276,1,88.63783654,1,43.50996889,0.582744175,53.39489483,0.602393931,67.06717299,0.898254018,76.92028027,0.867804126,38.83928733,0.520188109,45.91883325,0.518050023
287,226.8258798,1,293.9413553,1,6.698278872,0.090652235,8.635220603,0.097327594,121.6302086,1.646102009,157.597864,1.776285928,199.9369491,2.705878888,248.5491496,2.801398102,107.2195253,1.451072707,133.2754848,1.50214833,88.39960484,1.196370283,114.7335078,1.29316166,138.6797332,1.876844495,153.295446,1.727793365,73.88983667,1,88.72325195,1,43.08376193,0.583081028,53.46651085,0.602621181,66.3554928,0.898032744,76.98411309,0.867688136,38.44975813,0.520365992,45.97600581,0.518195679
288,224.7626236,1,294.447934,1,6.637254348,0.090749873,8.650081349,0.097396292,120.5237971,1.64789816,157.8694681,1.777544069,198.072363,2.708204439,248.8686851,2.802157127,106.2195681,1.452319251,133.4467849,1.502554888,87.59578348,1.197679909,114.9315249,1.294080818,137.0055446,1.873249849,153.249387,1.725523891,73.1378917,1,88.81325132,1,42.66839261,0.583396535,53.5395362,0.602832746,65.66377545,0.897807879,77.03075737,0.867334055,38.0698758,0.52052192,46.02013746,0.518167467
289,222.7414642,1,294.9528398,1,6.577483399,0.090841097,8.664897498,0.097459753,119.4399632,1.649575778,158.1401774,1.778705704,196.2501546,2.710395186,249.2861609,2.803884021,105.2423414,1.453493558,133.6706244,1.503480685,86.80833724,1.198903001,115.128877,1.29492956,135.3916233,1.869882879,153.2219656,1.723387369,72.40647254,1,88.90744375,1,42.26305047,0.583691609,53.61379985,0.603029371,64.99236145,0.897604305,77.1037419,0.867236068,37.69998553,0.520671484,46.08042896,0.518296635
290,220.7592647,1,295.4556166,1,6.518872252,0.090926205,8.679655429,0.097518246,118.3770243,1.651140443,158.4097469,1.779775798,194.4669554,2.712454186,249.7027071,2.805476578,104.2860381,1.45459726,133.893967,1.504334465,86.03604695,1.200043654,115.3253866,1.295711507,133.8337365,1.866732978,153.2120003,1.721377727,71.69409771,1,89.00545065,1,41.86700081,0.58396719,53.68913814,0.603211801,64.33971168,0.897419924,77.18053051,0.867143865,37.33931442,0.520814343,46.14187562,0.518416291
291,218.813225,1,295.955851,1,6.461337215,0.091005501,8.694342802,0.097572041,117.3334784,1.652597841,158.6779552,1.780759321,192.7197681,2.714385332,250.1181001,2.806944023,103.3490504,1.455632442,134.1166927,1.505121176,85.27782441,1.201106031,115.5208929,1.296430285,132.3279627,1.863789504,153.2183405,1.719488933,70.99941403,1,89.10690701,1,41.47957833,0.584224235,53.76539506,0.60338078,63.70442678,0.897252853,77.26082224,0.867057615,36.98716557,0.520950293,46.20435802,0.518527234
292,216.900848,1,296.4531687,1,6.404803656,0.091079289,8.708948446,0.097621407,116.3079862,1.653953691,158.9446014,1.781661206,191.0059251,2.716193145,250.5320703,2.80829463,102.4299476,1.456601523,134.3386569,1.505845253,84.53269912,1.202094321,115.7152501,1.297089491,130.8706727,1.86104187,153.23987,1.717715036,70.32118664,1,89.21146222,1,41.10018113,0.584463703,53.8424223,0.603537045,63.08523493,0.897101399,77.34431536,0.86697733,36.64291073,0.521079243,46.26775359,0.518630145
293,215.0199077,1,296.9472299,1,6.349205053,0.091147875,8.723462232,0.097666607,115.2993538,1.655213684,159.2095032,1.782486304,189.3228018,2.717878999,250.9373683,2.809458061,101.5273215,1.457505236,134.5559708,1.506468962,83.79980594,1.203012688,115.9083261,1.297692661,129.4585107,1.858479614,153.2755103,1.716050187,69.65828939,1,89.31878065,1,40.72826499,0.584686551,53.92007923,0.603681318,62.48087891,0.896962579,77.42908708,0.86688473,36.30592867,0.521200405,46.33086398,0.518713575
294,213.1684197,1,297.4377253,1,6.294482106,0.091211561,8.737874943,0.097707899,114.3065168,1.656383433,159.4724948,1.783239348,187.6685683,2.719452189,251.3476128,2.810597235,100.6401907,1.458348563,134.7759398,1.507079696,83.07837361,1.203865234,116.1000005,1.298243245,128.0883765,1.856092467,153.3242225,1.714488676,69.0096958,1,89.42854196,1,40.363338,0.584893724,53.99823274,0.603814303,61.89042075,0.896836597,77.51805872,0.866815639,35.97577005,0.521314717,46.39570433,0.518801977
295,211.3446142,1,297.9243718,1,6.240581933,0.091270644,8.752178155,0.097745533,113.328526,1.657468426,159.7334244,1.783924921,186.0413394,2.720918173,251.7556041,2.81164132,99.76754385,1.459134427,134.994702,1.507639456,82.36771426,1.204655972,116.2901631,1.298744586,126.7574076,1.853870409,153.3850095,1.713024947,68.37447051,1,89.54044114,1,40.0049555,0.585086147,54.07675698,0.603936683,61.31290565,0.8967222,77.60935731,0.86675201,35.65197405,0.521422306,46.46109887,0.518883962
296,209.5469113,1,298.4069085,1,6.187457329,0.091325409,8.766364109,0.09777975,112.364534,1.658473991,159.992152,1.784547436,184.4394353,2.722282518,252.1610922,2.812596899,98.90848001,1.459865812,135.2121231,1.508151772,81.6672138,1.205388793,116.4787123,1.299199897,125.462963,1.85180371,153.4569162,1.711653622,67.7517613,1,89.65418837,1,39.65271551,0.585264719,54.15553305,0.604049114,60.7474663,0.89661826,77.70271304,0.86669362,35.33412518,0.521523345,46.52693728,0.518959996
297,207.7738989,1,298.8850929,1,6.135066107,0.091376136,8.780425613,0.097810779,111.4137834,1.659405267,160.2485477,1.785111114,182.8613579,2.723550814,252.5638426,2.813470256,98.06219541,1.460545712,135.4280773,1.508620012,80.97632338,1.20606745,116.6655536,1.299612255,124.2026072,1.849882971,153.5390307,1.710369512,67.14079168,1,89.76950869,1,39.30625443,0.585430309,54.23444863,0.604152227,60.19331488,0.896523758,77.79786931,0.866640248,35.02184865,0.521618047,46.593115,0.519030522
298,206.024313,1,299.3586978,1,6.083370503,0.09142309,8.794355932,0.097838841,110.4755961,1.660267182,160.5024895,1.785619971,181.305109,2.724718697,252.9417279,2.814023647,97.22761835,1.461171784,135.6306952,1.508916645,80.29455165,1.206695539,116.8505985,1.299984585,122.9740954,1.848099145,153.630484,1.709167634,66.54085399,1,89.8861416,1,38.96524316,0.585583755,54.31339762,0.604246624,59.6494762,0.896433884,77.88986431,0.86653919,34.71466432,0.52170452,46.65630741,0.519060075
299,204.2970198,1,299.827508,1,6.032336654,0.091466527,8.808148704,0.097864143,109.5493642,1.661064437,160.7538621,1.786077808,179.7696766,2.725794156,253.3188352,2.814533622,96.40420589,1.46174831,135.8328975,1.509190016,79.62145794,1.207276493,117.033763,1.300319657,121.7753593,1.846443566,153.7304494,1.708043219,65.95130314,1,90.00384049,1,38.62938359,0.585725858,54.3922797,0.604332875,59.11536666,0.896348728,77.98366336,0.866448175,34.41230458,0.521783542,46.71998121,0.519088752
300,202.5910006,1,300.2913176,1,5.981934129,0.091506688,8.821797861,0.09788688,108.6345412,1.661801501,161.0025552,1.78648821,178.2546129,2.726791867,253.7124321,2.815199225,95.59171784,1.46228316,136.0439468,1.509546893,78.95664621,1.207813572,117.214967,1.300620082,120.6044938,1.844907952,153.8381424,1.706991714,65.37155076,1,90.12237209,1,38.2984054,0.585857379,54.47099995,0.604411521,58.5906388,0.896271208,78.08276111,0.866408188,34.11462711,0.521857394,46.78660158,0.519145252
301,200.9053377,1,300.7499281,1,5.932135521,0.091543804,8.835297562,0.097907238,107.7306348,1.662482603,161.2484622,1.786854542,176.7589321,2.727716679,254.1024065,2.81580384,94.7896254,1.462778933,136.2530547,1.509871078,78.29975973,1.20830986,117.3941329,1.30088831,119.4597446,1.843484422,153.9528191,1.70600879,64.80105998,1,90.24151574,1,37.97206322,0.585979045,54.54946841,0.604483069,58.07474796,0.896200586,78.18275167,0.866372324,33.82137786,0.521926306,46.85318922,0.51919772
302,199.2392024,1,301.2031458,1,5.882916087,0.09157809,8.848642133,0.097925388,106.8372008,1.663111729,161.4914795,1.787179949,175.2817483,2.728573282,254.4886124,2.816352582,93.99745339,1.463238143,136.4601428,1.510165315,77.65047641,1.208768268,117.5711852,1.301126632,118.3394966,1.842165494,154.0737754,1.705090342,64.23934057,1,90.36106273,1,37.650134,0.586091539,54.62759971,0.604547999,57.56719863,0.896136201,78.28344778,0.866340495,33.53232684,0.521990521,46.91967003,0.51924655
303,197.591845,1,301.6507805,1,5.834253436,0.09160975,8.861826015,0.097941491,105.9538368,1.663692633,161.7315049,1.787467364,173.8222634,2.729366182,254.8708997,2.816850157,93.21477367,1.463663204,136.6651307,1.510432126,77.0085047,1.209191529,117.7460496,1.301337181,117.2422628,1.840944082,154.2003456,1.704232489,63.68594457,1,90.4808156,1,37.33241477,0.58619551,54.70531264,0.604606759,57.06753954,0.896077461,78.3846713,0.866312608,33.24726551,0.522050285,46.9859729,0.519292102
304,195.9625848,1,302.0926438,1,5.786127251,0.091638975,8.874843724,0.097955697,105.0801778,1.664228831,161.9684376,1.78771951,172.3797562,2.730099683,255.2491184,2.817300922,92.44119949,1.464056423,136.8679379,1.510673848,76.37358004,1.209582211,117.9186524,1.301521941,116.1666746,1.839813493,154.3319009,1.703431572,63.14046235,1,90.60058738,1,37.01872053,0.586291566,54.7825298,0.604659764,56.57535935,0.896023837,78.4862533,0.86628857,32.9660045,0.522105846,47.05202985,0.519334711
305,194.3508028,1,302.5285479,1,5.738519049,0.091665945,8.887689809,0.097968145,104.2158918,1.664723617,162.2021769,1.787938909,170.9535739,2.730777876,255.6231198,2.817708926,91.67638052,1.464419995,137.0684848,1.510892651,75.74546171,1.209942714,118.0889201,1.301682745,115.1114724,1.83876742,154.4678478,1.702684147,62.60251899,1,90.72020087,1,36.70888243,0.586380277,54.85917723,0.604707405,56.09028271,0.895974852,78.58803402,0.866268298,32.68837153,0.522157448,47.11777618,0.51937469
306,192.755934,1,302.9583041,1,5.691411973,0.091690826,8.900358821,0.097978963,103.3606759,1.665180067,162.4326218,1.78812789,169.5431232,2.731404636,255.9927571,2.818077941,90.91999865,1.464755993,137.2666924,1.511090557,75.12393011,1.210275281,118.2567791,1.301821288,114.0754964,1.837799928,154.6076262,1.701986986,62.07177104,1,90.8394879,1,36.40274614,0.58646218,54.93518402,0.604750041,55.61196678,0.89593008,78.68986266,0.86625172,32.41420969,0.52220533,47.18315037,0.519412333
307,191.177462,1,303.3817221,1,5.644790608,0.091713775,8.912845283,0.097988269,102.5142529,1.665601051,162.6596703,1.788288596,168.1478641,2.731983615,256.3578853,2.818411484,90.17176421,1.465066379,137.4624832,1.511269454,74.50878438,1.210582003,118.4221549,1.301939127,113.0576792,1.836905444,154.7507083,1.70133707,61.54790359,1,90.95828865,1,36.10017037,0.586537774,55.01048202,0.604788006,55.14009809,0.895889135,78.79159688,0.866238779,32.14337577,0.522249726,47.24809398,0.519447921
308,189.614913,1,303.7986093,1,5.59864082,0.091734938,8.925143662,0.097996173,101.6763688,1.665989239,162.883219,1.788422994,166.7673038,2.732518252,256.7183612,2.818712836,89.4314128,1.465352993,137.6557803,1.511431099,73.89984033,1.210864827,118.5849719,1.302037692,112.0570379,1.836078742,154.8965961,1.700731578,61.03062759,1,91.0764509,1,35.80102554,0.586607527,55.08500546,0.604821608,54.67438969,0.895851671,78.8931024,0.866229433,31.87573887,0.522290858,47.31255138,0.51948172
309,188.0678514,1,304.2087691,1,5.552949619,0.091754448,8.937248345,0.098002775,100.84679,1.666347116,163.1031629,1.788532887,165.4009911,2.733011773,257.0740427,2.818985061,88.69870241,1.465617566,137.8465075,1.511577137,73.2969286,1.211125565,118.7451532,1.30211829,111.0726678,1.835314932,155.0448203,1.700167888,60.5196775,1,91.19382938,1,35.50519268,0.586671875,55.15869068,0.604851129,54.21457865,0.895817375,78.99425242,0.866223657,31.61117918,0.522328943,47.37646958,0.519513984
310,186.535876,1,304.6120009,1,5.50770503,0.091772433,8.949153617,0.098008166,100.0253012,1.666676988,163.3193945,1.788619917,164.048512,2.733467198,257.4247882,2.819231021,87.97341101,1.465861716,138.034589,1.511709102,72.69989308,1.211365898,118.90262,1.302182114,110.1037352,1.834609439,155.1949383,1.699643563,60.01480908,1,91.31028507,1,35.21256233,0.586731223,55.23147578,0.60487683,53.76042375,0.895785966,79.09492711,0.866221445,31.34958681,0.522364185,47.43979797,0.519544955
311,185.0186156,1,305.0080989,1,5.462895992,0.091789008,8.960853636,0.098012431,99.21170348,1.666980999,163.5318035,1.788685578,162.7094857,2.733887349,257.7704565,2.819453393,87.25533434,1.466086956,138.219949,1.511828428,72.1085895,1.211587387,119.0572917,1.302230246,109.1494724,1.833957993,155.3465325,1.69915635,59.51579745,1,91.42568456,1,34.92303366,0.586785949,55.30330037,0.604898948,53.31170345,0.895757189,79.19501305,0.866222806,31.09086083,0.522396778,47.5024881,0.519574869
312,183.5157266,1,305.3968516,1,5.418512261,0.091804281,8.972342413,0.098015646,98.40581241,1.667261132,163.7402766,1.788731227,161.3835603,2.734274846,258.1108228,2.819653773,86.54428364,1.466294692,138.402467,1.511935974,71.5228842,1.211791478,119.2090853,1.302263669,108.209172,1.83335661,155.4992086,1.698704167,59.02243536,1,91.53989944,1,34.6365136,0.586836402,55.37410525,0.604917698,52.8682137,0.895730808,79.29438486,0.866227572,30.83490819,0.522426904,47.56448085,0.519603814
313,182.0268898,1,305.7780409,1,5.374544325,0.091818354,8.983613794,0.098017881,97.60745687,1.667519229,163.9446972,1.788758086,160.0704119,2.734632152,258.4458802,2.819835994,85.84008513,1.466486242,138.5821394,1.512033794,70.94265304,1.211979514,119.3579151,1.302283267,107.2821817,1.832801578,155.6525942,1.6982851,58.53453151,1,91.65280562,1,34.35291612,0.586882909,55.44383217,0.604933278,52.42976721,0.895706617,79.39296947,0.866236106,30.58164345,0.52245474,47.62575192,0.519632232
314,180.5518082,1,306.1514417,1,5.330983329,0.091831318,8.994661435,0.098019198,96.8164775,1.667756993,164.1449446,1.788767257,158.7697396,2.734961551,258.7754423,2.820001795,85.14257753,1.466662832,138.7588663,1.512122821,70.36778048,1.212152734,119.5036927,1.302289834,106.3679003,1.832289441,155.8063366,1.697897393,58.0519092,1,91.76428286,1,34.07216155,0.586925771,55.51242353,0.604945866,51.99619116,0.895684429,79.49066063,0.866248372,30.33098761,0.522480449,47.68625161,0.519660266
315,179.0902045,1,306.5168207,1,5.287821016,0.09184326,9.005478784,0.098019655,96.03272561,1.667975999,164.3408939,1.788759725,157.4812643,2.735265166,259.0993576,2.820153187,84.451611,1.466825598,138.9325664,1.512204135,69.79815865,1.212312289,119.6463265,1.302284082,105.4657729,1.831816985,155.9601021,1.697539442,57.57440495,1,91.87421408,1,33.79417602,0.586965268,55.57982217,0.60495562,51.56732602,0.895664073,79.58736436,0.866264437,30.08286762,0.522504186,47.74593706,0.519688114
316,177.6418193,1,306.8739365,1,5.245049662,0.091854258,9.016059065,0.098019303,95.25606211,1.668177706,164.532416,1.788736368,156.2047038,2.73554458,259.4120641,2.820233269,83.76703423,1.466975391,139.1002603,1.512247255,69.23368668,1.212459239,119.7857215,1.302266639,104.5752877,1.831381222,156.1135735,1.697209785,57.10186737,1,91.9824849,1,33.51889087,0.587001659,55.6459711,0.604962686,51.14301475,0.895645223,79.68183509,0.866271825,29.83721074,0.522526007,47.80393824,0.519706967
317,176.2064096,1,307.2225384,1,5.20266203,0.091864387,9.026395254,0.098018188,94.48635662,1.668363461,164.7193765,1.788697963,154.9398399,2.735802044,259.7244486,2.820363954,83.08873023,1.467113417,139.2677797,1.512317489,68.67427,1.212594568,119.9217792,1.302238065,103.6959718,1.830979378,156.2664495,1.696907102,56.63415605,1,92.08898312,1,33.24624222,0.587035184,55.7108133,0.60496719,50.72313156,0.895627923,79.77633931,0.866296234,29.59395978,0.522546142,47.86190239,0.519735377
318,174.783747,1,307.5623662,1,5.16065132,0.091873714,9.036480064,0.098016351,93.72348664,1.668534511,164.9016362,1.788645193,153.6864453,2.736039248,260.0307067,2.820485498,82.41657703,1.467240582,139.4320154,1.512382835,68.11981974,1.212719183,120.0543972,1.302198846,102.8273887,1.830608877,156.4184429,1.696630199,56.17114061,1,92.1935982,1,32.97617051,0.587066065,55.77429149,0.604969245,50.3075499,0.895612041,79.86959492,0.866324739,29.35305625,0.522564718,47.91892848,0.519764164
319,173.3736162,1,307.8931494,1,5.119011131,0.091882302,9.046305929,0.098013828,92.96733679,1.668692006,165.0790503,1.788578653,152.4443069,2.736257755,260.330676,2.820599519,81.75046032,1.467357723,139.5928805,1.512444163,67.57025219,1.212833922,120.1834692,1.302149407,101.9691344,1.830267332,156.5692793,1.696378009,55.7126998,1,92.29622082,1,32.7086201,0.587094508,55.83634793,0.604968951,49.89615235,0.895597459,79.96152133,0.866357481,29.11444571,0.52258185,47.97497703,0.519793515
320,171.9758143,1,308.2146069,1,5.077735423,0.091890209,9.055864985,0.098010652,92.21779818,1.668837008,165.2514682,1.788498856,151.2132244,2.736459013,260.6241879,2.820707538,81.09027274,1.467465617,139.7502845,1.51250229,67.02548837,1.212939559,120.3088846,1.302090111,101.1208356,1.829952526,156.7186958,1.696149579,55.25872075,1,92.39674243,1,32.44353895,0.587120702,55.89692424,0.604966396,49.48882982,0.895584066,80.05203989,0.866394613,28.8780774,0.522597646,48.03000865,0.519823615
321,170.5901493,1,308.5264465,1,5.036818486,0.091897489,9.065149057,0.098006851,91.47476784,1.668970497,165.4187335,1.788406242,149.9930095,2.736644362,260.911067,2.820810986,80.43591319,1.467564982,139.9041336,1.512557982,66.48545356,1.213036809,120.4305285,1.302021267,100.2821466,1.829662409,156.8664399,1.695944071,54.80909817,1,92.49505489,1,32.18087827,0.587144823,55.9559612,0.604961652,49.08548078,0.895571765,80.14107339,0.866436303,28.64390384,0.522612208,48.08398385,0.519854644
322,169.2164392,1,308.8283647,1,4.996254909,0.09190419,9.074149645,0.098002449,90.73814816,1.669093381,165.5806837,1.788301176,148.7834842,2.73681504,261.1911307,2.820911208,79.78728629,1.467656483,140.0543299,1.512611963,65.95007692,1.213126332,120.5482815,1.30194313,99.45274715,1.829395081,157.0122681,1.695760747,54.36373376,1,92.59105003,1,31.92059228,0.587167033,56.01339864,0.604954784,48.68601063,0.895560464,80.22854569,0.866482729,28.41188061,0.52262563,48.13686284,0.51988678
323,167.8545111,1,309.1200461,1,4.956039554,0.091910358,9.082857916,0.097997467,90.00784644,1.669206492,165.7371499,1.788183962,147.5844805,2.736972194,261.4641888,2.821009469,79.14430187,1.467740733,140.2007716,1.512664912,65.41929119,1.213208736,120.6620194,1.301855909,98.63234032,1.829148783,157.1559452,1.695598971,53.92253556,1,92.68461935,1,31.66263787,0.587187482,56.06917527,0.604945844,48.29033109,0.895550081,80.31438135,0.86653408,28.18196605,0.522637998,48.18860537,0.519920195
324,166.5042005,1,309.4011634,1,4.916167532,0.091916036,9.091264688,0.097991923,89.28377443,1.669310603,165.8879568,1.788054842,146.395839,2.737116882,261.7300421,2.821106957,78.5068745,1.4678183,140.343352,1.512717468,64.89303233,1.213284582,120.7716136,1.301759769,97.82065064,1.828921888,157.2972427,1.695458199,53.48541743,1,92.77565369,1,31.40697446,0.587206307,56.12322856,0.604934876,47.89835963,0.89554054,80.39850519,0.866590555,27.95412101,0.522649394,48.2391705,0.519955059
325,165.1653505,1,309.6713771,1,4.876634183,0.091921261,9.099360429,0.097985831,88.56584801,1.669406424,166.0329228,1.787914002,145.2174086,2.737250081,261.9884824,2.821204785,77.87492305,1.467889708,140.4819595,1.512770228,64.37123929,1.213354389,120.8769305,1.301654835,97.01742227,1.828712891,157.4359384,1.695337973,53.05229856,1,92.86404297,1,31.15356371,0.587223637,56.17549464,0.604921914,47.51001897,0.895531773,80.48084196,0.86665236,27.72830863,0.522659892,48.28851649,0.519991538
326,163.8378112,1,309.9303358,1,4.837435056,0.09192607,9.107135249,0.097979204,87.85398679,1.669494609,166.1718594,1.787761579,144.0490452,2.737372694,262.2392918,2.821303993,77.24837037,1.467955441,140.6164774,1.512823752,63.85385371,1.213418633,120.9778319,1.301541191,96.22241732,1.828520399,157.5718152,1.695237919,52.623103,1,92.94967592,1,30.90236937,0.587239589,56.22590821,0.604906985,47.12523667,0.895523714,80.56131594,0.866719708,27.50449416,0.522669561,48.33660056,0.520029791
327,162.5214391,1,310.1776757,1,4.79856589,0.091930496,9.114578895,0.09797205,87.14811381,1.669575764,166.304572,1.787597662,142.8906119,2.737485554,262.4822419,2.821405546,76.62714289,1.468015945,140.7467835,1.512878558,63.34081974,1.213477755,121.0741749,1.301418893,95.43541445,1.828343128,157.7046602,1.695157737,52.19775926,1,93.03243988,1,30.65335708,0.587254271,56.27440246,0.604890106,46.74394465,0.895516308,80.63985065,0.866792817,27.28264478,0.522678467,48.38337879,0.520069976
328,161.2160966,1,310.413021,1,4.7600226,0.091934569,9.121680756,0.097964378,86.44815527,1.669650446,166.4308592,1.787422297,141.7419776,2.73758943,262.7170934,2.821510342,76.01117037,1.468071633,140.8727495,1.51293513,62.8320838,1.213532161,121.1658116,1.301287961,94.65620741,1.828179889,157.8342642,1.695097198,51.77619992,1,93.11222058,1,30.40649424,0.587267785,56.32090905,0.604871291,46.36607889,0.8955095,80.71636849,0.86687191,27.06272939,0.522686667,48.42880593,0.520112243
329,159.9216515,1,310.6359843,1,4.721801263,0.091938316,9.128429864,0.097956191,85.75404025,1.669719166,166.5505134,1.787235494,140.603017,2.73768503,262.9435958,2.821619205,75.40038557,1.468122884,140.9942413,1.51299391,62.32759441,1.213582225,121.2525899,1.30114839,93.88460387,1.828029584,157.9604205,1.695056138,51.35836133,1,93.18890208,1,30.16174982,0.587280222,56.36535805,0.604850543,45.99157904,0.895503241,80.79079047,0.866957209,26.84471853,0.522694218,48.47283529,0.520156738
330,158.6379765,1,310.8461664,1,4.683898105,0.091941765,9.134814894,0.097947492,85.06570052,1.669782399,166.663321,1.787037228,139.4736099,2.73777301,263.161487,2.821732889,74.79472407,1.46817005,141.1111184,1.513055304,61.82730204,1.213628291,121.3343529,1.30100015,93.12042419,1.827891199,158.0829248,1.695034456,50.94418324,1,93.26236657,1,29.91909429,0.587291667,56.40767794,0.604827864,45.62038812,0.895497488,80.86303593,0.867048938,26.6285842,0.52270117,48.51541862,0.520203598
331,157.364949,1,311.0431574,1,4.646309486,0.091944938,9.140824182,0.097938282,84.38307029,1.669840581,166.7690622,1.786827443,138.3536409,2.737853972,263.3704928,2.821852075,74.19412398,1.468213454,141.2232341,1.513119681,61.3311589,1.213670677,121.4109396,1.300843189,92.36350041,1.8277638,158.2015742,1.695032103,50.53360857,1,93.33249434,1,29.67849944,0.587302199,56.44779563,0.604803247,45.25245224,0.895492199,80.93302229,0.867147319,26.41429976,0.52270757,48.556506,0.520252955
332,156.1024504,1,311.2265364,1,4.609031894,0.091947857,9.146445728,0.097928561,83.70608601,1.669894112,166.8675115,1.786606056,137.2429991,2.737928471,263.5703269,2.821977376,73.59852576,1.468253393,141.3304348,1.513187369,60.83911888,1.213709674,121.4821847,1.300677435,91.61367529,1.827646522,158.3161668,1.695049083,50.12658312,1,93.39916372,1,29.43993831,0.587311891,56.48563649,0.604776684,44.88772036,0.895487336,81.00066484,0.867252571,26.20183978,0.522713462,48.59604574,0.520304934
333,154.8503663,1,311.395873,1,4.572061933,0.091950543,9.151667214,0.097918326,83.03468626,1.669943363,166.9584383,1.786372962,136.1415774,2.737997022,263.7606908,2.822109331,73.00787204,1.468290143,141.4325607,1.513258659,60.35113735,1.213745554,121.5479193,1.300502801,90.87080137,1.827538569,158.4265015,1.695085445,49.72305533,1,93.46225108,1,29.20338506,0.587320808,56.52112436,0.60474816,44.52614402,0.895482864,81.06587655,0.867364905,25.99118,0.522718884,48.63398434,0.520359651
334,153.6085855,1,311.5507273,1,4.535396314,0.091953014,9.156476018,0.097907574,82.36881151,1.669988675,167.0416068,1.786128035,135.0492727,2.738060095,263.9412736,2.822248406,72.42210744,1.468323957,141.5294452,1.513333803,59.86717111,1.213778564,121.6079708,1.300319185,90.13474025,1.827439205,158.5323769,1.695141278,49.3229761,1,93.52163085,1,28.96881491,0.587329014,56.55418167,0.604717659,44.16767715,0.895478753,81.1285679,0.867484529,25.7822972,0.522723875,48.67026641,0.520417212
335,152.3770006,1,311.6906508,1,4.499031848,0.091955287,9.160859237,0.0978963,81.70840405,1.670030361,167.1167766,1.785871134,133.965985,2.738118127,264.1117523,2.822394999,71.84117844,1.468355068,141.6209153,1.513413014,59.38717822,1.213808933,121.6621633,1.300126474,89.40536175,1.827347753,158.6335915,1.695216708,48.92629856,1,93.57717556,1,28.73620404,0.587336563,56.5847295,0.604685161,43.8122759,0.895474973,81.18864676,0.86761164,25.5751691,0.522728468,48.70483464,0.520477716
336,151.1555068,1,311.8151875,1,4.462965436,0.091957379,9.164803708,0.097884497,81.05340779,1.67006871,167.1837035,1.785602103,132.8916177,2.738171518,264.2717918,2.82254943,71.2650332,1.468383691,141.7067915,1.513496468,58.91111798,1.21383687,121.710318,1.299924545,88.68254331,1.827263588,158.7299436,1.695311894,48.53297788,1,93.62875595,1,28.50552953,0.587343509,56.61268768,0.604650645,43.4598984,0.895471498,81.24601828,0.867746425,25.36977434,0.522732695,48.73762981,0.520541252
337,149.9440026,1,311.923875,1,4.427194068,0.091959303,9.168296032,0.09787216,80.40376821,1.670103989,167.2421393,1.785320775,131.8260772,2.738220638,264.4210453,2.822711952,70.69362146,1.468410024,141.7868878,1.5135843,58.43895076,1.213862571,121.7522537,1.299713271,87.96616931,1.827186133,158.8212302,1.695427019,48.14297117,1,93.67624107,1,28.27676926,0.587349899,56.63797491,0.604614086,43.11050465,0.895468302,81.30058483,0.86788906,25.16609234,0.522736585,48.76859077,0.520607896
338,148.7423889,1,312.0162449,1,4.39171481,0.091961073,9.171322602,0.09785928,79.75943219,1.670136442,167.2918331,1.785026979,130.7692725,2.738265827,264.5591546,2.822882741,70.12689442,1.46843425,141.8610124,1.513676607,57.970638,1.213886213,121.7877869,1.299492517,87.25613055,1.827114856,158.9072476,1.695562293,47.75623725,1,93.71949843,1,28.04990189,0.587355778,56.6605089,0.60457546,42.76405634,0.895465363,81.35224599,0.868039707,24.9641033,0.522740164,48.79765446,0.520677717
339,147.5505691,1,312.0918245,1,4.356524804,0.091962701,9.173869633,0.097845849,79.12034796,1.670166296,167.3325314,1.784720536,129.721115,2.738307398,264.6857508,2.823061904,69.56480465,1.468456536,141.9289675,1.513773446,57.50614208,1.213907961,121.8167325,1.299262147,86.55232367,1.827049268,158.9877911,1.695717941,47.37273658,1,93.75839417,1,27.82490675,0.587361186,56.68020652,0.604534741,42.42051676,0.895462661,81.40089848,0.868198514,24.7637881,0.522743457,48.82475597,0.52075077
340,146.368449,1,312.1501378,1,4.32162126,0.091964199,9.175923193,0.097831858,78.48646497,1.670193756,167.3639789,1.784401265,128.6815186,2.738345638,264.7924216,2.823163832,69.00730592,1.468477037,141.9862482,1.513828977,57.04542629,1.213927967,121.8389043,1.299022026,85.85465075,1.826988917,159.0626546,1.695894206,46.99243107,1,93.79279324,1,27.60176385,0.587366161,56.69698396,0.604491902,42.07985058,0.895460176,81.44445378,0.868344475,24.56512826,0.522746487,48.8484817,0.520812741
341,145.1959364,1,312.1907064,1,4.287001452,0.091965576,9.177469239,0.097817298,77.85773383,1.670219016,167.3859192,1.784068989,127.6503995,2.738380815,264.8954676,2.823366454,68.45435325,1.468495895,142.0415832,1.513938479,56.58845475,1.213946368,121.8541151,1.298772017,85.16301878,1.826933388,159.1316309,1.69609134,46.61528403,1,93.82255967,1,27.38045379,0.587370738,56.71075693,0.604446917,41.74202389,0.89545789,81.48691265,0.868521525,24.36810592,0.522749275,48.87155711,0.520893453
342,144.0329414,1,312.2130513,1,4.252662714,0.091966843,9.178493649,0.097802159,77.23410623,1.670242251,167.3980951,1.783723529,126.6276756,2.738413173,264.9857838,2.823576799,67.90590271,1.468513242,142.0900967,1.514052168,56.13519238,1.213963295,121.8621776,1.29851199,84.47733934,1.826882297,159.1945116,1.696309601,46.24126003,1,93.84755674,1,27.16095772,0.587374948,56.72144079,0.60439976,41.40700398,0.895455789,81.52602615,0.868706965,24.17270373,0.522751839,48.89245757,0.520977416
343,142.8793756,1,312.2166938,1,4.218602437,0.091968009,9.178982262,0.097786431,76.61553487,1.670263622,167.4002501,1.783364715,125.6132671,2.738442938,265.0629686,2.823794739,67.36191138,1.468529199,142.1315733,1.514169976,55.6856048,1.213978864,121.8629049,1.298241816,83.79752819,1.826835291,159.2510869,1.696549253,45.87032482,1,93.86764729,1,26.9432573,0.587378821,56.7289508,0.604350406,41.07475925,0.895453856,81.5616809,0.868900875,23.97890489,0.522754199,48.91111199,0.521064642
344,141.7351526,1,312.201157,1,4.184818064,0.091969081,9.178920913,0.097770106,76.0019734,1.670283279,167.3921281,1.782992381,124.6070956,2.738470316,265.1266123,2.824020072,66.82233732,1.468543877,142.1657934,1.514291797,55.23965835,1.213993184,121.8561107,1.297961376,83.12350496,1.826792045,159.3011463,1.696810557,45.50244523,1,93.882694,1,26.72733471,0.587382383,56.73320229,0.604298832,40.74525918,0.895452079,81.59376124,0.869103322,23.78669305,0.522756369,48.92744797,0.521155134
345,140.6001878,1,312.1659669,1,4.151307087,0.091970067,9.178295477,0.097753171,75.39337636,1.670301359,167.3734751,1.782606372,123.6090845,2.738495499,265.1762992,2.824252531,66.28713943,1.468557377,142.1925341,1.514417486,54.79731999,1.214006355,121.84161,1.297670555,82.45519282,1.826752259,159.3444781,1.697093771,45.13758907,1,93.89255964,1,26.51317253,0.587385659,56.73411092,0.604245013,40.41847422,0.895450445,81.62214931,0.869314349,23.5960523,0.522758366,48.94139182,0.521248883
346,139.4743978,1,312.1106544,1,4.118067045,0.091970974,9.177091904,0.097735619,74.78969912,1.670317988,167.3440392,1.782206543,122.6191589,2.738518662,265.2116078,2.824491777,65.75627748,1.468569795,142.2115695,1.514546863,54.3585573,1.214018469,121.8192197,1.297369249,81.79251823,1.826715659,159.38087,1.697399146,44.77572513,1,93.89710742,1,26.30075378,0.587388673,56.73159282,0.60418893,40.09437571,0.895448942,81.64672516,0.869533976,23.40696714,0.522760203,48.95286874,0.521345866
347,138.3577008,1,312.0347558,1,4.08509552,0.091971808,9.175296261,0.097717438,74.19089784,1.670333283,167.3035715,1.781792759,121.6372451,2.738539967,265.2321129,2.824737415,65.22971201,1.468581217,142.2226714,1.514679715,53.92333843,1.214029612,121.7887593,1.297057363,81.13541063,1.826681989,159.410109,1.697726924,44.41682304,1,93.89620128,1,26.09006188,0.587391445,56.72556488,0.604130562,39.77293583,0.89544756,81.66736705,0.869762205,23.21942246,0.522761892,48.96180299,0.521446047
348,137.2500166,1,311.9378148,1,4.052390136,0.091972575,9.172894775,0.09769862,73.59692943,1.67034735,167.2518273,1.781364902,120.6632709,2.738559562,265.2373858,2.824988984,64.7074043,1.468591722,142.2256101,1.514815796,53.49163207,1.21403986,121.7500509,1.296734815,80.48380229,1.826651015,159.4319819,1.698077333,44.06085323,1,93.88970623,1,25.8810806,0.587393995,56.71594493,0.604069894,39.45412755,0.89544629,81.68395171,0.869999013,23.03340348,0.522763446,48.96811811,0.52154938
349,136.1512661,1,311.8193835,1,4.019948556,0.091973281,9.16987387,0.097679156,73.0077515,1.670360288,167.1885661,1.780922865,119.6971655,2.738577585,265.2269964,2.82524597,64.18931631,1.468601384,142.2201548,1.51495483,53.06340742,1.214049285,121.7029202,1.296401533,79.837628,1.826622524,159.4462755,1.698450585,43.70778689,1,93.87748864,1,25.67379405,0.58739634,56.70265196,0.604006911,39.13792454,0.895445121,81.69635459,0.870244355,22.84889579,0.522764876,48.97173709,0.521655807
350,135.0613714,1,311.6790242,1,3.987768481,0.09197393,9.166220211,0.097659037,72.42332232,1.670372187,167.1135528,1.780466561,118.738859,2.738594161,265.200514,2.825507802,63.67541065,1.46861027,142.2060746,1.51509651,52.63863416,1.214057953,121.6471969,1.296057458,79.19682495,1.826596315,159.4527767,1.698846875,43.35759592,1,93.85941664,1,25.46818667,0.587398497,56.6856064,0.603941602,38.82430115,0.895444047,81.70445015,0.870498167,22.66588526,0.522766191,48.97258256,0.521765256
351,133.980256,1,311.5163099,1,3.955847644,0.091974527,9.161920739,0.097638254,71.8436008,1.670383131,167.0265582,1.779995916,117.788283,2.738609406,265.1575083,2.825773858,63.16565058,1.468618443,142.1831386,1.515240503,52.21728244,1.214065926,121.5827152,1.295702544,78.5613325,1.826572208,159.4512729,1.699266378,43.01025285,1,93.83536039,1,25.26424319,0.587400481,56.66473025,0.603873956,38.51323237,0.895443059,81.70811217,0.87076036,22.48435807,0.5227674,48.97057702,0.521877646
352,132.9078444,1,311.3308263,1,3.924183814,0.091975075,9.156962718,0.0976168,71.26854645,1.670393195,166.92736,1.779510875,116.84537,2.738623428,265.0971575,2.826039269,62.65999991,1.46862596,142.1509064,1.515384199,51.79932283,1.214073258,121.5093141,1.295336761,77.93109206,1.826550033,159.4415527,1.699709243,42.66573083,1,93.80519244,1,25.06194863,0.587402305,56.63994737,0.603803968,38.20469375,0.89544215,81.7071111,0.871029726,22.30430065,0.522768513,48.96557528,0.521992163
353,131.844062,1,311.1221727,1,3.892774792,0.09197558,9.151333764,0.097594668,70.69811935,1.670402452,166.815743,1.7790114,115.9100536,2.738636323,265.0197252,2.826310659,62.15842301,1.468632873,142.1095187,1.515531144,51.38472633,1.214080001,121.4268383,1.29496009,77.3060469,1.826529637,159.4234055,1.700175599,42.32400359,1,93.76878808,1,24.86128828,0.587403983,56.61118365,0.603731634,37.89866141,0.895441315,81.70149968,0.871308048,22.12569972,0.522769536,48.95761845,0.522109963
354,130.7888355,1,310.8899634,1,3.861618406,0.091976045,9.14502189,0.097571852,70.13228014,1.670410964,166.6914997,1.778497473,114.9822682,2.738648183,264.9244178,2.82658329,61.66088478,1.468639232,142.0585501,1.5156788,50.97346431,1.214086203,121.3351381,1.29457253,76.68614204,1.826510877,159.3966225,1.700665546,41.98504538,1,93.72602561,1,24.66224767,0.587405526,56.57836724,0.603656955,37.59511197,0.895440546,81.69105413,0.871594134,21.9485422,0.522770477,48.94656577,0.52223025
355,129.7420923,1,310.6338282,1,3.830712517,0.091976472,9.138015537,0.097548345,69.57098995,1.670418793,166.5544316,1.777969094,114.0619495,2.738659091,264.8110082,2.826858366,61.16735064,1.468645079,141.9978785,1.515827811,50.56550857,1.214091906,121.2340703,1.294174091,76.07132409,1.826493621,159.360997,1.701179157,41.64883096,1,93.67678671,1,24.46481258,0.587406945,56.54142872,0.603579934,37.29402253,0.89543984,81.67569809,0.87188834,21.77281528,0.522771343,48.93237368,0.522353247
356,128.7037611,1,310.3534144,1,3.800055011,0.091976864,9.130303612,0.097524143,69.01421045,1.670425993,166.4043491,1.777426283,113.1490338,2.738669122,264.6790169,2.827134289,60.67778645,1.468650457,141.9272468,1.515977317,50.16083121,1.214097151,121.1234984,1.293764801,75.46154118,1.826477751,159.3163244,1.701716474,41.31533556,1,93.62095673,1,24.26896899,0.587408251,56.50030133,0.603500576,36.99537062,0.89543919,81.655288,0.872190275,21.59850634,0.522772139,48.91495489,0.522478691
357,127.6737712,1,310.048387,1,3.769643801,0.091982321,9.121875517,0.097499242,68.46190374,1.670525157,166.2410721,1.776869076,112.2434582,2.738830071,264.528032,2.827410061,60.19215856,1.468736767,141.8464339,1.516126784,49.75921043,1.214164495,121.0032932,1.293344701,74.85674282,1.826564341,159.2624029,1.702277512,40.98226444,1,93.55842496,1,24.07417863,0.587429195,56.45492112,0.603418892,36.69701917,0.895436591,81.62969705,0.872499693,21.42507044,0.522788839,48.89423342,0.522606419
358,126.6520528,1,309.71843,1,3.739476826,0.091987477,9.112721183,0.098189698,67.91403243,1.670618859,166.0644308,1.789346564,111.3451609,2.738982196,264.3576551,2.848457429,59.71043374,1.468818344,141.755226,1.527414542,49.36081616,1.214227862,120.0348565,1.293377257,74.25687983,1.826646709,159.1990338,1.715371815,40.6520207,1,92.80730419,1,23.88098343,0.587448865,56.00259034,0.603428694,36.40120571,0.895434103,80.97416498,0.87249776,21.2530594,0.522804501,48.5023786,0.522613807
359,125.6385369,1,309.3632474,1,3.709552049,0.091992354,9.102831099,0.098876801,67.37055954,1.670707485,165.8742661,1.801759983,110.4540807,2.73912612,264.1674777,2.869440819,59.23257918,1.468895524,141.6534038,1.538668055,48.96562167,1.214287534,119.0741816,1.293407955,73.66190423,1.826725139,159.126022,1.728459184,40.32456917,1,92.06235445,1,23.68936787,0.587467352,55.55391532,0.603437916,36.10789831,0.895431719,80.32402785,0.872495911,21.08245899,0.5228192,48.11369623,0.522620745
360,124.6331554,1,308.9825635,1,3.679867456,0.091996972,9.092196338,0.099560299,66.83144853,1.670791393,165.6704299,1.814104852,109.5701571,2.739262418,263.954251,2.890320788,58.75856247,1.468968615,141.5392261,1.549866183,48.5736005,1.214343777,118.1212053,1.293436927,73.07176917,1.826799892,159.0431762,1.741535879,39.99987601,1,91.323514,1,23.49931677,0.58748474,55.10886405,0.6034466,35.81706626,0.895429432,79.67923101,0.872494142,20.91325536,0.522833005,47.72815817,0.522627263
361,123.6358409,1,308.5761244,1,3.650421058,0.092001348,9.080808583,0.10023994,66.29666327,1.670870913,165.4527853,1.826376704,108.6933304,2.739391626,263.7237283,2.911156029,58.28835159,1.469037903,141.4157755,1.561040374,48.18472647,1.214396833,117.1758653,1.293464296,72.48642884,1.826871211,158.9503093,1.754598095,39.67790855,1,90.5907226,1,23.31081528,0.587501109,54.66740502,0.603454785,35.52867995,0.895427235,79.03972123,0.872492447,20.74543497,0.52284598,47.3457367,0.522633393
362,122.6465268,1,308.1436978,1,3.621210885,0.092005499,9.068660151,0.100915473,65.76616801,1.670946352,165.2212077,1.838571086,107.8235416,2.739514236,263.4723162,2.931903171,57.82191489,1.469103654,141.2811261,1.572167382,47.79897368,1.214446928,116.2380995,1.293490176,71.90583843,1.826939322,158.847239,1.767641969,39.35863527,1,89.86392143,1,23.12384883,0.58751653,54.22950718,0.603462505,35.24271081,0.895425123,78.40544653,0.87249082,20.57898456,0.522858184,46.96640452,0.522639161
363,121.6651472,1,307.6850743,1,3.59223499,0.092009442,9.055744013,0.101586649,65.23992742,1.671017994,164.9755841,1.850683576,106.9607324,2.739630708,263.1996983,2.952554232,57.35922108,1.469166113,141.135108,1.583242925,47.41631648,1.214494271,115.3078468,1.293514671,71.32995405,1.827004435,158.733788,1.780663582,39.04202567,1,89.14305297,1,22.93840318,0.587531072,53.79513988,0.603469795,34.95913121,0.895423089,77.77635612,0.872489258,20.41389118,0.522869673,46.59013476,0.522644594
364,120.6916368,1,307.2000675,1,3.563491448,0.09201319,9.042053814,0.102253218,64.71790651,1.671086103,164.7158143,1.862709784,106.104845,2.739741465,262.9055722,2.973101179,56.90023923,1.469225507,140.9775587,1.594262694,47.0367295,1.214539054,114.3850463,1.293537878,70.75873267,1.827066745,158.6097843,1.793658966,38.72805022,1,88.42806093,1,22.75446434,0.587544795,53.36427294,0.603476683,34.67791443,0.895421129,77.15240036,0.872487755,20.25014211,0.522880496,46.21690093,0.522649716
365,119.7259311,1,306.6885147,1,3.53497835,0.092016757,9.027583889,0.102914935,64.20007066,1.671150921,164.4418106,1.874645361,105.2558225,2.739846901,262.589651,2.993535947,56.4449387,1.469282048,140.8083241,1.605222362,46.66018759,1.214581458,113.4696378,1.293559888,70.1921321,1.827126434,158.4750617,1.806624108,38.41668031,1,87.71889019,1,22.57201858,0.587557759,52.93687652,0.6034832,34.39903457,0.895419237,76.53353064,0.872486308,20.08772492,0.522890702,45.8466769,0.522654548
366,118.7679662,1,306.150277,1,3.50669381,0.092020156,9.01232928,0.103571555,63.68638563,1.671212674,164.1534981,1.886486007,104.4136082,2.739947379,262.2485468,3.013814629,55.99328924,1.46933593,140.625588,1.61609839,46.28666587,1.214621648,112.5615615,1.293580784,69.63011088,1.82718367,158.3294601,1.819554956,38.10788813,1,87.01548672,1,22.39105242,0.587570016,52.51292121,0.603489369,34.12246649,0.89541741,75.91969935,0.872484913,19.92662738,0.522900333,45.47943692,0.522659111
