"Day","Population","RelativePopulation","Biomass","RelativeBiomass","Scenario"
1,100,1,124.788048653548,1,"Baseline"
2,97.3947367918123,1,124.788048653548,1,"Baseline"
3,94.9172824459876,1,124.553034131606,1,"Baseline"
4,92.5610374770022,1,124.313622846576,1,"Baseline"
5,90.3196998578348,1,124.069796795646,1,"Baseline"
6,88.1872527641029,1,123.82155281089,1,"Baseline"
7,86.1579533359819,1,123.568901116001,1,"Baseline"
8,84.2263222975719,1,123.311863751072,1,"Baseline"
9,82.3871342818233,1,123.050472972022,1,"Baseline"
10,80.6354087224247,1,122.784769701921,1,"Baseline"
11,78.9664011907869,1,122.514802087019,1,"Baseline"
12,77.3755950749799,1,122.240624190308,1,"Baseline"
13,75.8586935168799,1,121.962294839432,1,"Baseline"
14,74.411611542706,1,121.67987663338,1,"Baseline"
15,73.0304683397183,1,121.393435103303,1,"Baseline"
16,71.7115796474741,1,121.103038016506,1,"Baseline"
17,70.4514502453541,1,120.808754808705,1,"Baseline"
18,69.2467665289216,1,120.510656127643,1,"Baseline"
19,68.0943891761069,1,120.208813470493,1,"Baseline"
20,66.9913459103672,1,119.903298897996,1,"Baseline"
21,65.9348243721135,1,119.59418480943,1,"Baseline"
22,64.9221651121029,1,119.281543764214,1,"Baseline"
23,63.9508547214806,1,118.965448337864,1,"Baseline"
24,63.0185191130097,1,118.64597100214,1,"Baseline"
25,62.1229169670394,1,118.32318402123,1,"Baseline"
26,61.2619333541637,1,117.997159357858,1,"Baseline"
27,60.4335735445319,1,117.667968584948,1,"Baseline"
28,59.6359570115566,1,117.335682800066,1,"Baseline"
29,58.8673116354644,1,117.000372541154,1,"Baseline"
30,58.1259681098537,1,116.662107702993,1,"Baseline"
31,57.4103545522379,1,116.320957454552,1,"Baseline"
32,56.7189913175241,1,115.976990157685,1,"Baseline"
33,56.0504860115388,1,115.630273287732,1,"Baseline"
34,55.4035287000921,1,115.280873356432,1,"Baseline"
35,54.776887307698,1,114.928855837179,1,"Baseline"
36,54.1694031989646,1,114.574285092173,1,"Baseline"
37,53.5799869348822,1,114.217224300426,1,"Baseline"
38,53.00761419584,1,113.857735384923,1,"Baseline"
39,52.4513218633062,1,113.495878936611,1,"Baseline"
40,51.9102042528724,1,113.1317141323,1,"Baseline"
41,51.3834094929997,1,112.765298643156,1,"Baseline"
42,50.8701360465366,1,112.396688530318,1,"Baseline"
43,50.3696293760983,1,112.02593812454,1,"Baseline"
44,49.8811787597419,1,111.653099887785,1,"Baseline"
45,49.4041142698053,1,111.278224256657,1,"Baseline"
46,48.9378039346307,1,110.90135947053,1,"Baseline"
47,48.4816511090278,1,110.522551391206,1,"Baseline"
48,48.0350920832046,1,110.141843325597,1,"Baseline"
49,47.5975939598502,1,109.759275867466,1,"Baseline"
50,47.1686528237896,1,109.37488677789,1,"Baseline"
51,46.747792217644,1,108.98871092565,1,"Baseline"
52,46.3345619209092,1,108.600780307329,1,"Baseline"
53,45.9285370107302,1,108.211124162215,1,"Baseline"
54,45.5293171632237,1,107.819769189325,1,"Baseline"
55,45.136526137647,1,107.426739864131,1,"Baseline"
56,44.7498113747757,1,107.032058842224,1,"Baseline"
57,44.3688436372915,1,106.635747428033,1,"Baseline"
58,43.9933166241753,1,106.237826080128,1,"Baseline"
59,43.6229465021222,1,105.838314921655,1,"Baseline"
60,43.2574713128597,1,105.437234225196,1,"Baseline"
61,42.896650233457,1,105.03460484548,1,"Baseline"
62,42.5402626847569,1,104.63044857995,1,"Baseline"
63,42.1881072988436,1,104.224788445013,1,"Baseline"
64,41.8400007685973,1,103.817648863755,1,"Baseline"
65,41.4957766102301,1,103.409055767954,1,"Baseline"
66,41.1552838733059,1,102.999036622803,1,"Baseline"
67,40.8183858326731,1,102.587620386461,1,"Baseline"
68,40.4849586938423,1,102.174837418499,1,"Baseline"
69,40.1548903385779,1,101.760719351612,1,"Baseline"
70,39.8280791317533,1,101.345298940093,1,"Baseline"
71,39.5044328045899,1,100.928609896832,1,"Baseline"
72,39.1838674238209,1,100.510686728456,1,"Baseline"
73,38.866306451451,1,100.091564575917,1,"Baseline"
74,38.5516798957957,1,99.6712790656612,1,"Baseline"
75,38.2399235514276,1,99.2498661745916,1,"Baseline"
76,37.9309783234801,1,98.8273621104266,1,"Baseline"
77,37.6247896303406,1,98.4038032078261,1,"Baseline"
78,37.3213068779876,1,97.9792258397511,1,"Baseline"
79,37.0204829989274,1,97.5536663429144,1,"Baseline"
80,36.7222740487525,1,97.1271609558109,1,"Baseline"
81,36.4266388536532,1,96.6997457676422,1,"Baseline"
82,36.133538702678,1,96.2714566764095,1,"Baseline"
83,35.8429370790871,1,95.8423293545082,1,"Baseline"
84,35.5547994257231,1,95.4123992202757,1,"Baseline"
85,35.2690929399006,1,94.9817014141006,1,"Baseline"
86,34.9857863938628,1,94.550270777869,1,"Baseline"
87,34.7048499773637,1,94.1181418366987,1,"Baseline"
88,34.4262551593911,1,93.6853487820754,1,"Baseline"
89,34.1499745664555,1,93.2519254556631,1,"Baseline"
90,33.8759818752282,1,92.817905333198,1,"Baseline"
91,33.6042517176272,1,92.3833215080057,1,"Baseline"
92,33.334759596714,1,91.9482066737899,1,"Baseline"
93,33.0674818120046,1,91.512593106444,1,"Baseline"
94,32.8023953929892,1,91.0765126447215,1,"Baseline"
95,32.5394780398302,1,90.6399966696825,1,"Baseline"
96,32.2787080703498,1,90.2030760829001,1,"Baseline"
97,32.0200643725428,1,89.7657812834754,1,"Baseline"
98,31.7635263619554,1,89.3281421439644,1,"Baseline"
99,31.5090739433578,1,88.890187985371,1,"Baseline"
100,31.2566874762178,1,88.4519475514109,1,"Baseline"
101,31.0063477435437,1,88.0134489822881,1,"Baseline"
102,30.7580359237234,1,87.5747197882702,1,"Baseline"
103,30.5117335650319,1,87.1357868233807,1,"Baseline"
104,30.2674225625201,1,86.6966762595606,1,"Baseline"
105,30.0250851370348,1,86.2574135616775,1,"Baseline"
106,29.7847038161472,1,85.818023463784,1,"Baseline"
107,29.5462614167943,1,85.3785299470482,1,"Baseline"
108,29.3097410294612,1,84.9389562197885,1,"Baseline"
109,29.0751260037497,1,84.499324700057,1,"Baseline"
110,28.8423999351983,1,84.0596570012143,1,"Baseline"
111,28.6115466532302,1,83.6199739209352,1,"Baseline"
112,28.3825502101221,1,83.1802954340726,1,"Baseline"
113,28.1553948708971,1,82.7406406897901,1,"Baseline"
114,27.9300651040531,1,82.3010280133434,1,"Baseline"
115,27.70654557305,1,81.8614749128629,1,"Baseline"
116,27.4848211284859,1,81.4219980914451,1,"Baseline"
117,27.2648768008973,1,80.9826134648159,1,"Baseline"
118,27.0466977941276,1,80.5433361847734,1,"Baseline"
119,26.8302694792131,1,80.1041806685613,1,"Baseline"
120,26.615577388738,1,79.6651606342546,1,"Baseline"
121,26.4026072116182,1,79.2262891421758,1,"Baseline"
122,26.1913447882748,1,78.7875786422842,1,"Baseline"
123,25.9817761061636,1,78.3490410274066,1,"Baseline"
124,25.7738872956276,1,77.9106876921046,1,"Baseline"
125,25.5676646260467,1,77.4725295968948,1,"Baseline"
126,25.363094502256,1,77.034577337468,1,"Baseline"
127,25.1601634612115,1,76.5968412184781,1,"Baseline"
128,24.95885816888,1,76.1593313314065,1,"Baseline"
129,24.7591654173358,1,75.7220576359441,1,"Baseline"
130,24.5610721220441,1,75.2850300442758,1,"Baseline"
131,24.3645653193174,1,74.848258507604,1,"Baseline"
132,24.1696321639288,1,74.4117531042046,1,"Baseline"
133,23.9762599268686,1,73.9755241282758,1,"Baseline"
134,23.7844359932341,1,73.5395821788189,1,"Baseline"
135,23.5941478602385,1,73.1039382477724,1,"Baseline"
136,23.4053831353315,1,72.6686038066186,1,"Baseline"
137,37.2044180637687,1,72.2335908906887,1,"Baseline"
138,49.9968860161847,1,71.9387268768991,1,"Baseline"
139,62.8541883619932,1,71.6605608194384,1,"Baseline"
140,87.2080998845377,1,71.4093256316883,1,"Baseline"
141,110.341249943598,1,71.3005839199756,1,"Baseline"
142,132.796255512324,1,71.2299550134593,1,"Baseline"
143,164.415813250031,1,71.2026099664489,1,"Baseline"
144,194.65059364284,1,71.3173335977938,1,"Baseline"
145,223.899035263484,1,71.4873640381134,1,"Baseline"
146,261.257367321622,1,71.7161713910514,1,"Baseline"
147,295.898532731521,1,72.0944980197985,1,"Baseline"
148,329.521311750607,1,72.530759660891,1,"Baseline"
149,370.503266692597,1,73.0387316409716,1,"Baseline"
150,407.940130414491,1,73.7015996055362,1,"Baseline"
151,443.944785593205,1,74.4252892205915,1,"Baseline"
152,486.119465838313,1,75.2257909076463,1,"Baseline"
153,525.20395603466,1,76.1773368596807,1,"Baseline"
154,562.65383628862,1,77.1996081082954,1,"Baseline"
155,604.459349767163,1,78.3023630174496,1,"Baseline"
156,643.593481372082,1,79.5429041174797,1,"Baseline"
157,680.811133554939,1,80.8593875772926,1,"Baseline"
158,720.644854437906,1,82.2547854081384,1,"Baseline"
159,758.151155074193,1,83.7708124857844,1,"Baseline"
160,794.316114537544,1,85.3626931495237,1,"Baseline"
161,831.662511775507,1,87.03574951877,1,"Baseline"
162,867.334252426179,1,88.8121707213716,1,"Baseline"
163,900.006916117335,1,90.664919632922,1,"Baseline"
164,934.430655634059,1,92.5769281430661,1,"Baseline"
165,967.392473941705,1,94.5891077402595,1,"Baseline"
166,997.800808111713,1,96.671389539997,1,"Baseline"
167,1027.1702105045,1,98.8090075641102,1,"Baseline"
168,1056.2625143119,1,101.011009959742,1,"Baseline"
169,1083.73556212366,1,103.281516074097,1,"Baseline"
170,1108.36079084656,1,105.604971071715,1,"Baseline"
171,1132.4085129302,1,107.964428960994,1,"Baseline"
172,1155.829787359,1,110.375477005759,1,"Baseline"
173,1175.69182944653,1,112.834581588857,1,"Baseline"
174,1193.79903873862,1,115.309325426888,1,"Baseline"
175,1212.90672665703,1,117.809144673835,1,"Baseline"
176,1228.66237919364,1,120.356142005718,1,"Baseline"
177,1242.29710692123,1,122.906548572223,1,"Baseline"
178,1257.58024006843,1,125.464463483376,1,"Baseline"
179,1269.88760991854,1,128.061509540009,1,"Baseline"
180,1280.11873841267,1,130.65251405703,1,"Baseline"
181,1291.8044683389,1,133.239178548295,1,"Baseline"
182,1301.07905327222,1,135.851115049022,1,"Baseline"
183,1307.89574055351,1,138.450698398696,1,"Baseline"
184,1316.5728970328,1,141.031585890579,1,"Baseline"
185,1322.69797307482,1,143.630981052941,1,"Baseline"
186,1327.40422776137,1,146.206984435544,1,"Baseline"
187,1333.28860149948,1,148.765271185747,1,"Baseline"
188,1337.31381264159,1,151.328284332035,1,"Baseline"
189,1340.63753259752,1,153.867177280695,1,"Baseline"
190,1344.38369838786,1,156.389688686069,1,"Baseline"
191,1346.3916871687,1,158.905457607426,1,"Baseline"
192,1347.91519695945,1,161.393581379125,1,"Baseline"
193,1349.24742529407,1,163.863474869338,1,"Baseline"
194,1348.78465241266,1,166.317342490879,1,"Baseline"
195,1349.42589413446,1,168.739125760208,1,"Baseline"
196,1348.15900580001,1,171.154904649635,1,"Baseline"
197,1345.87283726844,1,173.537118811712,1,"Baseline"
198,1344.31539527377,1,175.891776386827,1,"Baseline"
199,1339.71190659161,1,178.235077023237,1,"Baseline"
200,1335.06616093144,1,180.53132843681,1,"Baseline"
201,1331.27204268012,1,182.805649688518,1,"Baseline"
202,1323.9706577074,1,185.06751584199,1,"Baseline"
203,1316.61326190252,1,187.275674029221,1,"Baseline"
204,1309.89945107114,1,189.458875326282,1,"Baseline"
205,1299.47195473996,1,191.62458356462,1,"Baseline"
206,1288.80889530829,1,193.731106093678,1,"Baseline"
207,1278.82414963435,1,195.80697287776,1,"Baseline"
208,1264.75088474906,1,197.861319093464,1,"Baseline"
209,1250.68460939485,1,199.848267349514,1,"Baseline"
210,1238.07764549539,1,201.801655632846,1,"Baseline"
211,1220.70922450618,1,203.736264812061,1,"Baseline"
212,1203.75297898233,1,205.592991733913,1,"Baseline"
213,1188.30519697767,1,207.415093702035,1,"Baseline"
214,1167.55329172904,1,209.214396722809,1,"Baseline"
215,1147.15718978133,1,210.925856162567,1,"Baseline"
216,1128.27419979613,1,212.596450413283,1,"Baseline"
217,1104.71417950024,1,214.238338375692,1,"Baseline"
218,1081.46225390657,1,215.792536801659,1,"Baseline"
219,1060.26916540378,1,217.300302392633,1,"Baseline"
220,1033.76057200114,1,218.779547924092,1,"Baseline"
221,1008.3287787888,1,220.160393313708,1,"Baseline"
222,984.912846107435,1,221.496925650434,1,"Baseline"
223,955.368993186761,1,222.800301245088,1,"Baseline"
224,927.515405664392,1,223.992858357768,1,"Baseline"
225,901.96145971441,1,225.141390580478,1,"Baseline"
226,869.718181833699,1,226.254825796275,1,"Baseline"
227,839.514801120557,1,227.247572549594,1,"Baseline"
228,811.273876488796,1,228.194489038848,1,"Baseline"
229,776.059898128891,1,229.098262840523,1,"Baseline"
230,742.734379120017,1,229.873210241824,1,"Baseline"
231,711.2012698807,1,230.594958024801,1,"Baseline"
232,681.369241783794,1,231.265684726379,1,"Baseline"
233,653.151457407915,1,231.887756520617,1,"Baseline"
234,626.465350972066,1,232.463692888404,1,"Baseline"
235,601.232418436698,1,232.996133861672,1,"Baseline"
236,577.378016810545,1,233.487809370561,1,"Baseline"
237,554.831172254994,1,233.941511023357,1,"Baseline"
238,533.5243966261,1,234.360066481497,1,"Baseline"
239,513.393512138066,1,234.746316456474,1,"Baseline"
240,494.377483870498,1,235.103094251863,1,"Baseline"
241,476.418259874435,1,235.433207700088,1,"Baseline"
242,459.460618658758,1,235.739423296909,1,"Baseline"
243,443.452023858958,1,236.024452312883,1,"Baseline"
244,428.342485904576,1,236.290938656049,1,"Baseline"
245,414.084430510286,1,236.541448269081,1,"Baseline"
246,400.632573819235,1,236.778459863287,1,"Baseline"
247,387.943804026505,1,237.004356817099,1,"Baseline"
248,375.977069306353,1,237.221420095091,1,"Baseline"
249,364.693271859837,1,237.431822072398,1,"Baseline"
250,354.055167890581,1,237.637621176632,1,"Baseline"
251,344.027273306334,1,237.840757283561,1,"Baseline"
252,334.575774933537,1,238.043047822835,1,"Baseline"
253,325.668447022201,1,238.246184565425,1,"Baseline"
254,317.274572809742,1,238.451731075045,1,"Baseline"
255,309.364870906148,1,238.661120811955,1,"Baseline"
256,301.911426259716,1,238.875655879898,1,"Baseline"
257,294.887625463375,1,239.096506406345,1,"Baseline"
258,288.268096166834,1,239.324710543918,1,"Baseline"
259,282.028650369461,1,239.561175077807,1,"Baseline"
260,276.146231382775,1,239.806676621255,1,"Baseline"
261,270.598864269041,1,240.061863379553,1,"Baseline"
262,265.365609582817,1,240.327257462974,1,"Baseline"
263,260.42652026434,1,240.603257731093,1,"Baseline"
264,255.762601555945,1,240.890143155008,1,"Baseline"
265,251.355773833622,1,241.188076690184,1,"Baseline"
266,247.188838263236,1,241.497109660483,1,"Baseline"
267,243.245445202231,1,241.817186662998,1,"Baseline"
268,239.510065269875,1,242.148151012453,1,"Baseline"
269,235.967962999105,1,242.4897507517,1,"Baseline"
270,232.605172958012,1,242.84164525938,1,"Baseline"
271,229.408478187288,1,243.203412484803,1,"Baseline"
272,226.365390741517,1,243.57455683138,1,"Baseline"
273,223.464134049678,1,243.954517691585,1,"Baseline"
274,220.69362672906,1,244.342678607575,1,"Baseline"
275,218.043467405493,1,244.738376992568,1,"Baseline"
276,215.503920022064,1,245.140914301225,1,"Baseline"
277,213.065899070207,1,245.54956648651,1,"Baseline"
278,210.720954162176,1,245.963594531565,1,"Baseline"
279,208.461253390771,1,246.382254804705,1,"Baseline"
280,206.279564993966,1,246.804808960082,1,"Baseline"
281,204.169236956557,1,247.23053310141,1,"Baseline"
282,202.124174329238,1,247.658725943974,1,"Baseline"
283,200.138814214121,1,248.088715751029,1,"Baseline"
284,198.208098538023,1,248.519865880906,1,"Baseline"
285,196.327444893873,1,248.951578854637,1,"Baseline"
286,194.492715861686,1,249.38329893277,1,"Baseline"
287,192.70018731328,1,249.814513265917,1,"Baseline"
288,190.946516254202,1,250.244751749341,1,"Baseline"
289,189.228708762496,1,250.673585761939,1,"Baseline"
290,187.544088552,1,251.100626001665,1,"Baseline"
291,185.890266625976,1,251.525519642182,1,"Baseline"
292,184.265112404815,1,251.947947031267,1,"Baseline"
293,182.666726619318,1,252.367618133467,1,"Baseline"
294,181.093416167417,1,252.784268891826,1,"Baseline"
295,179.54367104428,1,253.197657650373,1,"Baseline"
296,178.016143378379,1,253.607561744286,1,"Baseline"
297,176.509628542152,1,254.013774331257,1,"Baseline"
298,175.023048256322,1,254.416101507762,1,"Baseline"
299,173.555435571323,1,254.814359728931,1,"Baseline"
300,172.105921586277,1,255.20837353103,1,"Baseline"
301,170.673723753587,1,255.597973541197,1,"Baseline"
302,169.258135613409,1,255.982994749433,1,"Baseline"
303,167.858517804854,1,256.363275012354,1,"Baseline"
304,166.474290207942,1,256.738653755909,1,"Baseline"
305,165.104925080413,1,257.108970844547,1,"Baseline"
306,163.749941065262,1,257.474065586247,1,"Baseline"
307,162.408897957244,1,257.83377584595,1,"Baseline"
308,161.081392129019,1,258.187937243729,1,"Baseline"
309,159.767052529363,1,258.536382417985,1,"Baseline"
310,158.46553717697,1,258.878940338034,1,"Baseline"
311,157.176530083313,1,259.215435654206,1,"Baseline"
312,155.899738547052,1,259.545688077093,1,"Baseline"
313,154.634890770378,1,259.869511780666,1,"Baseline"
314,153.381733754608,1,260.186714826668,1,"Baseline"
315,152.140031438374,1,260.497098609936,1,"Baseline"
316,150.909563046916,1,260.800457326189,1,"Baseline"
317,149.690121625455,1,261.096577465264,1,"Baseline"
318,148.481512733423,1,261.385237333914,1,"Baseline"
319,147.283553279567,1,261.666206613107,1,"Baseline"
320,146.096070480746,1,261.939245955268,1,"Baseline"
321,144.918900929558,1,262.204106627188,1,"Baseline"
322,143.751889757984,1,262.460530204386,1,"Baseline"
323,142.594889885923,1,262.708248322559,1,"Baseline"
324,141.447761344959,1,262.946982491461,1,"Baseline"
325,140.310370668956,1,263.176443976121,1,"Baseline"
326,139.182590344147,1,263.396333749727,1,"Baseline"
327,138.064298312279,1,263.606342521881,1,"Baseline"
328,136.955377521185,1,263.806150845186,1,"Baseline"
329,135.855715517818,1,263.995429302353,1,"Baseline"
330,134.765204079381,1,264.173838775173,1,"Baseline"
331,133.683738878665,1,264.341030795905,1,"Baseline"
332,132.611219180185,1,264.49664798071,1,"Baseline"
333,131.547547564053,1,264.640324543984,1,"Baseline"
334,130.492629674876,1,264.771686891574,1,"Baseline"
335,129.446373993265,1,264.890354290076,1,"Baseline"
336,128.408691627781,1,264.995939608678,1,"Baseline"
337,127.37949612538,1,265.088050129292,1,"Baseline"
338,126.358703298626,1,265.166288420078,1,"Baseline"
339,125.346231068089,1,265.230253266901,1,"Baseline"
340,124.341999318542,1,265.27954065675,1,"Baseline"
341,123.345929767671,1,265.313744806723,1,"Baseline"
342,122.357945846157,1,265.332459231836,1,"Baseline"
343,121.377972588103,1,265.335277844669,1,"Baseline"
344,120.405936530862,1,265.321796079647,1,"Baseline"
345,119.441765623413,1,265.291612034711,1,"Baseline"
346,118.485389142532,1,265.244327623076,1,"Baseline"
347,117.536737616052,1,265.179549727861,1,"Baseline"
348,116.595742752577,1,265.096891352527,1,"Baseline"
349,115.662337377088,1,264.995972760262,1,"Baseline"
350,114.736455371904,1,264.876422595729,1,"Baseline"
351,113.818031622538,1,264.737878982973,1,"Baseline"
352,112.907001968004,1,264.579990593627,1,"Baseline"
353,112.003303155196,1,264.402417680055,1,"Baseline"
354,111.106872796973,1,264.204833068514,1,"Baseline"
355,110.217649333621,1,263.986923107968,1,"Baseline"
356,109.335571997411,1,263.748388570697,1,"Baseline"
357,108.460580779968,1,263.488945501434,1,"Baseline"
358,107.592616402211,1,263.208326012299,1,"Baseline"
359,106.731620286644,1,262.906279021381,1,"Baseline"
360,105.877534531787,1,262.582570933383,1,"Baseline"
361,105.030301888564,1,262.236986261268,1,"Baseline"
362,104.189865738477,1,261.869328188404,1,"Baseline"
363,103.356170073416,1,261.47941907116,1,"Baseline"
364,102.52915947696,1,261.0671008824,1,"Baseline"
365,101.708779107031,1,260.632235596754,1,"Baseline"
366,100.89497467981,1,260.174705518898,1,"Baseline"
1,100,1,124.788048653548,1,"TCEM_diaz_survival"
2,97.3947367918123,1,124.788048653548,1,"TCEM_diaz_survival"
3,94.9172824459876,1,124.553034131606,1,"TCEM_diaz_survival"
4,92.5610374770022,1,124.313622846576,1,"TCEM_diaz_survival"
5,90.3196998578348,1,124.069796795646,1,"TCEM_diaz_survival"
6,88.1872527641029,1,123.82155281089,1,"TCEM_diaz_survival"
7,86.1579533359819,1,123.568901116001,1,"TCEM_diaz_survival"
8,84.2263222975719,1,123.311863751072,1,"TCEM_diaz_survival"
9,82.3871342818233,1,123.050472972022,1,"TCEM_diaz_survival"
10,80.6354087224247,1,122.784769701921,1,"TCEM_diaz_survival"
11,78.9664011907869,1,122.514802087019,1,"TCEM_diaz_survival"
12,77.3755950749799,1,122.240624190308,1,"TCEM_diaz_survival"
13,75.8586935168799,1,121.962294839432,1,"TCEM_diaz_survival"
14,74.411611542706,1,121.67987663338,1,"TCEM_diaz_survival"
15,73.0304683397183,1,121.393435103303,1,"TCEM_diaz_survival"
16,71.7115796474741,1,121.103038016506,1,"TCEM_diaz_survival"
17,70.4514502453541,1,120.808754808705,1,"TCEM_diaz_survival"
18,69.2467665289216,1,120.510656127643,1,"TCEM_diaz_survival"
19,68.0943891761069,1,120.208813470493,1,"TCEM_diaz_survival"
20,66.9913459103672,1,119.903298897996,1,"TCEM_diaz_survival"
21,65.9348243721135,1,119.59418480943,1,"TCEM_diaz_survival"
22,64.9221651121029,1,119.281543764214,1,"TCEM_diaz_survival"
23,63.9508547214806,1,118.965448337864,1,"TCEM_diaz_survival"
24,63.0185191130097,1,118.64597100214,1,"TCEM_diaz_survival"
25,62.1229169670394,1,118.32318402123,1,"TCEM_diaz_survival"
26,61.2619333541637,1,117.997159357858,1,"TCEM_diaz_survival"
27,60.4335735445319,1,117.667968584948,1,"TCEM_diaz_survival"
28,59.6359570115566,1,117.335682800066,1,"TCEM_diaz_survival"
29,58.8673116354644,1,117.000372541154,1,"TCEM_diaz_survival"
30,58.1259681098537,1,116.662107702993,1,"TCEM_diaz_survival"
31,57.4103545522379,1,116.320957454552,1,"TCEM_diaz_survival"
32,56.7189913175241,1,115.976990157685,1,"TCEM_diaz_survival"
33,56.0504860115388,1,115.630273287732,1,"TCEM_diaz_survival"
34,55.4035287000921,1,115.280873356432,1,"TCEM_diaz_survival"
35,54.776887307698,1,114.928855837179,1,"TCEM_diaz_survival"
36,54.1694031989646,1,114.574285092173,1,"TCEM_diaz_survival"
37,53.5799869348822,1,114.217224300426,1,"TCEM_diaz_survival"
38,53.00761419584,1,113.857735384923,1,"TCEM_diaz_survival"
39,52.4513218633062,1,113.495878936611,1,"TCEM_diaz_survival"
40,51.9102042528724,1,113.1317141323,1,"TCEM_diaz_survival"
41,51.3834094929997,1,112.765298643156,1,"TCEM_diaz_survival"
42,50.8701360465366,1,112.396688530318,1,"TCEM_diaz_survival"
43,50.3696293760983,1,112.02593812454,1,"TCEM_diaz_survival"
44,49.8811787597419,1,111.653099887785,1,"TCEM_diaz_survival"
45,49.4041142698053,1,111.278224256657,1,"TCEM_diaz_survival"
46,48.9378039346307,1,110.90135947053,1,"TCEM_diaz_survival"
47,48.4816511090278,1,110.522551391206,1,"TCEM_diaz_survival"
48,48.0350920832046,1,110.141843325597,1,"TCEM_diaz_survival"
49,47.5975939598502,1,109.759275867466,1,"TCEM_diaz_survival"
50,47.1686528237896,1,109.37488677789,1,"TCEM_diaz_survival"
51,46.747792217644,1,108.98871092565,1,"TCEM_diaz_survival"
52,46.3345619209092,1,108.600780307329,1,"TCEM_diaz_survival"
53,45.9285370107302,1,108.211124162215,1,"TCEM_diaz_survival"
54,45.5293171632237,1,107.819769189325,1,"TCEM_diaz_survival"
55,45.136526137647,1,107.426739864131,1,"TCEM_diaz_survival"
56,44.7498113747757,1,107.032058842224,1,"TCEM_diaz_survival"
57,44.3688436372915,1,106.635747428033,1,"TCEM_diaz_survival"
58,43.9933166241753,1,106.237826080128,1,"TCEM_diaz_survival"
59,43.6229465021222,1,105.838314921655,1,"TCEM_diaz_survival"
60,43.2574713128597,1,105.437234225196,1,"TCEM_diaz_survival"
61,42.896650233457,1,105.03460484548,1,"TCEM_diaz_survival"
62,42.5402626847569,1,104.63044857995,1,"TCEM_diaz_survival"
63,42.1881072988436,1,104.224788445013,1,"TCEM_diaz_survival"
64,41.8400007685973,1,103.817648863755,1,"TCEM_diaz_survival"
65,41.4957766102301,1,103.409055767954,1,"TCEM_diaz_survival"
66,41.1552838733059,1,102.999036622803,1,"TCEM_diaz_survival"
67,40.8183858326731,1,102.587620386461,1,"TCEM_diaz_survival"
68,40.4849586938423,1,102.174837418499,1,"TCEM_diaz_survival"
69,40.1548903385779,1,101.760719351612,1,"TCEM_diaz_survival"
70,39.8280791317533,1,101.345298940093,1,"TCEM_diaz_survival"
71,39.5044328045899,1,100.928609896832,1,"TCEM_diaz_survival"
72,39.1838674238209,1,100.510686728456,1,"TCEM_diaz_survival"
73,38.866306451451,1,100.091564575917,1,"TCEM_diaz_survival"
74,38.5516798957957,1,99.6712790656612,1,"TCEM_diaz_survival"
75,38.2399235514276,1,99.2498661745916,1,"TCEM_diaz_survival"
76,37.9309783234801,1,98.8273621104266,1,"TCEM_diaz_survival"
77,37.6247896303406,1,98.4038032078261,1,"TCEM_diaz_survival"
78,37.3213068779876,1,97.9792258397511,1,"TCEM_diaz_survival"
79,37.0204829989274,1,97.5536663429144,1,"TCEM_diaz_survival"
80,36.7222740487525,1,97.1271609558109,1,"TCEM_diaz_survival"
81,36.4266388536532,1,96.6997457676422,1,"TCEM_diaz_survival"
82,36.133538702678,1,96.2714566764095,1,"TCEM_diaz_survival"
83,35.8429370790871,1,95.8423293545082,1,"TCEM_diaz_survival"
84,35.5547994257231,1,95.4123992202757,1,"TCEM_diaz_survival"
85,35.2690929399006,1,94.9817014141006,1,"TCEM_diaz_survival"
86,34.9857863938628,1,94.550270777869,1,"TCEM_diaz_survival"
87,34.7048499773637,1,94.1181418366987,1,"TCEM_diaz_survival"
88,34.4262551593911,1,93.6853487820754,1,"TCEM_diaz_survival"
89,34.1499745664555,1,93.2519254556631,1,"TCEM_diaz_survival"
90,33.8759818752282,1,92.817905333198,1,"TCEM_diaz_survival"
91,33.6042517176272,1,92.3833215080057,1,"TCEM_diaz_survival"
92,33.334759596714,1,91.9482066737899,1,"TCEM_diaz_survival"
93,33.0674818120046,1,91.512593106444,1,"TCEM_diaz_survival"
94,32.8023953929892,1,91.0765126447215,1,"TCEM_diaz_survival"
95,32.5394780398302,1,90.6399966696825,1,"TCEM_diaz_survival"
96,32.2787080703498,1,90.2030760829001,1,"TCEM_diaz_survival"
97,32.0200643725428,1,89.7657812834754,1,"TCEM_diaz_survival"
98,31.7635263619554,1,89.3281421439644,1,"TCEM_diaz_survival"
99,31.5090739433578,1,88.890187985371,1,"TCEM_diaz_survival"
100,31.2566874762178,1,88.4519475514109,1,"TCEM_diaz_survival"
101,31.0063477435437,1,88.0134489822881,1,"TCEM_diaz_survival"
102,30.7580359237234,1,87.5747197882702,1,"TCEM_diaz_survival"
103,30.5117335650319,1,87.1357868233807,1,"TCEM_diaz_survival"
104,30.2674225625201,1,86.6966762595606,1,"TCEM_diaz_survival"
105,30.0250851370348,1,86.2574135616775,1,"TCEM_diaz_survival"
106,29.7847038161472,1,85.818023463784,1,"TCEM_diaz_survival"
107,29.5462614167943,1,85.3785299470482,1,"TCEM_diaz_survival"
108,29.3097410294612,1,84.9389562197885,1,"TCEM_diaz_survival"
109,29.0751260037497,1,84.499324700057,1,"TCEM_diaz_survival"
110,28.8423999351983,1,84.0596570012143,1,"TCEM_diaz_survival"
111,28.6115466532302,1,83.6199739209352,1,"TCEM_diaz_survival"
112,28.3825502101221,1,83.1802954340726,1,"TCEM_diaz_survival"
113,28.1553948708971,1,82.7406406897901,1,"TCEM_diaz_survival"
114,27.9300651040531,1,82.3010280133434,1,"TCEM_diaz_survival"
115,27.70654557305,1,81.8614749128629,1,"TCEM_diaz_survival"
116,27.4848211284859,1,81.4219980914451,1,"TCEM_diaz_survival"
117,27.2648768008973,1,80.9826134648159,1,"TCEM_diaz_survival"
118,27.0466977941276,1,80.5433361847734,1,"TCEM_diaz_survival"
119,26.8302694792131,1,80.1041806685613,1,"TCEM_diaz_survival"
120,26.615577388738,1,79.6651606342546,1,"TCEM_diaz_survival"
121,26.4026072116182,1,79.2262891421758,1,"TCEM_diaz_survival"
122,26.1913447882748,1,78.7875786422842,1,"TCEM_diaz_survival"
123,25.9817761061636,1,78.3490410274066,1,"TCEM_diaz_survival"
124,25.7738872956276,1,77.9106876921046,1,"TCEM_diaz_survival"
125,25.5676646260467,1,77.4725295968948,1,"TCEM_diaz_survival"
126,25.363094502256,1,77.034577337468,1,"TCEM_diaz_survival"
127,25.1601634612115,1,76.5968412184781,1,"TCEM_diaz_survival"
128,24.95885816888,1,76.1593313314065,1,"TCEM_diaz_survival"
129,24.7591654173358,1,75.7220576359441,1,"TCEM_diaz_survival"
130,24.5610721220441,1,75.2850300442758,1,"TCEM_diaz_survival"
131,12.0840292582954,0.495967364897522,74.848258507604,1,"TCEM_diaz_survival"
132,11.9873487754115,0.495967364919257,36.9058150592721,0.495967552432074,"TCEM_diaz_survival"
133,11.8914424570274,0.495967364939244,36.6894595292329,0.495967550910654,"TCEM_diaz_survival"
134,11.7963040465676,0.495967364957624,36.4732463555048,0.495967549377919,"TCEM_diaz_survival"
135,11.7019273430618,0.495967364974525,36.2571809897396,0.495967547833778,"TCEM_diaz_survival"
136,11.6083062002133,0.495967364990066,36.0412691214273,0.495967546278145,"TCEM_diaz_survival"
137,18.4521797606802,0.495967434003484,35.8255167197087,0.495967544710931,"TCEM_diaz_survival"
138,24.7968287419489,0.495967463532065,35.6792736259402,0.495967543142572,"TCEM_diaz_survival"
139,31.1736334535525,0.495967480703365,35.541312176936,0.495967541567093,"TCEM_diaz_survival"
140,43.2523831508213,0.495967498524641,35.4167075656125,0.495967539986068,"TCEM_diaz_survival"
141,54.7256747389585,0.495967507771861,35.3627750938978,0.495967538408764,"TCEM_diaz_survival"
142,65.8626286257243,0.495967513328053,35.32774533666,0.495967536831726,"TCEM_diaz_survival"
143,81.5449028446133,0.495967518164487,35.31418296893,0.495967535257068,"TCEM_diaz_survival"
144,96.5403723897102,0.495967520997392,35.3710820540668,0.495967533693113,"TCEM_diaz_survival"
145,52.8416857599095,0.236006759465156,35.4554115210522,0.495967532138256,"TCEM_diaz_survival"
146,62.1429253479658,0.237860949090345,17.6036563250681,0.245462857032335,"TCEM_diaz_survival"
147,70.7702009774074,0.23917050322659,17.6930375500864,0.245414532815355,"TCEM_diaz_survival"
148,79.1416643934957,0.240171611277734,17.7966738653396,0.245367261401175,"TCEM_diaz_survival"
149,89.3183259757814,0.241072978311654,17.9179781399197,0.245321594958646,"TCEM_diaz_survival"
150,46.8285309252123,0.114792655671389,18.0774340081288,0.245278719931214,"TCEM_diaz_survival"
151,24.3886781717184,0.0549362870410336,9.0084363533251,0.121039991213534,"TCEM_diaz_survival"
152,27.064264245896,0.0556741010138808,4.48966066445459,0.0596824654188945,"TCEM_diaz_survival"
153,29.5466846197676,0.0562575439127456,4.54272952711856,0.0596336090809568,"TCEM_diaz_survival"
154,31.9243227857378,0.0567388343005304,4.60015132581097,0.059587754893236,"TCEM_diaz_survival"
155,34.5599305255463,0.057174945740948,4.66253741401529,0.0595452963913266,"TCEM_diaz_survival"
156,37.0285955788994,0.0575341370766494,4.73337283716508,0.0595071664742614,"TCEM_diaz_survival"
157,39.376260620144,0.0578372748026842,4.80893043619699,0.0594727536317312,"TCEM_diaz_survival"
158,41.8774331309695,0.0581110554985276,4.88940231403277,0.0594421624197563,"TCEM_diaz_survival"
159,44.2332311446555,0.0583435517424316,4.97732249417482,0.0594159510512024,"TCEM_diaz_survival"
160,46.5035474742649,0.0585453909635707,5.06998957424332,0.0593935053731562,"TCEM_diaz_survival"
161,23.1611865379052,0.0278492612207068,5.16773169832353,0.0593748169791893,"TCEM_diaz_survival"
162,24.3215417654464,0.0280417171320194,2.58016343039224,0.0290519126988454,"TCEM_diaz_survival"
163,25.3874004134832,0.0282080059151161,2.63223830448143,0.0290325995449911,"TCEM_diaz_survival"
164,26.5015391010051,0.0283611618917002,2.68622208730622,0.0290161073734807,"TCEM_diaz_survival"
165,27.5677485793244,0.0284969640780828,2.74335102300733,0.0290028216625167,"TCEM_diaz_survival"
166,28.5534731874316,0.0286164061557212,2.80272964632121,0.028992338474266,"TCEM_diaz_survival"
167,29.5043566716628,0.0287239216732849,2.86392028315142,0.0289844049014784,"TCEM_diaz_survival"
168,30.443443865595,0.0288218538981544,2.9271986090949,0.0289790054595191,"TCEM_diaz_survival"
169,31.3306294166273,0.0289098471173472,2.99269120515589,0.02897605804904,"TCEM_diaz_survival"
170,32.1292080528534,0.028988041004512,3.0599331721489,0.02897527588991,"TCEM_diaz_survival"
171,32.9074674474786,0.0290597139386808,3.12841691789172,0.0289763670127127,"TCEM_diaz_survival"
172,33.6640862302411,0.0291254703749777,3.19861032949115,0.0289793567943019,"TCEM_diaz_survival"
173,34.3111909532081,0.0291838303999786,3.27040671397981,0.0289840815459963,"TCEM_diaz_survival"
174,34.9030638582336,0.0292369676349485,3.34283188526923,0.0289901261055314,"TCEM_diaz_survival"
175,35.5225169445311,0.0292870969909097,3.41616704178952,0.0289974691798967,"TCEM_diaz_survival"
176,36.0390491288908,0.0293319383251101,3.49107290467718,0.0290061881886454,"TCEM_diaz_survival"
177,36.4897175851294,0.0293727783650414,3.56623281282194,0.0290158079797215,"TCEM_diaz_survival"
178,36.9877452392589,0.0294118371621728,3.64176606529062,0.0290262753626101,"TCEM_diaz_survival"
179,37.3944595879752,0.0294470623194551,3.71861739405964,0.0290377444980677,"TCEM_diaz_survival"
180,37.7369485220191,0.0294792564077396,3.79542633895561,0.0290497765492587,"TCEM_diaz_survival"
181,38.1212604147247,0.0295100855810972,3.87223857642386,0.0290623119912159,"TCEM_diaz_survival"
182,38.4314663039121,0.0295381485139252,3.94993681356302,0.0290754832018691,"TCEM_diaz_survival"
183,38.6662403887721,0.0295637023578106,4.02738539870316,0.0290889496787189,"TCEM_diaz_survival"
184,38.9552495925453,0.0295883727215864,4.10438690643842,0.0291026076216916,"TCEM_diaz_survival"
185,39.1661411980403,0.0296107970189085,4.18205019012896,0.0291166304057165,"TCEM_diaz_survival"
186,39.332988434701,0.029631507578543,4.2591097022603,0.0291306856420251,"TCEM_diaz_survival"
187,39.5337860042481,0.0296513342721048,4.33572714008049,0.0291447533790797,"TCEM_diaz_survival"
188,39.6774420437263,0.0296695073876127,4.41256699707608,0.0291589045402398,"TCEM_diaz_survival"
189,39.7987525571836,0.0296864376757172,4.48875423418102,0.0291729159753957,"TCEM_diaz_survival"
190,39.9314987029413,0.0297024567843434,4.56451150587443,0.0291867804343359,"TCEM_diaz_survival"
191,40.0108897633086,0.0297171247747724,4.64011837774364,0.0292004972491694,"TCEM_diaz_survival"
192,40.0745972604808,0.0297308000910434,4.71493785915324,0.0292139118474453,"TCEM_diaz_survival"
193,40.131466707144,0.029743593320845,4.78924292190014,0.0292270313791344,"TCEM_diaz_survival"
194,40.1334160066792,0.0297552436817026,4.86309041458046,0.0292398275594571,"TCEM_diaz_survival"
195,40.1674895982596,0.0297663545459261,4.93598950591343,0.0292521931927506,"TCEM_diaz_survival"
196,40.1433371553742,0.0297764113748235,5.00871445090045,0.0292642180552968,"TCEM_diaz_survival"
197,40.0876769536433,0.0297856349006972,5.08043037035894,0.029275756133022,"TCEM_diaz_survival"
198,40.0530102390016,0.0297943550894504,5.1513104785877,0.0292868182038185,"TCEM_diaz_survival"
199,39.9260990912097,0.0298020036209027,5.22183460553465,0.0292974575641689,"TCEM_diaz_survival"
200,39.797130073695,0.0298091070227783,5.29092611482887,0.0293075233015903,"TCEM_diaz_survival"
201,39.6929707977348,0.0298158224053326,5.35933415439548,0.0293171144520273,"TCEM_diaz_survival"
202,39.4828524118159,0.0298215464081242,5.42733922805991,0.0293262661649046,"TCEM_diaz_survival"
203,39.2703873786523,0.0298268204604791,5.49370030959899,0.0293348313286103,"TCEM_diaz_survival"
204,39.0766092527799,0.0298317624462137,5.55927796543607,0.029342927090969,"TCEM_diaz_survival"
205,38.7707949996168,0.0298358074279296,5.62429465548781,0.0293505903619678,"TCEM_diaz_survival"
206,38.4573569401932,0.0298394564781414,5.68749833567977,0.0293576929919018,"TCEM_diaz_survival"
207,38.1637511796709,0.0298428452344937,5.74974491678425,0.0293643522101419,"TCEM_diaz_survival"
208,37.7469608339189,0.0298453721512188,5.8113087892164,0.0293706158224453,"TCEM_diaz_survival"
209,37.3299111886116,0.0298475818029564,5.87081394484779,0.0293763564863954,"TCEM_diaz_survival"
210,36.9561989312142,0.029849661744298,5.92927688792936,0.0293817058603174,"TCEM_diaz_survival"
211,36.4391842208869,0.0298508305576441,5.98714247707803,0.0293867293709391,"TCEM_diaz_survival"
212,35.9341117862879,0.0298517323850504,6.04263888629363,0.029391268813843,"TCEM_diaz_survival"
213,35.4738651330487,0.0298524867376436,6.09706575631895,0.029395477674724,"TCEM_diaz_survival"
214,34.8540957124324,0.0298522525347143,6.15077954194467,0.0293994086367484,"TCEM_diaz_survival"
215,34.244573434274,0.0298516835698878,6.20183094870225,0.0294028956977294,"TCEM_diaz_survival"
216,33.6799702686844,0.0298508733734851,6.25163084033259,0.0294060922850761,"TCEM_diaz_survival"
217,32.9747323350567,0.0298491075311208,6.3005451842542,0.0294090461680367,"TCEM_diaz_survival"
218,32.2782775867156,0.0298468832084678,6.34680745949472,0.0294116170724118,"TCEM_diaz_survival"
219,31.6429897705066,0.0298442987903511,6.39165561677822,0.0294139287723094,"TCEM_diaz_survival"
220,30.8481515814995,0.0298407120729939,6.4356268446478,0.029416035025727,"TCEM_diaz_survival"
221,30.0850827609132,0.0298365804822623,6.47663060361945,0.029417782672612,"TCEM_diaz_survival"
222,29.3817753615148,0.0298318531204433,6.51628650216055,0.0294193090176092,"TCEM_diaz_survival"
223,28.4951809978823,0.0298263615431277,6.55492790767185,0.0294206420325312,"TCEM_diaz_survival"
224,27.6587143543452,0.0298202209746941,6.59023754032729,0.0294216413355518,"TCEM_diaz_survival"
225,26.8904296062136,0.029813280064902,6.62421000354354,0.0294224442092343,"TCEM_diaz_survival"
226,25.9232259911934,0.029806466660887,6.65711075607963,0.0294230663706323,"TCEM_diaz_survival"
227,25.0167032314427,0.0297990019926405,6.68639701280089,0.0294234034616218,"TCEM_diaz_survival"
228,24.1684845142019,0.029790783623902,6.71429570858996,0.0294235664361155,"TCEM_diaz_survival"
229,23.1146816819743,0.0297846619026504,6.74088668400252,0.0294235608791801,"TCEM_diaz_survival"
230,22.117431181853,0.029778386195153,6.76364069407891,0.0294233533649425,"TCEM_diaz_survival"
231,21.1738586532703,0.0297719640697802,6.78479674357561,0.029423005609888,"TCEM_diaz_survival"
232,20.2812306974416,0.0297654039157187,6.80442084614637,0.0294225269702117,"TCEM_diaz_survival"
233,19.4369480576539,0.0297587149767544,6.82258456206349,0.0294219266443112,"TCEM_diaz_survival"
234,18.6385390972297,0.0297519073773336,6.83936398066764,0.0294212136772297,"TCEM_diaz_survival"
235,17.8836535601875,0.0297449921391264,6.85483874899557,0.0294203969627463,"TCEM_diaz_survival"
236,17.1700566013767,0.0297379811864412,6.86909116227033,0.0294194852433114,"TCEM_diaz_survival"
237,16.4956230744743,0.0297308873389923,6.88220532607065,0.0294184871080171,"TCEM_diaz_survival"
238,15.8583320676801,0.0297237242907072,6.89426639504081,0.0294174109887664,"TCEM_diaz_survival"
239,15.2562616782361,0.0297165065734863,6.90535988899134,0.0294162651547792,"TCEM_diaz_survival"
240,14.6875840180061,0.0297092495050878,6.9155710841707,0.0294150577055449,"TCEM_diaz_survival"
241,14.1505604432913,0.0297019691206228,6.92498447530463,0.0294137965623191,"TCEM_diaz_survival"
242,13.6435370027959,0.0296946820874956,6.9336833026146,0.0294124894582514,"TCEM_diaz_survival"
243,13.1649400982216,0.0296874056040135,6.94174913732319,0.0294111439272442,"TCEM_diaz_survival"
244,12.7132723523467,0.0296801572823176,6.94926151900081,0.0294097672916536,"TCEM_diaz_survival"
245,12.2871086796595,0.0296729550167289,6.95629763837606,0.0294083666489723,"TCEM_diaz_survival"
246,11.8850925546828,0.0296658168390605,6.96293205979451,0.0294069488576571,"TCEM_diaz_survival"
247,11.505932473069,0.0296587607628937,6.96923647825932,0.0294055205222983,"TCEM_diaz_survival"
248,11.1483986003847,0.0296518046192355,6.9752795068254,0.0294040879783509,"TCEM_diaz_survival"
249,10.8113196032677,0.0296449658863541,6.981126490971,0.0294026572766741,"TCEM_diaz_survival"
250,10.493579657351,0.0296382615169,6.98683934737436,0.0294012341681419,"TCEM_diaz_survival"
251,10.1941156260279,0.0296317077656536,6.99247642523566,0.0293998240885981,"TCEM_diaz_survival"
252,9.91191440380742,0.0296253200213806,6.99809238887428,0.0293984321444358,"TCEM_diaz_survival"
253,9.64601041769823,0.0296191126463064,7.00373812078316,0.0293970630990729,"TCEM_diaz_survival"
254,9.39548327979766,0.0296130988266488,7.009460644633,0.0293957213605927,"TCEM_diaz_survival"
255,9.15945558406555,0.0296072904374597,7.01530306789771,0.0293944109707973,"TCEM_diaz_survival"
256,8.93709084016771,0.0296016979247406,7.02130454383961,0.0293931355959092,"TCEM_diaz_survival"
257,8.72759153729432,0.0295963302074142,7.0275002525751,0.0293918985191354,"TCEM_diaz_survival"
258,8.53019733101223,0.0295911946012764,7.03392140087252,0.0293907026352874,"TCEM_diaz_survival"
259,8.34418334649659,0.0295862967665364,7.04059524024468,0.0293895504476382,"TCEM_diaz_survival"
260,8.16885859189973,0.029581640679994,7.04754510281956,0.0293884440671778,"TCEM_diaz_survival"
261,8.00356447613252,0.0295772286323236,7.05479045442608,0.0293873852144188,"TCEM_diaz_survival"
262,7.84767342592994,0.0295730612503531,7.06234696433485,0.0293863752238878,"TCEM_diaz_survival"
263,7.70058759771201,0.0295691375436561,7.07022659115406,0.0293854150514288,"TCEM_diaz_survival"
264,7.56173768039458,0.0295654549742315,7.0784376845031,0.0293845052844203,"TCEM_diaz_survival"
265,7.43058178589913,0.0295620095475412,7.08698510226624,0.029383646154987,"TCEM_diaz_survival"
266,7.30660442459671,0.0295587959227179,7.09587034345779,0.0293828375562497,"TCEM_diaz_survival"
267,7.18931556322084,0.0295558075393508,7.10509169698854,0.029382079061611,"TCEM_diaz_survival"
268,7.07824976281189,0.0295530367579177,7.1146444068823,0.0293813699470141,"TCEM_diaz_survival"
269,6.97296539392025,0.0295504750106551,7.12452085470572,0.0293807092160401,"TCEM_diaz_survival"
270,6.87304392551813,0.0295481129594602,7.13471076008967,0.0293800956276222,"TCEM_diaz_survival"
271,6.77808928280326,0.0295459406573006,7.1452014001699,0.0293795277260609,"TCEM_diaz_survival"
272,6.68772726732621,0.0295439477095808,7.15597784849408,0.0293790038729209,"TCEM_diaz_survival"
273,6.60160503071749,0.0295421234319862,7.1670232333789,0.029378522280287,"TCEM_diaz_survival"
274,6.51939059089588,0.0295404570015045,7.1783190148284,0.0293780810447654,"TCEM_diaz_survival"
275,6.44077237725754,0.0295389375976108,7.18984527795822,0.0293776781815325,"TCEM_diaz_survival"
276,6.36545878929545,0.0295375545309975,7.20158103947723,0.0293773116576861,"TCEM_diaz_survival"
277,6.29317775172772,0.0295362973577207,7.2135045622792,0.0293769794241339,"TCEM_diaz_survival"
278,6.22367624884552,0.0295351559772059,7.22559367176203,0.0293766794452776,"TCEM_diaz_survival"
279,6.15671982166202,0.0295341207131712,7.23782606631483,0.0293764097258218,"TCEM_diaz_survival"
280,6.09209201364953,0.0295331823771672,7.25017961368817,0.0293761683341462,"TCEM_diaz_survival"
281,6.02959375431018,0.0295323323150448,7.26263262484125,0.0293759534218301,"TCEM_diaz_survival"
282,5.96904267427631,0.0295315624372243,7.27516409742561,0.0293757632390931,"TCEM_diaz_survival"
283,5.91027235067155,0.0295308652341089,7.28775392230792,0.0293755961461044,"TCEM_diaz_survival"
284,5.85313148658934,0.0295302337783464,7.30038304834796,0.0293754506202993,"TCEM_diaz_survival"
285,5.79748303325923,0.0295296617158804,7.31303360284759,0.0293753252600084,"TCEM_diaz_survival"
286,5.74320326734197,0.0295291432478441,7.32568896743585,0.0293752187848424,"TCEM_diaz_survival"
287,5.69018083851321,0.0295286731053483,7.33833381141077,0.0293751300333757,"TCEM_diaz_survival"
288,5.63831580392002,0.0295282465191137,7.3509540865036,0.0293750579587248,"TCEM_diaz_survival"
289,5.58751866623532,0.0295278591857238,7.36353698850807,0.0293750016226326,"TCEM_diaz_survival"
290,5.53770943104668,0.0295275072320461,7.37607089214203,0.0293749601886422,"TCEM_diaz_survival"
291,5.48881669744121,0.0295271871791173,7.38854526587271,0.029374932914893,"TCEM_diaz_survival"
292,5.44077679318164,0.0295268959065279,7.40095057329362,0.0293749191469901,"TCEM_diaz_survival"
293,5.39353296310491,0.0295266306180937,7.41327816709128,0.0293749183113132,"TCEM_diaz_survival"
294,5.34703461657686,0.0295263888093736,7.42552018080509,0.0293749299090392,"TCEM_diaz_survival"
295,5.30123663721364,0.029526168237399,7.43766942258924,0.029374953511061,"TCEM_diaz_survival"
296,5.25609875577675,0.0295259668928156,7.44971927414466,0.0293749887539089,"TCEM_diaz_survival"
297,5.21158498524718,0.0295257829745112,7.46166359699137,0.0293750353367085,"TCEM_diaz_survival"
298,5.16766311561249,0.0295256148667027,7.47349664736123,0.0293750930191548,"TCEM_diaz_survival"
299,5.12430426484604,0.0295254611183882,7.48521300024568,0.0293751616204377,"TCEM_diaz_survival"
300,5.0814824818785,0.0295253204250218,7.49680748254712,0.0293752410190241,"TCEM_diaz_survival"
301,5.03917439699925,0.0295251916122405,7.5082751148538,0.0293753311531777,"TCEM_diaz_survival"
302,4.99735891501716,0.0295250736214613,7.51961106107252,0.0293754320220881,"TCEM_diaz_survival"
303,4.95601694659302,0.0295249654971618,7.53081058498854,0.029375543687471,"TCEM_diaz_survival"
304,4.91513117337309,0.0295248663756646,7.54186901275558,0.0293756662755034,"TCEM_diaz_survival"
305,4.87468584285789,0.0295247754752543,7.55278170032497,0.0293757999789572,"TCEM_diaz_survival"
306,4.83466658929323,0.0295246920874701,7.56354400488229,0.0293759450594014,"TCEM_diaz_survival"
307,4.7950602772426,0.0295246155694311,7.57415125945235,0.029376101849347,"TCEM_diaz_survival"
308,4.75585486487078,0.0295245453370651,7.58459874994543,0.0293762707542203,"TCEM_diaz_survival"
309,4.71703928432259,0.0295244808591287,7.59488169403732,0.0293764522540521,"TCEM_diaz_survival"
310,4.67860333691027,0.0295244216519162,7.60499522139557,0.0293766469047859,"TCEM_diaz_survival"
311,4.64053760112249,0.0295243672745716,7.61493435487812,0.0293768553391105,"TCEM_diaz_survival"
312,4.60283335173623,0.0295243173249263,7.62469399243485,0.029377078266737,"TCEM_diaz_survival"
313,4.56548248854932,0.029524271435796,7.63426888953635,0.0293773164740456,"TCEM_diaz_survival"
314,4.52847747345877,0.0295242292716795,7.64365364203488,0.0293775708230413,"TCEM_diaz_survival"
315,4.49181127478924,0.0295241905258098,7.6528426694321,0.0293778422495651,"TCEM_diaz_survival"
316,4.45547731793146,0.0295241549175139,7.66183019858506,0.0293781317607209,"TCEM_diaz_survival"
317,4.4194694414827,0.029524122189845,7.67061024792859,0.0293784404314878,"TCEM_diaz_survival"
318,4.38378185819567,0.0295240921074539,7.67917661232833,0.0293787694005012,"TCEM_diaz_survival"
319,4.34840912013906,0.0295240644546719,7.68752284870593,0.0293791198649985,"TCEM_diaz_survival"
320,4.31334608755568,0.0295240390337818,7.69564226259669,0.0293794930749358,"TCEM_diaz_survival"
321,4.27858790097489,0.0295240156634547,7.70352789581157,0.0293798903262974,"TCEM_diaz_survival"
322,4.2441299561957,0.0295239941773355,7.71117251538108,0.0293803129536321,"TCEM_diaz_survival"
323,4.20996788180833,0.0295239744227604,7.71856860395755,0.0293807623218611,"TCEM_diaz_survival"
324,4.17609751896578,0.0295239562595921,7.72570835184759,0.0293812398174163,"TCEM_diaz_survival"
325,4.14251490315383,0.0295239395591618,7.73258365083671,0.0293817468387798,"TCEM_diaz_survival"
326,4.10921624774025,0.029523924203305,7.73918608995505,0.0293822847865021,"TCEM_diaz_survival"
327,4.07619792911111,0.0295239100834845,7.74550695331702,0.0293828550527918,"TCEM_diaz_survival"
328,4.04345647322559,0.0295238970999889,7.7515372201491,0.0293834590107721,"TCEM_diaz_survival"
329,4.01098854344104,0.0295238851612024,7.7572675670993,0.029384098003511,"TCEM_diaz_survival"
330,3.97879092947737,0.0295238741829364,7.76268837289958,0.0293847733329342,"TCEM_diaz_survival"
331,3.94686053740514,0.0295238640878187,7.7677897254294,0.0293854862487346,"TCEM_diaz_survival"
332,3.9151943805547,0.0295238548047352,7.77256143120442,0.0293862379373945,"TCEM_diaz_survival"
333,3.88378957125534,0.0295238462683179,7.7769930272901,0.0293870295114361,"TCEM_diaz_survival"
334,3.85264331332312,0.0295238384184763,7.78107379561582,0.0293878619990144,"TCEM_diaz_survival"
335,3.8217528952251,0.0295238311999681,7.78479277964113,0.0293887363339632,"TCEM_diaz_survival"
336,3.79111568385516,0.0295238245620047,7.78813880330289,0.0293896533464011,"TCEM_diaz_survival"
337,3.76072911886331,0.0295238184578906,7.79110049214962,0.0293906137539947,"TCEM_diaz_survival"
338,3.73059070748653,0.0295238128446914,7.79366629654896,0.0293916181539721,"TCEM_diaz_survival"
339,3.70069801983437,0.02952380768293,7.79582451683454,0.0293926670159667,"TCEM_diaz_survival"
340,3.671048684587,0.0295238029363064,7.79756333024137,0.029393760675765,"TCEM_diaz_survival"
341,3.64164038506796,0.0295237985714421,7.79887081946292,0.0293948993300151,"TCEM_diaz_survival"
342,3.61247085565722,0.0295237945576437,7.79973500265,0.0293960830319479,"TCEM_diaz_survival"
343,3.58353787851361,0.0295237908666868,7.80014386465986,0.0293973116881434,"TCEM_diaz_survival"
344,3.55483928057856,0.0295237874726167,7.80008538935541,0.0293985850563665,"TCEM_diaz_survival"
345,3.52637293083595,0.0295237843515661,7.79954759274751,0.0293999027444826,"TCEM_diaz_survival"
346,3.49813673780485,0.0295237814815865,7.79851855676921,0.02940126421045,"TCEM_diaz_survival"
347,3.47012864724455,0.029523778842494,7.79698646346917,0.0294026687633748,"TCEM_diaz_survival"
348,3.44234664005278,0.0295237764157277,7.79493962941171,0.0294041155656026,"TCEM_diaz_survival"
349,3.41478873034003,0.0295237741842184,7.79236654007398,0.0294056036358093,"TCEM_diaz_survival"
350,3.3874529636644,0.0295237721322693,7.78925588403557,0.0294071318530454,"TCEM_diaz_survival"
351,3.36033741541263,0.0295237702454452,7.78559658676281,0.0294086989616758,"TCEM_diaz_survival"
352,3.33344018931468,0.0295237685104714,7.78137784379909,0.0294103035771539,"TCEM_diaz_survival"
353,3.30675941607978,0.02952376691514,7.77658915318293,0.029411944192557,"TCEM_diaz_survival"
354,3.28029325214355,0.0295237654482245,7.77122034692756,0.0294136191858092,"TCEM_diaz_survival"
355,3.25403987851632,0.029523764099401,7.76526162140947,0.0294153268275094,"TCEM_diaz_survival"
356,3.22799749972382,0.0295237628591751,7.75870356652748,0.0294170652892834,"TCEM_diaz_survival"
357,3.20216434283213,0.0295237617188157,7.75153719350947,0.0294188326525724,"TCEM_diaz_survival"
358,3.17653865654957,0.0295237606702935,7.74375396125977,0.0294206269177743,"TCEM_diaz_survival"
359,3.15111871039889,0.0295237597062246,7.73534580115641,0.0294224460136508,"TCEM_diaz_survival"
360,3.1259027939535,0.0295237588198186,7.72630514022412,0.0294242878069173,"TCEM_diaz_survival"
361,3.10088921613229,0.0295237580048309,7.71662492262521,0.0294261501119339,"TCEM_diaz_survival"
362,3.07607630454787,0.0295237572555188,7.70629862942637,0.0294280307004186,"TCEM_diaz_survival"
363,3.05146240490377,0.0295237565666011,7.69532029661542,0.0294299273111097,"TCEM_diaz_survival"
364,3.02704588043609,0.0295237559332214,7.68368453135651,0.0294318376593061,"TCEM_diaz_survival"
365,3.00282511139608,0.0295237553509133,7.67138652648633,0.0294337594462235,"TCEM_diaz_survival"
366,2.9787984945698,0.0295237548155695,7.65842207326712,0.0294356903681048,"TCEM_diaz_survival"
1,100,1,124.788048653548,1,"GUTS_diaz_survival"
2,97.3947367918123,1,124.788048653548,1,"GUTS_diaz_survival"
3,94.9172824459875,0.999999999999999,124.553034131606,1,"GUTS_diaz_survival"
4,92.5610374770019,0.999999999999997,124.313622846575,0.999999999999999,"GUTS_diaz_survival"
5,90.3196998577982,0.999999999999594,124.069796795645,0.999999999999997,"GUTS_diaz_survival"
6,88.1872527640455,0.999999999999348,123.82155281084,0.9999999999996,"GUTS_diaz_survival"
7,86.1579533359258,0.999999999999349,123.568901115922,0.999999999999357,"GUTS_diaz_survival"
8,84.2263222975171,0.999999999999349,123.311863750993,0.999999999999358,"GUTS_diaz_survival"
9,82.3871342817696,0.999999999999349,123.050472971943,0.999999999999357,"GUTS_diaz_survival"
10,80.6354087223723,0.999999999999349,122.784769701842,0.999999999999357,"GUTS_diaz_survival"
11,78.9664011907355,0.99999999999935,122.51480208694,0.999999999999357,"GUTS_diaz_survival"
12,77.3755950749296,0.99999999999935,122.240624190229,0.999999999999357,"GUTS_diaz_survival"
13,75.8586935168306,0.99999999999935,121.962294839353,0.999999999999357,"GUTS_diaz_survival"
14,74.4116115426577,0.99999999999935,121.679876633301,0.999999999999357,"GUTS_diaz_survival"
15,73.0304683396709,0.99999999999935,121.393435103225,0.999999999999357,"GUTS_diaz_survival"
16,71.7115796474276,0.999999999999351,121.103038016428,0.999999999999357,"GUTS_diaz_survival"
17,70.4514502453083,0.999999999999351,120.808754808627,0.999999999999357,"GUTS_diaz_survival"
18,69.2467665288766,0.999999999999351,120.510656127565,0.999999999999357,"GUTS_diaz_survival"
19,68.0943891760627,0.999999999999351,120.208813470416,0.999999999999357,"GUTS_diaz_survival"
20,66.9913459103238,0.999999999999351,119.903298897919,0.999999999999357,"GUTS_diaz_survival"
21,65.9348243720707,0.999999999999351,119.594184809354,0.999999999999357,"GUTS_diaz_survival"
22,64.9221651120608,0.999999999999352,119.281543764137,0.999999999999357,"GUTS_diaz_survival"
23,63.9508547214391,0.999999999999352,118.965448337788,0.999999999999357,"GUTS_diaz_survival"
24,63.0185191129688,0.999999999999352,118.645971002063,0.999999999999357,"GUTS_diaz_survival"
25,62.1229169669991,0.999999999999352,118.323184021154,0.999999999999357,"GUTS_diaz_survival"
26,61.2619333537975,0.999999999994022,117.997159357783,0.999999999999357,"GUTS_diaz_survival"
27,60.4335735438451,0.999999999988635,117.667968584248,0.999999999994052,"GUTS_diaz_survival"
28,59.6359570108789,0.999999999988637,117.335682798739,0.999999999988688,"GUTS_diaz_survival"
29,58.8673116347955,0.999999999988638,117.00037253983,0.999999999988688,"GUTS_diaz_survival"
30,58.1259681091934,0.99999999998864,116.662107701673,0.999999999988688,"GUTS_diaz_survival"
31,57.4103545515858,0.999999999988641,116.320957453237,0.999999999988688,"GUTS_diaz_survival"
32,56.71899131688,0.999999999988643,115.976990156373,0.999999999988688,"GUTS_diaz_survival"
33,56.0504860109023,0.999999999988644,115.630273286424,0.999999999988688,"GUTS_diaz_survival"
34,55.4035286994631,0.999999999988646,115.280873355128,0.999999999988688,"GUTS_diaz_survival"
35,54.7768873070762,0.999999999988647,114.928855835879,0.999999999988688,"GUTS_diaz_survival"
36,54.1694031983497,0.999999999988648,114.574285090877,0.999999999988688,"GUTS_diaz_survival"
37,53.579986934274,0.999999999988649,114.217224299134,0.999999999988688,"GUTS_diaz_survival"
38,53.0076141952384,0.99999999998865,113.857735383635,0.999999999988688,"GUTS_diaz_survival"
39,52.4513218627109,0.999999999988651,113.495878935327,0.999999999988688,"GUTS_diaz_survival"
40,51.9102042522834,0.999999999988652,113.13171413102,0.999999999988688,"GUTS_diaz_survival"
41,51.3834094924167,0.999999999988653,112.76529864188,0.999999999988688,"GUTS_diaz_survival"
42,50.8701360459594,0.999999999988654,112.396688529047,0.999999999988688,"GUTS_diaz_survival"
43,50.3696293755268,0.999999999988655,112.025938123273,0.999999999988687,"GUTS_diaz_survival"
44,49.881178759176,0.999999999988655,111.653099886522,0.999999999988688,"GUTS_diaz_survival"
45,49.4041142692449,0.999999999988656,111.278224255399,0.999999999988687,"GUTS_diaz_survival"
46,48.9378039340755,0.999999999988656,110.901359469275,0.999999999988687,"GUTS_diaz_survival"
47,48.4816511084779,0.999999999988657,110.522551389955,0.999999999988687,"GUTS_diaz_survival"
48,48.0350920826598,0.999999999988657,110.141843324351,0.999999999988687,"GUTS_diaz_survival"
49,47.5975939593103,0.999999999988658,109.759275866225,0.999999999988687,"GUTS_diaz_survival"
50,47.1686528232547,0.999999999988658,109.374886776653,0.999999999988687,"GUTS_diaz_survival"
51,46.7477922171138,0.999999999988659,108.988710924417,0.999999999988687,"GUTS_diaz_survival"
52,46.3345619203837,0.999999999988659,108.600780306101,0.999999999988687,"GUTS_diaz_survival"
53,45.9285370102093,0.999999999988659,108.211124160991,0.999999999988687,"GUTS_diaz_survival"
54,45.5293171627074,0.99999999998866,107.819769188105,0.999999999988686,"GUTS_diaz_survival"
55,45.1365261371351,0.99999999998866,107.426739862915,0.999999999988687,"GUTS_diaz_survival"
56,44.7498113742683,0.99999999998866,107.032058841013,0.999999999988687,"GUTS_diaz_survival"
57,44.3688436367884,0.99999999998866,106.635747426826,0.999999999988687,"GUTS_diaz_survival"
58,43.9933166236764,0.99999999998866,106.237826078926,0.999999999988686,"GUTS_diaz_survival"
59,43.6229465016276,0.99999999998866,105.838314920458,0.999999999988686,"GUTS_diaz_survival"
60,43.2574713123692,0.999999999988661,105.437234224004,0.999999999988686,"GUTS_diaz_survival"
61,42.8966502329706,0.999999999988661,105.034604844292,0.999999999988686,"GUTS_diaz_survival"
62,42.5402626842745,0.999999999988661,104.630448578766,0.999999999988686,"GUTS_diaz_survival"
63,42.1881072983652,0.999999999988661,104.224788443834,0.999999999988686,"GUTS_diaz_survival"
64,41.8400007681229,0.999999999988661,103.81764886258,0.999999999988686,"GUTS_diaz_survival"
65,41.4957766097596,0.999999999988661,103.409055766784,0.999999999988685,"GUTS_diaz_survival"
66,41.1552838728392,0.999999999988661,102.999036621638,0.999999999988686,"GUTS_diaz_survival"
67,40.8183858322103,0.999999999988661,102.587620385301,0.999999999988685,"GUTS_diaz_survival"
68,40.4849586933833,0.999999999988662,102.174837417343,0.999999999988685,"GUTS_diaz_survival"
69,40.1548903381226,0.999999999988662,101.760719350461,0.999999999988685,"GUTS_diaz_survival"
70,39.8280791313017,0.999999999988661,101.345298938946,0.999999999988685,"GUTS_diaz_survival"
71,39.5044328041419,0.999999999988662,100.92860989569,0.999999999988685,"GUTS_diaz_survival"
72,39.1838674233766,0.999999999988662,100.510686727319,0.999999999988684,"GUTS_diaz_survival"
73,38.8663064510104,0.999999999988662,100.091564574784,0.999999999988685,"GUTS_diaz_survival"
74,38.5516798953586,0.999999999988662,99.6712790645333,0.999999999988684,"GUTS_diaz_survival"
75,38.239923550994,0.999999999988662,99.2498661734685,0.999999999988684,"GUTS_diaz_survival"
76,37.93097832305,0.999999999988662,98.8273621093083,0.999999999988685,"GUTS_diaz_survival"
77,37.624789629914,0.999999999988662,98.4038032067125,0.999999999988684,"GUTS_diaz_survival"
78,37.3213068775645,0.999999999988662,97.9792258386423,0.999999999988684,"GUTS_diaz_survival"
79,37.0204829985077,0.999999999988662,97.5536663418104,0.999999999988684,"GUTS_diaz_survival"
80,36.7222740483362,0.999999999988662,97.1271609547118,0.999999999988684,"GUTS_diaz_survival"
81,36.4266388532402,0.999999999988662,96.6997457665479,0.999999999988684,"GUTS_diaz_survival"
82,36.1335387022684,0.999999999988662,96.2714566753201,0.999999999988684,"GUTS_diaz_survival"
83,35.8429370786807,0.999999999988662,95.8423293534236,0.999999999988684,"GUTS_diaz_survival"
84,35.55479942532,0.999999999988662,95.4123992191959,0.999999999988683,"GUTS_diaz_survival"
85,35.2690929395007,0.999999999988662,94.9817014130257,0.999999999988684,"GUTS_diaz_survival"
86,34.9857863934661,0.999999999988662,94.550270776799,0.999999999988683,"GUTS_diaz_survival"
87,34.7048499769702,0.999999999988662,94.1181418356336,0.999999999988683,"GUTS_diaz_survival"
88,34.4262551590008,0.999999999988662,93.6853487810152,0.999999999988683,"GUTS_diaz_survival"
89,34.1499745660683,0.999999999988662,93.2519254546077,0.999999999988683,"GUTS_diaz_survival"
90,33.8759818748442,0.999999999988662,92.8179053321475,0.999999999988683,"GUTS_diaz_survival"
91,33.6042517172462,0.999999999988662,92.3833215069601,0.999999999988682,"GUTS_diaz_survival"
92,33.3347595963361,0.999999999988662,91.9482066727493,0.999999999988683,"GUTS_diaz_survival"
93,33.0674818116297,0.999999999988662,91.5125931054083,0.999999999988682,"GUTS_diaz_survival"
94,32.8023953926173,0.999999999988663,91.0765126436907,0.999999999988682,"GUTS_diaz_survival"
95,32.5394780394613,0.999999999988663,90.6399966686566,0.999999999988682,"GUTS_diaz_survival"
96,32.2787080699838,0.999999999988663,90.2030760818791,0.999999999988681,"GUTS_diaz_survival"
97,32.0200643721798,0.999999999988662,89.7657812824595,0.999999999988682,"GUTS_diaz_survival"
98,31.7635263615953,0.999999999988662,89.3281421429533,0.999999999988681,"GUTS_diaz_survival"
99,31.5090739430006,0.999999999988662,88.8901879843649,0.999999999988681,"GUTS_diaz_survival"
100,31.2566874758634,0.999999999988662,88.4519475504097,0.999999999988681,"GUTS_diaz_survival"
101,31.0063477431921,0.999999999988662,88.0134489812919,0.999999999988681,"GUTS_diaz_survival"
102,30.7580359233747,0.999999999988662,87.5747197872789,0.999999999988681,"GUTS_diaz_survival"
103,30.5117335646859,0.999999999988662,87.1357868223943,0.99999999998868,"GUTS_diaz_survival"
104,30.2674225621769,0.999999999988663,86.6966762585792,0.99999999998868,"GUTS_diaz_survival"
105,30.0250851366944,0.999999999988663,86.2574135607011,0.999999999988681,"GUTS_diaz_survival"
106,29.7847038158096,0.999999999988662,85.8180234628126,0.99999999998868,"GUTS_diaz_survival"
107,29.5462614164594,0.999999999988663,85.3785299460817,0.99999999998868,"GUTS_diaz_survival"
108,29.3097410291289,0.999999999988663,84.938956218827,0.99999999998868,"GUTS_diaz_survival"
109,29.0751260034201,0.999999999988663,84.4993246991005,0.99999999998868,"GUTS_diaz_survival"
110,28.8423999348713,0.999999999988663,84.0596570002628,0.99999999998868,"GUTS_diaz_survival"
111,28.6115466529058,0.999999999988663,83.6199739199886,0.99999999998868,"GUTS_diaz_survival"
112,28.3825502098004,0.999999999988663,83.180295433131,0.99999999998868,"GUTS_diaz_survival"
113,28.1553948705779,0.999999999988663,82.7406406888534,0.99999999998868,"GUTS_diaz_survival"
114,27.9300651037364,0.999999999988663,82.3010280124117,0.999999999988679,"GUTS_diaz_survival"
115,27.7065455727359,0.999999999988663,81.8614749119362,0.999999999988679,"GUTS_diaz_survival"
116,27.4848211281743,0.999999999988663,81.4219980905234,0.999999999988679,"GUTS_diaz_survival"
117,27.2648768005882,0.999999999988663,80.982613463899,0.999999999988679,"GUTS_diaz_survival"
118,27.046697793821,0.999999999988663,80.5433361838616,0.999999999988678,"GUTS_diaz_survival"
119,26.8302694789089,0.999999999988663,80.1041806676544,0.999999999988679,"GUTS_diaz_survival"
120,26.6155773884362,0.999999999988663,79.6651606333526,0.999999999988678,"GUTS_diaz_survival"
121,26.4026072113188,0.999999999988663,79.2262891412788,0.999999999988678,"GUTS_diaz_survival"
122,26.1913447879779,0.999999999988663,78.7875786413922,0.999999999988678,"GUTS_diaz_survival"
123,25.981776105869,0.999999999988663,78.3490410265196,0.999999999988678,"GUTS_diaz_survival"
124,25.7738872953354,0.999999999988663,77.9106876912224,0.999999999988678,"GUTS_diaz_survival"
125,25.5676646257568,0.999999999988663,77.4725295960176,0.999999999988677,"GUTS_diaz_survival"
126,25.3630945019685,0.999999999988663,77.0345773365957,0.999999999988677,"GUTS_diaz_survival"
127,25.1601634609262,0.999999999988663,76.5968412176108,0.999999999988677,"GUTS_diaz_survival"
128,24.958858168597,0.999999999988663,76.1593313305441,0.999999999988677,"GUTS_diaz_survival"
129,23.799956887928,0.961258446589795,75.7220576350866,0.999999999988676,"GUTS_diaz_survival"
130,22.8375052275583,0.929825258200401,72.3683723300359,0.961258463833719,"GUTS_diaz_survival"
131,14.7676746844706,0.606112790888252,69.59580348857,0.929825287538248,"GUTS_diaz_survival"
132,14.6495232060104,0.60611279090435,45.1019257226553,0.606112930298734,"GUTS_diaz_survival"
133,14.5323178200774,0.606112790919153,44.8375216160396,0.606112929166814,"GUTS_diaz_survival"
134,14.4160508806208,0.606112790932765,44.5732914802478,0.606112928026479,"GUTS_diaz_survival"
135,14.3007148095448,0.606112790945282,44.3092419776412,0.606112926877662,"GUTS_diaz_survival"
136,14.1863020955688,0.606112790956793,44.0453800612388,0.606112925720297,"GUTS_diaz_survival"
137,22.5500755771605,0.606112842257322,43.7817130258157,0.606112924554321,"GUTS_diaz_survival"
138,30.303755784703,0.606112864207048,43.6029920521311,0.606112923387485,"GUTS_diaz_survival"
139,38.096732937767,0.606112876971034,43.434391925861,0.606112922215355,"GUTS_diaz_survival"
140,52.8579534714387,0.606112890218017,43.282114948055,0.606112921039103,"GUTS_diaz_survival"
141,66.8792546720164,0.606112897091542,43.2162051078597,0.606112919865616,"GUTS_diaz_survival"
142,80.4895236999064,0.606112901221349,43.1733959315312,0.60611291869233,"GUTS_diaz_survival"
143,99.6545461666606,0.606112904815998,43.1568216618613,0.606112917520819,"GUTS_diaz_survival"
144,117.980237146828,0.606112906921351,43.2263570537831,0.60611291635727,"GUTS_diaz_survival"
145,135.703112949749,0.606090655058224,43.3294146171399,0.606112915200494,"GUTS_diaz_survival"
146,155.584413115501,0.5955216295354,43.4665597673559,0.606091470365072,"GUTS_diaz_survival"
147,176.130628274031,0.595239951506758,42.9616953184006,0.595908099763765,"GUTS_diaz_survival"
148,196.161207242747,0.595291412869855,43.1971510498945,0.595570089874387,"GUTS_diaz_survival"
149,220.575042898001,0.59533899624429,43.4994161004684,0.595566422405768,"GUTS_diaz_survival"
150,225.594318755325,0.553008399850507,43.8940349438575,0.59556420998711,"GUTS_diaz_survival"
151,237.084204583429,0.534039845217764,41.2829320614187,0.554689575193439,"GUTS_diaz_survival"
152,259.761128886035,0.534356566935818,40.3277149187461,0.536088945455634,"GUTS_diaz_survival"
153,280.777722673662,0.534607021610349,40.836232425614,0.536067997504753,"GUTS_diaz_survival"
154,300.914937893442,0.53481362515599,41.3827183079121,0.536048295087983,"GUTS_diaz_survival"
155,323.386256630303,0.535000834638212,41.9724164827202,0.536030010657107,"GUTS_diaz_survival"
156,344.422285327736,0.535155024555966,42.6360736999638,0.536013541031807,"GUTS_diaz_survival"
157,364.428091305281,0.535285152289409,43.3405215638432,0.53599863741751,"GUTS_diaz_survival"
158,385.835184862762,0.535402677874816,44.0873597959563,0.53598534817397,"GUTS_diaz_survival"
159,405.991824715769,0.535502481264489,44.8989699883613,0.53597391091295,"GUTS_diaz_survival"
160,425.42707236353,0.535589124502676,45.7513365696516,0.535964071441751,"GUTS_diaz_survival"
161,445.494318838977,0.535667187748905,46.6473172218528,0.535955828263338,"GUTS_diaz_survival"
162,464.661552671639,0.535735273191217,47.598816955689,0.535949257506831,"GUTS_diaz_survival"
163,482.218396357786,0.535794100825464,48.591333695904,0.535944154504711,"GUTS_diaz_survival"
164,500.713061407451,0.535848281933442,49.6157125840317,0.535940364184008,"GUTS_diaz_survival"
165,518.422069801765,0.535896323122528,50.6939004502516,0.535938034107018,"GUTS_diaz_survival"
166,534.759944070728,0.535938575839334,51.8097676663657,0.535936929353124,"GUTS_diaz_survival"
167,550.539205777904,0.535976608499486,52.9553932762462,0.535936900711073,"GUTS_diaz_survival"
168,566.168590619869,0.536011249995647,54.1356307209453,0.535937921445603,"GUTS_diaz_survival"
169,580.928183844621,0.536042374309698,55.3526892523256,0.535939937332196,"GUTS_diaz_survival"
170,594.159003098517,0.536070030630279,56.5982240628574,0.535942801635942,"GUTS_diaz_survival"
171,607.078970478849,0.53609537860854,57.8631438916997,0.535946370934862,"GUTS_diaz_survival"
172,619.661884224983,0.536118631828026,59.1558091583422,0.535950654648186,"GUTS_diaz_survival"
173,630.334554800608,0.536139266271286,60.4743230513947,0.53595557496503,"GUTS_diaz_survival"
174,640.064965390815,0.536158050577018,61.8012944593264,0.535960940110709,"GUTS_diaz_survival"
175,650.331195745135,0.536175768055601,63.1417835842028,0.535966743150682,"GUTS_diaz_survival"
176,658.79846073819,0.536191611214265,64.5076451486188,0.535973022012905,"GUTS_diaz_survival"
177,666.127205587569,0.536206034672676,65.8753980924521,0.535979562177208,"GUTS_diaz_survival"
178,674.339454410782,0.536219823535147,67.2472390183579,0.535986343473808,"GUTS_diaz_survival"
179,680.95469080131,0.536232250383946,68.6401288693009,0.535993438745592,"GUTS_diaz_survival"
180,686.455478475256,0.536243598251248,70.0298328110293,0.536000652696672,"GUTS_diaz_survival"
181,692.73590272745,0.536254456232236,71.4172605499927,0.536007961983241,"GUTS_diaz_survival"
182,697.722282549214,0.5362643267482,72.8182936080459,0.536015428226478,"GUTS_diaz_survival"
183,701.389564048436,0.536273299392813,74.2127450742245,0.536022901527836,"GUTS_diaz_survival"
184,706.054279678275,0.536281949347075,75.5972086607806,0.536030338050894,"GUTS_diaz_survival"
185,709.349420703761,0.536289791882545,76.9916373919286,0.536037815988669,"GUTS_diaz_survival"
186,711.882924082985,0.536297014273908,78.3735507070379,0.536045189698781,"GUTS_diaz_survival"
187,715.047890474501,0.536303910248932,79.7459883461868,0.536052451694972,"GUTS_diaz_survival"
188,717.215044733074,0.536310204795059,81.1209846945574,0.53605963387893,"GUTS_diaz_survival"
189,719.005416330657,0.536316042814022,82.4830606397502,0.536066639406005,"GUTS_diaz_survival"
190,721.021937973211,0.536321541861772,83.8363624944501,0.536073466216436,"GUTS_diaz_survival"
191,722.105600306049,0.536326543893442,85.1860560253121,0.536080115232815,"GUTS_diaz_survival"
192,722.928943447144,0.536331176529418,86.5209235523919,0.536086520994588,"GUTS_diaz_survival"
193,723.649264746611,0.536335479453585,87.8460108668642,0.536092688971176,"GUTS_diaz_survival"
194,723.406295385566,0.536339358615596,89.1624961207592,0.536098609954937,"GUTS_diaz_survival"
195,723.755176507517,0.536343032732261,90.4617610343,0.53610424154297,"GUTS_diaz_survival"
196,723.08011640321,0.536346316192967,91.7577921677553,0.536109627448826,"GUTS_diaz_survival"
197,721.857940497693,0.536349289850268,93.035802225616,0.536114710574168,"GUTS_diaz_survival"
198,721.026353479442,0.536352076316589,94.2990116657766,0.536119502587723,"GUTS_diaz_survival"
199,718.560466726091,0.5363544678454,95.5561085785496,0.53612403447438,"GUTS_diaz_survival"
200,716.071627020522,0.536356660048173,96.7879451768452,0.536128249954816,"GUTS_diaz_survival"
201,714.039361206049,0.536358714307967,98.0079953802981,0.53613220131486,"GUTS_diaz_survival"
202,710.125439774961,0.536360406207659,99.2213417197667,0.536135913795273,"GUTS_diaz_survival"
203,706.181243480774,0.536361940073681,100.405855156338,0.536139334042238,"GUTS_diaz_survival"
204,702.582074768457,0.536363363000066,101.576959399357,0.536142522879562,"GUTS_diaz_survival"
205,696.990573264227,0.536364459980747,102.738659352822,0.536145506185413,"GUTS_diaz_survival"
206,691.272527549827,0.536365422419335,103.8685911041,0.536148237618975,"GUTS_diaz_survival"
207,685.918181802535,0.536366303372248,104.982060530218,0.536150776386073,"GUTS_diaz_survival"
208,678.370470925557,0.536366868057304,106.083969622808,0.536153150645363,"GUTS_diaz_survival"
209,670.826359373997,0.536367325810923,107.149709964178,0.536155311153056,"GUTS_diaz_survival"
210,664.064918611554,0.536367748038811,108.19743486716,0.53615732005694,"GUTS_diaz_survival"
211,654.749151576592,0.536367824894142,109.235074686273,0.536159209490949,"GUTS_diaz_survival"
212,645.654340872368,0.536367803150286,110.230926128773,0.536160912875076,"GUTS_diaz_survival"
213,637.368552670145,0.536367722947965,111.208194807815,0.536162498219981,"GUTS_diaz_survival"
214,626.237350547267,0.5363672519135,112.173225407684,0.536163988543786,"GUTS_diaz_survival"
215,615.296839772605,0.536366633320663,113.091127255715,0.536165310944864,"GUTS_diaz_survival"
216,605.167794671194,0.536365889409281,113.987101219886,0.536166530524372,"GUTS_diaz_survival"
217,592.529747030771,0.5363647521016,114.867669792082,0.536167665708123,"GUTS_diaz_survival"
218,580.05675772667,0.536363387285438,115.701193968977,0.536168653855355,"GUTS_diaz_survival"
219,568.687880732276,0.536361802538796,116.509804346288,0.536169545386873,"GUTS_diaz_survival"
220,554.467630929984,0.53635981671912,117.303108957087,0.53617035993596,"GUTS_diaz_survival"
221,540.824730809712,0.536357527610539,118.043625127711,0.536171031269507,"GUTS_diaz_survival"
222,528.262804638064,0.53635487315031,118.760364083865,0.53617161382769,"GUTS_diaz_survival"
223,512.414071471891,0.536352001296028,119.459308937784,0.536172115882262,"GUTS_diaz_survival"
224,497.4717279989,0.53634874953107,120.098806880928,0.536172482290053,"GUTS_diaz_survival"
225,483.762522062934,0.536345003273321,120.714681707576,0.536172764129864,"GUTS_diaz_survival"
226,466.466063779416,0.536341625968917,121.311720717202,0.536172964666106,"GUTS_diaz_survival"
227,450.263578666679,0.536337868094383,121.844024937333,0.536173053777027,"GUTS_diaz_survival"
228,435.113493718833,0.536333667739937,122.351738722094,0.536173065517216,"GUTS_diaz_survival"
229,416.225033652281,0.536331067557821,122.83630305232,0.536173000743475,"GUTS_diaz_survival"
230,398.349547251367,0.536328408176456,123.251779112147,0.536172871046991,"GUTS_diaz_survival"
231,381.435513616354,0.536325692557238,123.638717254467,0.53617268267058,"GUTS_diaz_survival"
232,365.433944098471,0.536322924031295,123.998286346291,0.536172439473669,"GUTS_diaz_survival"
233,350.298259074897,0.536320106312071,124.331755888243,0.536172145324927,"GUTS_diaz_survival"
234,335.984170184122,0.536317243504028,124.640477600727,0.536171804087108,"GUTS_diaz_survival"
235,322.449567744759,0.536314340106909,124.925867854667,0.536171419603188,"GUTS_diaz_survival"
236,309.654413110963,0.536311401015065,125.189391230261,0.536170995683875,"GUTS_diaz_survival"
237,297.560635745658,0.53630843151131,125.432545380603,0.536170536096433,"GUTS_diaz_survival"
238,286.132034818713,0.536305437254891,125.656847287219,0.536170044554668,"GUTS_diaz_survival"
239,275.334185160629,0.536302424263172,125.863820921868,0.536169524709904,"GUTS_diaz_survival"
240,265.134347422889,0.536299398886743,126.054986273419,0.536168980142721,"GUTS_diaz_survival"
241,255.501382313675,0.53629636777779,126.231849659137,0.536168414355293,"GUTS_diaz_survival"
242,246.4056687919,0.536293337851673,126.395895214685,0.536167830764104,"GUTS_diaz_survival"
243,237.819026113409,0.53629031624185,126.548577444461,0.53616723269292,"GUTS_diaz_survival"
244,229.714639630887,0.53628731024842,126.69131471117,0.536166623365885,"GUTS_diaz_survival"
245,222.066990253647,0.536284327280762,126.825483548394,0.536166005900673,"GUTS_diaz_survival"
246,214.851787475416,0.536281374794944,126.952413690173,0.536165383301646,"GUTS_diaz_survival"
247,208.045905877836,0.536278460226734,127.073383725154,0.536164758453024,"GUTS_diaz_survival"
248,201.6273250151,0.536275590921238,127.18961729812,0.53616413411207,"GUTS_diaz_survival"
249,195.575072581421,0.536272774060354,127.302279797148,0.53616351290237,"GUTS_diaz_survival"
250,189.86917075822,0.53627001658933,127.412475479266,0.536162897307249,"GUTS_diaz_survival"
251,184.49058563252,0.536267325143851,127.521245000436,0.536162289663421,"GUTS_diaz_survival"
252,179.421179572463,0.536264705979101,127.629563326419,0.536161692154977,"GUTS_diaz_survival"
253,174.643666440493,0.536262164902292,127.73833800933,0.536161106807783,"GUTS_diaz_survival"
254,170.14156952016,0.536259707210094,127.848407820384,0.536160535484424,"GUTS_diaz_survival"
255,165.899182029106,0.536257337632348,127.96054173262,0.536159979879763,"GUTS_diaz_survival"
256,161.901530089124,0.536255060283309,128.07543824863,0.536159441517238,"GUTS_diaz_survival"
257,158.1343380246,0.536252878621521,128.193725068054,0.536158921745967,"GUTS_diaz_survival"
258,154.583995863452,0.536250795419231,128.315959088317,0.536158421738779,"GUTS_diaz_survival"
259,151.237528919864,0.536248812742044,128.442626730497,0.536157942491225,"GUTS_diaz_survival"
260,148.082569345604,0.536246931939269,128.5741445807,0.536157484821688,"GUTS_diaz_survival"
261,145.107329546167,0.536245153645193,128.710860336482,0.536157049372654,"GUTS_diaz_survival"
262,142.300577368882,0.536243477791238,128.853054047829,0.536156636613223,"GUTS_diaz_survival"
263,139.651612981955,0.536241903628727,129.000939643291,0.536156246842956,"GUTS_diaz_survival"
264,137.150247375341,0.536240429761743,129.154666734077,0.536155880197093,"GUTS_diaz_survival"
265,134.786782425565,0.536239054189315,129.314322692183,0.536155536653218,"GUTS_diaz_survival"
266,132.551992475914,0.536237774355962,129.479935002905,0.536155216039391,"GUTS_diaz_survival"
267,130.43710738948,0.536236587209418,129.65147389687,0.536154918043749,"GUTS_diaz_survival"
268,128.43379703369,0.536235489264192,129.828855271657,0.536154642225537,"GUTS_diaz_survival"
269,126.534157149582,0.536234476669453,130.011943917217,0.536154388027493,"GUTS_diaz_survival"
270,124.73069654566,0.536233545279645,130.200557061723,0.536154154789454,"GUTS_diaz_survival"
271,123.016325533758,0.53623269072614,130.394468253939,0.536153941762994,"GUTS_diaz_survival"
272,121.384345493012,0.536231908488249,130.59341159348,0.536153748126846,"GUTS_diaz_survival"
273,119.828439409127,0.536231193961925,130.797086310524,0.536153573002823,"GUTS_diaz_survival"
274,118.34266319265,0.536230542524623,131.005161681001,0.536153415471887,"GUTS_diaz_survival"
275,116.921437536349,0.536229949594922,131.217282242407,0.536153274589998,"GUTS_diaz_survival"
276,115.559540033904,0.536229410685766,131.433073250221,0.53615314940336,"GUTS_diaz_survival"
277,114.252097256283,0.536228921450427,131.652146287714,0.536153038962693,"GUTS_diaz_survival"
278,112.994576474227,0.53622847772065,131.874104915681,0.536152942336177,"GUTS_diaz_survival"
279,111.782776729703,0.536228075536704,132.09855022698,0.536152858620796,"GUTS_diaz_survival"
280,110.612818997747,0.536227711169463,132.325086157069,0.536152786951859,"GUTS_diaz_survival"
281,109.481135241516,0.536227381134855,132.553324398984,0.536152726510575,"GUTS_diaz_survival"
282,108.384456242922,0.536227082201338,132.782888780785,0.53615267652965,"GUTS_diaz_survival"
283,107.319798181653,0.536226811391198,133.013418985445,0.536152636296974,"GUTS_diaz_survival"
284,106.2844480278,0.536226565976622,133.244573525447,0.536152605157527,"GUTS_diaz_survival"
285,105.275947898551,0.536226343471533,133.476031923785,0.536152582513733,"GUTS_diaz_survival"
286,104.292078599742,0.53622614162018,133.707496095353,0.536152567824513,"GUTS_diaz_survival"
287,103.33084262273,0.53622595838343,133.938690963396,0.53615256060333,"GUTS_diaz_survival"
288,102.39044689346,0.536225791923588,134.169364380954,0.536152560415516,"GUTS_diaz_survival"
289,101.469285573899,0.536225640588472,134.399286454066,0.536152566875169,"GUTS_diaz_survival"
290,100.565923198846,0.536225502895349,134.62824838048,0.536152579641868,"GUTS_diaz_survival"
291,99.6790783979121,0.536225377515184,134.856060924452,0.536152598417438,"GUTS_diaz_survival"
292,98.8076084084557,0.536225263257559,135.082552645899,0.536152622942923,"GUTS_diaz_survival"
293,97.9504945357699,0.536225159056477,135.307567992518,0.536152652995912,"GUTS_diaz_survival"
294,97.1068286666054,0.536225063957224,135.530965348624,0.536152688388305,"GUTS_diaz_survival"
295,96.2758008949472,0.536224977104334,135.752615116681,0.536152728964557,"GUTS_diaz_survival"
296,95.4566882774834,0.536224897730691,135.972397888849,0.536152774600431,"GUTS_diaz_survival"
297,94.6488447019059,0.536224825147727,136.190202747988,0.53615282520224,"GUTS_diaz_survival"
298,93.8516918246027,0.536224758736669,136.405925721515,0.536152880706545,"GUTS_diaz_survival"
299,93.0647110152101,0.536224697940762,136.61946839815,0.536152941080261,"GUTS_diaz_survival"
300,92.2874362331494,0.536224642258376,136.830736706983,0.536153006321114,"GUTS_diaz_survival"
301,91.5194477546509,0.536224591236925,137.039639850639,0.536153076458375,"GUTS_diaz_survival"
302,90.7603666667189,0.536224544467503,137.246089379092,0.536153151553813,"GUTS_diaz_survival"
303,90.0098500458925,0.536224501580163,137.44999838778,0.536153231702772,"GUTS_diaz_survival"
304,89.2675867434973,0.536224462239749,137.651280822417,0.536153317035335,"GUTS_diaz_survival"
305,88.5332937045022,0.53622442614224,137.849850873037,0.536153407717473,"GUTS_diaz_survival"
306,87.8067127533913,0.536224393011515,138.045622440866,0.536153503952127,"GUTS_diaz_survival"
307,87.0876077871239,0.536224362596504,138.238508663287,0.536153605980162,"GUTS_diaz_survival"
308,86.375762321885,0.536224334668663,138.428421484172,0.536153714081133,"GUTS_diaz_survival"
309,85.6709773466794,0.536224309019747,138.615271259023,0.5361538285738,"GUTS_diaz_survival"
310,84.9730694427287,0.536224285459828,138.798966386509,0.536153949816352,"GUTS_diaz_survival"
311,84.2818691330046,0.536224263815534,138.979412960023,0.536154078206293,"GUTS_diaz_survival"
312,83.5972194310406,0.536224243928478,139.156514434769,0.536154214179953,"GUTS_diaz_survival"
313,82.9189745624162,0.536224225653865,139.330171307521,0.536154358211586,"GUTS_diaz_survival"
314,82.2469988360223,0.536224208859232,139.500280807684,0.536154510812038,"GUTS_diaz_survival"
315,81.5811656454422,0.536224193423331,139.666736599434,0.536154672526964,"GUTS_diaz_survival"
316,80.9213565835618,0.536224179235113,139.829428495788,0.53615484393457,"GUTS_diaz_survival"
317,80.2674606559128,0.536224166192829,139.988242186165,0.536155025642913,"GUTS_diaz_survival"
318,79.619373580292,0.536224154203204,140.143058979687,0.536155218286708,"GUTS_diaz_survival"
319,78.9769971619451,0.536224143180701,140.293755566827,0.536155422523711,"GUTS_diaz_survival"
320,78.3402387350897,0.536224133046851,140.440203802356,0.536155639030662,"GUTS_diaz_survival"
321,77.7090106628156,0.536224123729647,140.582270512658,0.536155868498822,"GUTS_diaz_survival"
322,77.083229888483,0.536224115162992,140.719817330511,0.536156111629157,"GUTS_diaz_survival"
323,76.4628175326533,0.536224107286201,140.852700560388,0.536156369127192,"GUTS_diaz_survival"
324,75.8476985303744,0.536224100043544,140.980771077135,0.536156641697584,"GUTS_diaz_survival"
325,75.2378013043104,0.536224093383834,141.103874260684,0.536156930038491,"GUTS_diaz_survival"
326,74.6330574697789,0.536224087260044,141.221849969132,0.536157234835764,"GUTS_diaz_survival"
327,74.0334015682501,0.53622408162897,141.334532552194,0.536157556757053,"GUTS_diaz_survival"
328,73.4387708262825,0.536224076450907,141.441750906637,0.536157896445869,"GUTS_diaz_survival"
329,72.8491049372364,0.536224071689366,141.54332857487,0.536158254515692,"GUTS_diaz_survival"
330,72.2643458634168,0.53622406731081,141.639083887467,0.536158631544171,"GUTS_diaz_survival"
331,71.6844376565699,0.536224063284412,141.728830149893,0.536159028067499,"GUTS_diaz_survival"
332,71.1093262948951,0.536224059581833,141.812375873293,0.536159444575025,"GUTS_diaz_survival"
333,70.538959534936,0.53622405617702,141.889525048724,0.536159881504156,"GUTS_diaz_survival"
334,69.9732867768955,0.53622405304602,141.960077463773,0.536160339235615,"GUTS_diaz_survival"
335,69.4122589420768,0.536224050166813,142.023829060084,0.536160818089119,"GUTS_diaz_survival"
336,68.8558283612871,0.53622404751915,142.080572329904,0.5361613183195,"GUTS_diaz_survival"
337,68.3039486731656,0.536224045084411,142.130096749377,0.536161840113334,"GUTS_diaz_survival"
338,67.7565747315016,0.536224042845479,142.172189245989,0.536162383586104,"GUTS_diaz_survival"
339,67.2136625207029,0.536224040786609,142.206634697227,0.536162948779921,"GUTS_diaz_survival"
340,66.6751690786602,0.536224038893327,142.233216457269,0.536163535661831,"GUTS_diaz_survival"
341,66.141052426327,0.536224037152321,142.251716908289,0.536164144122714,"GUTS_diaz_survival"
342,65.6112715033995,0.536224035551349,142.261918032741,0.536164773976782,"GUTS_diaz_survival"
343,65.0857861095419,0.536224034079155,142.26360200291,0.53616542496167,"GUTS_diaz_survival"
344,64.564556850656,0.536224032725387,142.256551783837,0.536166096739119,"GUTS_diaz_survival"
345,64.0475450897385,0.536224031480524,142.240551745754,0.536166788896224,"GUTS_diaz_survival"
346,63.5347129019157,0.536224030335813,142.21538828209,0.536167500947218,"GUTS_diaz_survival"
347,63.0260230332817,0.536224029283202,142.180850429187,0.536168232335786,"GUTS_diaz_survival"
348,62.5214388631998,0.536224028315288,142.136730483922,0.53616898243785,"GUTS_diaz_survival"
349,62.0209243697616,0.536224027425263,142.082824615544,0.536169750564791,"GUTS_diaz_survival"
350,61.5244440981214,0.536224026606864,142.018933468196,0.536170535967083,"GUTS_diaz_survival"
351,61.0319631314533,0.536224025854334,141.944862750765,0.536171337838265,"GUTS_diaz_survival"
352,60.5434470642995,0.536224025162378,141.860423810926,0.536172155319226,"GUTS_diaz_survival"
353,60.058861978099,0.536224024526125,141.765434190465,0.536172987502748,"GUTS_diaz_survival"
354,59.5781744187045,0.536224023941098,141.659718159258,0.536173833438248,"GUTS_diaz_survival"
355,59.1013513757147,0.536224023403178,141.543107225523,0.536174692136678,"GUTS_diaz_survival"
356,58.628360263462,0.536224022908577,141.415440620286,0.536175562575542,"GUTS_diaz_survival"
357,58.159168903511,0.536224022453813,141.276565754265,0.536176443703957,"GUTS_diaz_survival"
358,57.6937455085358,0.536224022035683,141.126338645728,0.536177334447745,"GUTS_diaz_survival"
359,57.2320586674575,0.536224021651241,140.964624318133,0.536178233714488,"GUTS_diaz_survival"
360,56.7740773317293,0.536224021297778,140.791297166693,0.536179140398516,"GUTS_diaz_survival"
361,56.319770802673,0.536224020972803,140.606241293296,0.536180053385792,"GUTS_diaz_survival"
362,55.8691087197727,0.536224020674025,140.409350809471,0.536180971558655,"GUTS_diaz_survival"
363,55.422061049845,0.536224020399338,140.200530107403,0.536181893800398,"GUTS_diaz_survival"
364,54.9785980770081,0.536224020146804,139.979694099192,0.536182818999651,"GUTS_diaz_survival"
365,54.5386903933826,0.536224019914641,139.746768424836,0.536183746054535,"GUTS_diaz_survival"
366,54.1023088904595,0.53622401970121,139.501689629592,0.536184673876604,"GUTS_diaz_survival"
1,100,1,124.788048653548,1,"diaz_growth"
2,97.3947367918123,1,124.788048653548,1,"diaz_growth"
3,94.9172772107046,0.999999944843733,124.552934027328,0.999999196291936,"diaz_growth"
4,92.5610222388751,0.999999835372123,124.313422923793,0.99999839178701,"diaz_growth"
5,90.3196702854257,0.999999672580742,124.0694968917,0.999997582780391,"diaz_growth"
6,88.1871748993488,0.999999117052049,123.820553215329,0.999991927127884,"diaz_growth"
7,86.1578097539143,0.999998333501876,123.567474350435,0.999988453684111,"diaz_growth"
8,84.2261138417464,0.999997525051316,123.310349071925,0.999987716679474,"diaz_growth"
9,82.3868620995708,0.999996696301493,123.048871217,0.999986982942984,"diaz_growth"
10,80.6350742086094,0.999995851527007,122.783081711306,0.999986252443043,"diaz_growth"
11,78.966005935519,0.999994994639974,122.51302868586,0.999985525004914,"diaz_growth"
12,77.3751408216705,0.99999412924309,122.23876629796,0.999984801350944,"diaz_growth"
13,75.8581821243823,0.999993258617122,121.960353448739,0.999984082041954,"diaz_growth"
14,74.4110449571595,0.999992385791212,121.677852917057,0.999983368520922,"diaz_growth"
15,73.0298485644293,0.999991513469609,121.391330264459,0.99998266101587,"diaz_growth"
16,71.7109087272113,0.999990644185136,121.100853521289,0.999981961681121,"diaz_growth"
17,70.4507302427482,0.999989780159197,120.806492111307,0.999981270418671,"diaz_growth"
18,69.2459995094006,0.999988923388638,120.508316779892,0.999980588042367,"diaz_growth"
19,68.0935771952727,0.999988075657275,120.206399103995,0.999979915228939,"diaz_growth"
20,66.990491003514,0.999987238547881,119.900811207951,0.999979252530432,"diaz_growth"
21,65.9339285455932,0.999986413454062,119.591625540077,0.99997860038632,"diaz_growth"
22,64.9212303362594,0.999985601591662,119.27891469581,0.999977959134996,"diaz_growth"
23,63.9498829248979,0.999984804009471,118.96275127509,0.999977329024419,"diaz_growth"
24,63.0175121778507,0.999984021599156,118.643207763796,0.999976710221846,"diaz_growth"
25,62.1218767252829,0.999983255104441,118.320356431114,0.999976102822622,"diaz_growth"
26,61.2608570913693,0.99998243178536,117.994123556062,0.999974272246783,"diaz_growth"
27,60.4324225845822,0.999980954957944,117.66351339483,0.999962137613398,"diaz_growth"
28,59.6347083354703,0.999979061691153,117.330212340972,0.99995337770264,"diaz_growth"
29,58.8659762848148,0.999977315922665,116.995007535093,0.999954145393345,"diaz_growth"
30,58.1245556575341,0.999975700149769,116.656818857817,0.999954665269809,"diaz_growth"
31,57.4088547014922,0.999973874908848,116.315012861966,0.999948894913554,"diaz_growth"
32,56.7174009027449,0.999971959748539,115.970619597392,0.999945070480926,"diaz_growth"
33,56.0488157799239,0.999970201300047,115.624016598692,0.999945890562545,"diaz_growth"
34,55.4017880711109,0.999968582705433,115.274705439006,0.999946496610873,"diaz_growth"
35,54.7750840940495,0.999967080757283,114.922735913949,0.999946750333633,"diaz_growth"
36,54.1675447342758,0.999965691615948,114.568217144233,0.999947039181309,"diaz_growth"
37,53.5780798147205,0.99996440610999,114.211200137117,0.999947256962808,"diaz_growth"
38,53.00566435122,0.999963215763442,113.851748292601,0.999947416024904,"diaz_growth"
39,52.4493346240508,0.999962112694498,113.489923279439,0.999947525344295,"diaz_growth"
40,51.9081821372143,0.999961045892861,113.125668173377,0.999946558231094,"diaz_growth"
41,51.3813572710752,0.999960060612078,112.759293308385,0.999946744833355,"diaz_growth"
42,50.8680579164561,0.999959148328625,112.390714877615,0.999946852057821,"diaz_growth"
43,50.3675286805311,0.999958294400948,112.019968141926,0.999946708925502,"diaz_growth"
44,49.8790588097196,0.999957500001503,111.647148989716,0.999946701900133,"diaz_growth"
45,49.4019780293793,0.999956759867925,111.272288875241,0.999946661788898,"diaz_growth"
46,48.9356540659743,0.999956069367984,110.89543672557,0.999946594478305,"diaz_growth"
47,48.4794900108351,0.999955424410199,110.516638866568,0.999946503907458,"diaz_growth"
48,48.032921924378,0.999954821387188,110.135938948718,0.999946392971999,"diaz_growth"
49,47.5954155608089,0.999954233000872,109.75329612286,0.999945519460115,"diaz_growth"
50,47.1664683005503,0.999953686969872,109.368930619819,0.999945543641266,"diaz_growth"
51,46.7456034341561,0.999953178890721,108.982771040476,0.999945499996069,"diaz_growth"
52,46.3323705451724,0.999952705374866,108.594851637577,0.99994540858974,"diaz_growth"
53,45.926344554517,0.999952263748078,108.205203179946,0.999945283053709,"diaz_growth"
54,45.5271250101123,0.999951851834204,107.8138533884,0.999945132502423,"diaz_growth"
55,45.1343355623238,0.999951467790931,107.420827373705,0.999944962581635,"diaz_growth"
56,44.7476227388711,0.999951091728939,107.026065917804,0.999944008136583,"diaz_growth"
57,44.3666583121445,0.999950746402929,106.629779142164,0.999944031096394,"diaz_growth"
58,43.9911358076652,0.999950428458742,106.231874011411,0.999943974110382,"diaz_growth"
59,43.6207712594565,0.999950135356729,105.832373494113,0.999943863169523,"diaz_growth"
60,43.2553026026111,0.999949865071103,105.431299754647,0.999943715608692,"diaz_growth"
61,42.8944889241547,0.999949615895635,105.028674886068,0.999943542802667,"diaz_growth"
62,42.5381095659746,0.999949386330823,104.624521539236,0.999943352620636,"diaz_growth"
63,42.1859625615738,0.999949162515051,104.218767248472,0.999942228747781,"diaz_growth"
64,41.8378652417266,0.999948959683759,103.811656479973,0.999942279719801,"diaz_growth"
65,41.4936509953143,0.999948775150401,103.403082809871,0.999942239506596,"diaz_growth"
66,41.1531687743814,0.999948606868295,102.993076984539,0.999942138893144,"diaz_growth"
67,40.8162817750317,0.99994845318847,102.581670021099,0.999941997237679,"diaz_growth"
68,40.4828661366996,0.999948312726252,102.168893643677,0.999941827411005,"diaz_growth"
69,40.152809684128,0.999948184282603,101.754780412714,0.999941638198547,"diaz_growth"
70,39.8260107316167,0.999948066786506,101.339363550415,0.999941433991123,"diaz_growth"
71,39.502376965982,0.999947959293126,100.922677511579,0.99994122196611,"diaz_growth"
72,39.1818244135563,0.999947860933622,100.504756859451,0.999941002601833,"diaz_growth"
73,38.8642764898634,0.999947770658625,100.085630062779,0.999940709158027,"diaz_growth"
74,38.5496631846942,0.999947688113543,99.6653494866016,0.999940508648879,"diaz_growth"
75,38.2379202609071,0.999947612590861,99.2439404209314,0.999940294592944,"diaz_growth"
76,37.9289885956132,0.999947543460389,98.8214394669539,0.999940070812919,"diaz_growth"
77,37.6228135822461,0.999947480155666,98.3978832016385,0.999939839660718,"diaz_growth"
78,37.3193446045155,0.999947422166149,97.9733082207456,0.999939603329636,"diaz_growth"
79,37.0185345734943,0.999947368989401,97.5477483019728,0.999939335535368,"diaz_growth"
80,36.7203395291379,0.999947320266386,97.1212466067124,0.999939107155606,"diaz_growth"
81,36.424718234087,0.999947274312791,96.693713845944,0.999937622155568,"diaz_growth"
82,36.1316320222814,0.999947232392256,96.2654554219059,0.999937663200384,"diaz_growth"
83,35.8410443596481,0.99994719407523,95.8363509205819,0.999937622197139,"diaz_growth"
84,35.552920674762,0.999947159005493,95.4064383316003,0.999937525010123,"diaz_growth"
85,35.2672281528683,0.999947126878612,94.9757545414809,0.999937389280976,"diaz_growth"
86,34.9839355557988,0.999947097428562,94.5443355545302,0.999937226797025,"diaz_growth"
87,34.7030130642027,0.999947070419199,94.1122166353769,0.999937045066911,"diaz_growth"
88,34.4244321390453,0.999947045638935,93.6794324931628,0.999936849368769,"diaz_growth"
89,34.1481653997347,0.99994702289698,93.2460173383962,0.999936643482287,"diaz_growth"
90,33.8741865166299,0.99994700202034,92.8120048238393,0.99993642919071,"diaz_growth"
91,33.6024701160321,0.999946982851753,92.3774281523769,0.999936207580194,"diaz_growth"
92,33.3329916960191,0.999946965248398,91.9423203364907,0.999935982032579,"diaz_growth"
93,33.0657275516673,0.999946949079845,91.5067136242504,0.9999357522064,"diaz_growth"
94,32.8006547085208,0.999946934226981,91.0706398827178,0.99993551836985,"diaz_growth"
95,32.5377508567134,0.999946920380385,90.6339066269077,0.99993281064653,"diaz_growth"
96,32.2769943185754,0.999946907671441,90.1970212577625,0.999932875624641,"diaz_growth"
97,32.0183639791235,0.99994689600247,89.7597571777909,0.999932890845504,"diaz_growth"
98,31.7618392513217,0.999946885285517,89.3221454534807,0.999932868966714,"diaz_growth"
99,31.507400037697,0.999946875440901,88.8842162339291,0.999932818778121,"diaz_growth"
100,31.2550266957678,0.999946866396151,88.4459988400062,0.999932746405597,"diaz_growth"
101,31.004700006853,0.99994685808518,88.0075218354347,0.99993265635057,"diaz_growth"
102,30.7564011478814,0.999946850447601,87.5688129707435,0.999932551111314,"diaz_growth"
103,30.5101116658757,0.999946843428195,87.1298993757998,0.999932433644138,"diaz_growth"
104,30.2658134548202,0.999946836976404,86.6908073781798,0.999932305578091,"diaz_growth"
105,30.0234887346617,0.999946831045913,86.2515625886993,0.999932168462552,"diaz_growth"
106,29.7831200322219,0.999946825594267,85.8121898279576,0.999932023185912,"diaz_growth"
107,29.5446901637936,0.999946820581508,85.3727016813001,0.999931736166555,"diaz_growth"
108,29.308182219413,0.999946815973344,84.9331492697985,0.99993163384331,"diaz_growth"
109,29.0735795482962,0.999946811736834,84.4935371523197,0.999931507763431,"diaz_growth"
110,28.8408657456983,0.999946807841807,84.0538875789791,0.999931365146599,"diaz_growth"
111,28.6100246408504,0.999946804260593,83.6142217877961,0.999931211014912,"diaz_growth"
112,28.3810402859197,0.999946800967805,83.1745600619331,0.999931048908763,"diaz_growth"
113,28.1538969458936,0.999946797940132,82.7349217368796,0.99993088096898,"diaz_growth"
114,27.928579089301,0.999946795156167,82.2953253133869,0.999930709250004,"diaz_growth"
115,27.7050713796931,0.999946792596248,81.8557884651722,0.999930535728842,"diaz_growth"
116,27.4833586678134,0.999946790242306,81.416327955483,0.999930361129731,"diaz_growth"
117,27.2634259843925,0.99994678807774,80.9769598062896,0.999930186761277,"diaz_growth"
118,27.0452585335118,0.999946786087279,80.5376980762086,0.999929999068428,"diaz_growth"
119,26.8288416864857,0.999946784256919,80.0985602091859,0.999929835629945,"diaz_growth"
120,26.6141609762116,0.999946782573765,79.6595579157647,0.999929671660168,"diaz_growth"
121,26.4012020919506,0.999946781025968,79.2207044148432,0.99992950916428,"diaz_growth"
122,26.1899508744976,0.999946779602632,78.7820122591973,0.999929349483981,"diaz_growth"
123,25.9803933117076,0.999946778293743,78.3434933924518,0.999929193326656,"diaz_growth"
124,25.7725155343461,0.999946777090092,77.9051593048724,0.999929041991594,"diaz_growth"
125,25.5663038122355,0.999946775983215,77.467021001125,0.999928896141659,"diaz_growth"
126,25.3617445506717,0.999946774965326,77.029088701061,0.999928751002514,"diaz_growth"
127,25.1588242870875,0.999946774029269,76.59137384037,0.999928621363216,"diaz_growth"
128,24.9575296879409,0.999946773168465,76.1538860460899,0.99992850140329,"diaz_growth"
129,24.7578475458097,0.999946772376862,75.7166348893674,0.999928386169817,"diaz_growth"
130,24.5597635220314,0.999946720566343,75.1149278010718,0.997740556879583,"diaz_growth"
131,24.3632653872919,0.999946646615342,74.5281828765606,0.995723672969479,"diaz_growth"
132,24.1683395074809,0.999946517330544,73.9338788265899,0.993577973133552,"diaz_growth"
133,23.9749747621533,0.999946398449162,73.5063996252929,0.993658382167467,"diaz_growth"
134,23.7831585102757,0.999946289121222,73.0719296644103,0.993640805392783,"diaz_growth"
135,23.5928782141093,0.999946188091352,72.5739428145671,0.992750111062294,"diaz_growth"
136,23.4041214720372,0.999946095165926,72.1351945851083,0.992659701802861,"diaz_growth"
137,37.097044678056,0.997113961424457,71.6967208725638,0.992567585087423,"diaz_growth"
138,49.7803809229323,0.995669628440813,71.3493550820368,0.991807308518668,"diaz_growth"
139,62.5265708850335,0.994787658778237,71.0643637036582,0.991680261653514,"diaz_growth"
140,86.6707664740104,0.993838491937804,70.8084446919683,0.991585399604259,"diaz_growth"
141,109.603144341712,0.993310701099871,70.6910675159641,0.9914514528423,"diaz_growth"
142,131.861632771239,0.992961979707336,70.6074744488504,0.991260972093956,"diaz_growth"
143,163.199626732597,0.992602983293435,70.5527787883115,0.990873492159295,"diaz_growth"
144,193.163321290269,0.992359271427139,70.6459638145815,0.990586162587084,"diaz_growth"
145,222.082313735897,0.991885978760698,70.4775613264856,0.985874388778842,"diaz_growth"
146,258.943229428068,0.991142305699248,70.296870402245,0.980209470733353,"diaz_growth"
147,293.042735983011,0.990348729606236,70.2368347404788,0.974232939678566,"diaz_growth"
148,326.063598682648,0.989506860574239,70.1852911060124,0.967662429487232,"diaz_growth"
149,366.248806841271,0.988517078704044,70.171115389071,0.960738416625351,"diaz_growth"
150,402.886176660489,0.987611040500314,70.3383811456626,0.954367090024176,"diaz_growth"
151,438.036348600011,0.986691054417276,70.298034902051,0.944545001278966,"diaz_growth"
152,479.14324599148,0.985649165818113,70.3242331423379,0.934842057409194,"diaz_growth"
153,517.260102662348,0.984874726701816,71.1804403757675,0.934404421447318,"diaz_growth"
154,553.792648476512,0.984251084342447,72.0449219098324,0.933229114437577,"diaz_growth"
155,594.597538391294,0.983684905561196,72.9654989428351,0.931842873331611,"diaz_growth"
156,632.789935324848,0.98321371120136,74.0109182977135,0.930452805550124,"diaz_growth"
157,669.106517139662,0.982807836361077,75.1243347632591,0.929073754008446,"diaz_growth"
158,707.983024625311,0.982429861623766,76.311253656875,0.927742419826734,"diaz_growth"
159,744.579555191292,0.982099084342127,77.6140058621341,0.926504155314298,"diaz_growth"
160,779.861388976072,0.98180230100218,78.9887938572104,0.925331558118151,"diaz_growth"
161,816.297642552286,0.981525115048869,80.4416414361311,0.924236786388371,"diaz_growth"
162,851.007507234522,0.981175947858641,80.4785046709831,0.906165270112206,"diaz_growth"
163,882.847772162275,0.98093443100517,82.2827742416854,0.907548085575174,"diaz_growth"
164,916.448223388206,0.980755733839179,84.093983175386,0.908368692525952,"diaz_growth"
165,948.655747748625,0.980631722183308,85.9799207462895,0.908983315313526,"diaz_growth"
166,978.394415873041,0.980550835316121,87.9238385129477,0.909512513798821,"diaz_growth"
167,1007.14266804321,0.980502216422873,89.9178353500305,0.910016582159164,"diaz_growth"
168,1035.64392656219,0.980479674824824,91.9745114785146,0.910539470055503,"diaz_growth"
169,1062.58035410312,0.980479363453676,94.0999674455751,0.911101724901729,"diaz_growth"
170,1086.74482510606,0.980497356168666,96.2800614646649,0.911700088429384,"diaz_growth"
171,1110.36152800949,0.980530890867591,98.4989377328224,0.912327686819964,"diaz_growth"
172,1133.38107561843,0.980577839413656,100.772499761465,0.91299718465731,"diaz_growth"
173,1152.92389680654,0.980634438319854,103.097399270383,0.913703917882598,"diaz_growth"
174,1170.75851088915,0.980699827105062,105.441794030185,0.914425556127639,"diaz_growth"
175,1189.58849809642,0.980774920240677,107.81516507999,0.915168048953128,"diaz_growth"
176,1205.13849628635,0.980854070812583,110.239143029606,0.915941149263232,"diaz_growth"
177,1218.61521031194,0.980937010577142,112.670181265144,0.91671422372532,"diaz_growth"
178,1233.72031961847,0.981027118835241,115.112205412183,0.917488523971049,"diaz_growth"
179,1245.90840799391,0.981117067575634,117.59595426138,0.918277120766255,"diaz_growth"
180,1256.06107359737,0.981206692712642,120.076129008292,0.919049509876848,"diaz_growth"
181,1267.64795475924,0.981300178028703,122.553990853288,0.91980446133467,"diaz_growth"
182,1276.8237559012,0.981357552940368,124.32316655588,0.915142776053167,"diaz_growth"
183,1283.60410434049,0.981426932239461,126.911423250354,0.91665426551253,"diaz_growth"
184,1292.22604795629,0.981507405225051,129.451833336589,0.91789248854527,"diaz_growth"
185,1298.34154810003,0.981585800030997,131.992313322574,0.918968264053858,"diaz_growth"
186,1303.06030096471,0.981660502288955,134.496782836744,0.91990668815167,"diaz_growth"
187,1308.93563542588,0.981734662663273,136.973638166204,0.920736654962837,"diaz_growth"
188,1312.97376610022,0.981799300724119,139.446309384741,0.921482127417615,"diaz_growth"
189,1316.31236670178,0.981855523730852,141.886562292236,0.922136642783774,"diaz_growth"
190,1320.05709232305,0.981905012613595,144.301891152257,0.922707196136974,"diaz_growth"
191,1322.07709153396,0.981940919669616,146.701206307399,0.92319803558807,"diaz_growth"
192,1323.60665771524,0.981965824482842,149.063087525673,0.923599849832403,"diaz_growth"
193,1324.93402214418,0.981980026276804,151.39623029767,0.923916879087245,"diaz_growth"
194,1324.47693490413,0.981978058939912,153.702061879819,0.924149337512701,"diaz_growth"
195,1325.02591999295,0.98191825557256,152.483977684062,0.903666988892392,"diaz_growth"
196,1323.70456677515,0.981860864393844,154.932472068763,0.905217834019536,"diaz_growth"
197,1321.38014175939,0.981801627292844,157.299632268663,0.90643219932292,"diaz_growth"
198,1319.77302814809,0.981743594388664,159.605134054602,0.907405322370462,"diaz_growth"
199,1315.15355080834,0.981668927728089,161.873235184917,0.908200775562341,"diaz_growth"
200,1310.48584034938,0.981588687286548,164.073924560252,0.908839069545101,"diaz_growth"
201,1306.65256968689,0.981506805368143,166.235694013751,0.909357529687948,"diaz_growth"
202,1299.34632240254,0.98140114725239,168.370386790916,0.909778174872514,"diaz_growth"
203,1291.97719277904,0.981288302467892,170.438965903735,0.910096662512296,"diaz_growth"
204,1285.23700608752,0.981172260998011,172.471412991633,0.910336940903965,"diaz_growth"
205,1274.8173973749,0.981027249356838,174.476160332441,0.910510317031446,"diaz_growth"
206,1264.1568206649,0.980872203215599,176.412745330092,0.91060619477797,"diaz_growth"
207,1254.15852564852,0.980712262907384,178.310355078365,0.910643540716407,"diaz_growth"
208,1240.10640464252,0.980514360255676,180.178662194367,0.910631057246997,"diaz_growth"
209,1226.0495650795,0.980302752484278,181.972873876143,0.910555174130634,"diaz_growth"
210,1213.42186642586,0.980085433931197,183.727257247444,0.910434835984265,"diaz_growth"
211,1196.06812876468,0.97981411523169,185.456896103149,0.910279258698619,"diaz_growth"
212,1179.10076757826,0.979520539650157,187.103689013367,0.910068419333691,"diaz_growth"
213,1163.59702231307,0.979207214840563,188.711154571852,0.909823635318207,"diaz_growth"
214,1142.82364120959,0.978819253309773,190.291293252723,0.909551618977933,"diaz_growth"
215,1122.36450506733,0.978387717973744,191.780068864212,0.909229775587119,"diaz_growth"
216,1103.35029927092,0.977909713321717,193.224449813711,0.908879002627216,"diaz_growth"
217,1079.68529287471,0.977343563529841,194.636573433983,0.908504868501477,"diaz_growth"
218,1056.26836883281,0.976703870169534,195.958446842622,0.908087229275836,"diaz_growth"
219,1034.80080005106,0.975979339790551,197.231054350021,0.907642797448344,"diaz_growth"
220,1007.98751513358,0.975068640103315,195.881929252755,0.895339308959168,"diaz_growth"
221,982.082174093473,0.973970191818932,195.680710938686,0.888809780875796,"diaz_growth"
222,958.070990083307,0.972746973369052,196.962440665504,0.889233293361141,"diaz_growth"
223,928.139250273503,0.971498192732392,198.16817293198,0.889443020608793,"diaz_growth"
224,899.703649175138,0.970014776768768,197.518888004822,0.881808864143958,"diaz_growth"
225,873.31162598149,0.96823607769007,195.316083396928,0.867526325982745,"diaz_growth"
226,840.680479471879,0.966612515446558,196.378142794964,0.867951178958665,"diaz_growth"
227,809.990605691501,0.96483183454342,197.222414843351,0.867874682359078,"diaz_growth"
228,781.158214414777,0.962878550700585,198.065631364842,0.867968513170899,"diaz_growth"
229,746.151757860435,0.961461556845592,198.861946573564,0.868020316295428,"diaz_growth"
230,713.017437956379,0.959989813318126,199.533923555046,0.868017301124994,"diaz_growth"
231,681.661100511941,0.958464402947826,200.150317236982,0.867973519245186,"diaz_growth"
232,651.993192416511,0.956886739867538,200.713200001128,0.867890107598974,"diaz_growth"
233,623.928538985047,0.955258588048106,201.224939373168,0.86776871014006,"diaz_growth"
234,597.386126444741,0.953582070449382,201.688096091984,0.867611167946154,"diaz_growth"
235,572.288895781539,0.951859677276856,202.105413262011,0.867419600112331,"diaz_growth"
236,548.563544285523,0.950094268077275,202.479764024366,0.867196298471484,"diaz_growth"
237,526.140335298781,0.94828906811489,202.814112962456,0.866943673550125,"diaz_growth"
238,504.908293638827,0.946364021648802,202.501768538534,0.86406260067571,"diaz_growth"
239,484.853845885343,0.944409764482868,202.793865228344,0.863885185887231,"diaz_growth"
240,465.915893549509,0.942429436514459,203.043772920043,0.863637178260722,"diaz_growth"
241,448.036574455966,0.940426957132269,203.258615829059,0.863338769473779,"diaz_growth"
242,431.160978693448,0.938406821355177,203.443970112666,0.863003596375276,"diaz_growth"
243,415.236921601371,0.936373946358263,203.604412431336,0.86264118160702,"diaz_growth"
244,400.214755316873,0.934333549640067,203.743848907082,0.86225840934026,"diaz_growth"
245,386.047207519891,0.932291047611124,203.865714154387,0.861860429308256,"diaz_growth"
246,372.689240996062,0.93025196988655,203.973102515601,0.861451259685415,"diaz_growth"
247,360.097928830264,0.928221884439896,204.068845365694,0.861034151887671,"diaz_growth"
248,348.232341777682,0.926206330668364,204.155555518486,0.860611809155554,"diaz_growth"
249,337.053445518283,0.924210758809456,204.235652955821,0.860186520800673,"diaz_growth"
250,326.524007022313,0.922240477289753,204.311391498573,0.859760295894864,"diaz_growth"
251,316.608508541312,0.920300607270148,204.384877252486,0.859334958342789,"diaz_growth"
252,307.273066740884,0.918396039886401,204.458064305056,0.85891214288781,"diaz_growth"
253,298.485356816686,0.916531397333492,204.532755842132,0.858493311090005,"diaz_growth"
254,290.214540133419,0.914710994843731,204.610592599531,0.858079711466372,"diaz_growth"
255,282.431197995385,0.912938812891481,204.693081113993,0.85767250408278,"diaz_growth"
256,275.107269327781,0.911218474689735,204.781599659511,0.857272788661525,"diaz_growth"
257,268.215990608515,0.909553224510694,204.877385927617,0.85688155384181,"diaz_growth"
258,261.731839208784,0.907945911077542,204.981541934241,0.856499696451636,"diaz_growth"
259,255.630479798033,0.906398975647169,205.095037084325,0.856128030836852,"diaz_growth"
260,249.887639021768,0.904910553261874,205.20400541556,0.855705972439018,"diaz_growth"
261,244.482200373968,0.903485685479053,205.335939855692,0.855345938605179,"diaz_growth"
262,239.393167549829,0.902125817758301,205.480141063009,0.85500139781134,"diaz_growth"
263,234.60051301613,0.900831884471687,205.636744589169,0.854671489190709,"diaz_growth"
264,230.085150003987,0.89960435421071,205.805895707208,0.854355819676591,"diaz_growth"
265,225.828901580488,0.898443262854863,205.987695011108,0.854054221244557,"diaz_growth"
266,221.814469820613,0.897348243468817,206.182179155168,0.853766653543125,"diaz_growth"
267,218.025256701736,0.896317941412933,206.387192012776,0.853484381572935,"diaz_growth"
268,214.445764009238,0.895351783097737,206.606344873686,0.853222888590471,"diaz_growth"
269,211.061168051619,0.894448404643896,206.837933949525,0.852975984792528,"diaz_growth"
270,207.85740761201,0.893606126504896,207.08159408002,0.852743333454343,"diaz_growth"
271,204.821163740311,0.892822991367807,207.336901330019,0.852524638579956,"diaz_growth"
272,201.939841215709,0.892096802228485,207.603373282363,0.852319618202493,"diaz_growth"
273,199.201551273637,0.891425159213032,207.880466116664,0.852127962555186,"diaz_growth"
274,196.595096049636,0.890805497935793,208.167582511514,0.851949334834951,"diaz_growth"
275,194.109947718239,0.890235098661567,208.463979446919,0.851782961089301,"diaz_growth"
276,191.736253494146,0.889711210239309,208.769151116801,0.851629160770237,"diaz_growth"
277,189.464803605052,0.889231005204741,209.08230291671,0.851487159632987,"diaz_growth"
278,187.287022315403,0.888791639445889,209.402690230993,0.851356440085362,"diaz_growth"
279,185.194952868885,0.888390287674838,209.729562607579,0.85123647713112,"diaz_growth"
280,183.181240553577,0.88802417514762,210.062172167975,0.851126738790369,"diaz_growth"
281,181.239113361975,0.88769060443978,210.399779393442,0.851026678436757,"diaz_growth"
282,179.362360400305,0.887386978799199,210.74166453179,0.850935753337697,"diaz_growth"
283,177.545307680663,0.887110820446426,211.087133382163,0.850853424522541,"diaz_growth"
284,175.779900501308,0.886845198545647,211.384743745337,0.850574834313789,"diaz_growth"
285,174.064954507141,0.886605306768156,211.740087202916,0.850527191581102,"diaz_growth"
286,172.396071029738,0.886388316734382,212.095337545911,0.850479316191453,"diaz_growth"
287,170.769330724805,0.886191825268851,212.450679853284,0.850433696088501,"diaz_growth"
288,169.176658353614,0.885989761281604,212.724809327137,0.850067015751898,"diaz_growth"
289,167.620197889238,0.885807438973867,213.082083071028,0.850038038205545,"diaz_growth"
290,166.097070606558,0.885642794123604,213.438568144092,0.850012090940295,"diaz_growth"
291,164.604714615689,0.885493993867283,213.79407110514,0.849989581213396,"diaz_growth"
292,163.14085001758,0.885359403570507,214.148359915624,0.84997064845719,"diaz_growth"
293,161.703232883203,0.885236385826281,214.49531124235,0.849931987426818,"diaz_growth"
294,160.290299311607,0.885124941060375,214.846414614413,0.849920034803878,"diaz_growth"
295,158.90043782003,0.885023888036918,215.195591379307,0.849911461963281,"diaz_growth"
296,157.532212502579,0.884932172515045,215.542627207191,0.849906153131679,"diaz_growth"
297,156.184342550039,0.884848854082432,215.887321165811,0.849903993333345,"diaz_growth"
298,154.855118902515,0.88476986571351,216.21107004221,0.849832493937548,"diaz_growth"
299,153.543676743653,0.884695291957904,216.534135846095,0.849772108904859,"diaz_growth"
300,152.249634657016,0.884627520388329,216.870976601698,0.849780019366527,"diaz_growth"
301,150.972150043207,0.884565864755932,217.204719872983,0.849790461417623,"diaz_growth"
302,149.710465784731,0.884509717906114,217.535240113261,0.849803481384355,"diaz_growth"
303,148.463899755347,0.884458541019322,217.862408763944,0.849819104368382,"diaz_growth"
304,147.231835771893,0.884411854755394,218.186097239321,0.849837350346002,"diaz_growth"
305,146.013715756814,0.884369231782149,218.506178183358,0.849858242851708,"diaz_growth"
306,144.809032933282,0.884330290388127,218.822525914994,0.849881813986794,"diaz_growth"
307,143.617325906197,0.884294688976992,219.13501641989,0.849908107271478,"diaz_growth"
308,142.438173504962,0.884262121293782,219.443527045298,0.849937179048544,"diaz_growth"
309,141.271190284334,0.884232312280845,219.747936144467,0.849969099471627,"diaz_growth"
310,140.11602259256,0.884205014470004,220.048122611095,0.850003952904644,"diaz_growth"
311,138.972345129619,0.884180004838862,220.343965395879,0.850041838132734,"diaz_growth"
312,137.839857276156,0.884157077880887,220.635275836977,0.850082609623018,"diaz_growth"
313,136.718282259366,0.88413605479492,220.922041879836,0.850126820826512,"diaz_growth"
314,135.607363250127,0.884116771473468,221.204105658219,0.850174482604085,"diaz_growth"
315,134.506861650533,0.884099078847746,221.481337504034,0.850225736432007,"diaz_growth"
316,133.416536398614,0.884082716196963,221.749184876245,0.850263788452249,"diaz_growth"
317,132.33620128875,0.884067698333985,222.016543227521,0.850323452658272,"diaz_growth"
318,131.265662106552,0.88405391142681,222.278659261176,0.850387196799567,"diaz_growth"
319,130.204736825428,0.884041251899181,222.53539349789,0.850455228354824,"diaz_growth"
320,129.153254457919,0.884029625389138,222.786601212361,0.850527764176305,"diaz_growth"
321,128.111054031576,0.884018945836804,223.03213194159,0.850605029839239,"diaz_growth"
322,127.077983673693,0.884009134680854,223.27182900162,0.850687258871845,"diaz_growth"
323,126.053899791334,0.884000120145806,223.505528911647,0.850774691463901,"diaz_growth"
324,125.038666335372,0.883991836607661,223.733060846802,0.850867573101233,"diaz_growth"
325,124.032154138735,0.883984224026985,223.954246052058,0.850966152853627,"diaz_growth"
326,123.034240320534,0.883977227441418,224.168897375753,0.851070681905363,"diaz_growth"
327,122.044807748662,0.883970796509729,224.376818765771,0.851181411718676,"diaz_growth"
328,121.06374455454,0.883964885101456,224.577804846466,0.851298592269211,"diaz_growth"
329,120.090943694395,0.883959450926781,224.771640538192,0.851422470200277,"diaz_growth"
330,119.126302552191,0.883954455202114,224.958100760965,0.851553287047536,"diaz_growth"
331,118.169722579879,0.883949862347379,225.136950191118,0.851691277412561,"diaz_growth"
332,117.221108971159,0.883945639711562,225.3079430673,0.851836667070851,"diaz_growth"
333,116.280370365378,0.883941757323591,225.470823146746,0.851989671397461,"diaz_growth"
334,115.347418578555,0.883938187665807,225.62532361465,0.852150493368443,"diaz_growth"
335,114.422168358893,0.88393490546785,225.771167269497,0.852319322364828,"diaz_growth"
336,113.504537164364,0.883931887518804,225.908066594824,0.85249633231522,"diaz_growth"
337,112.594444960278,0.883929112495868,226.035724032684,0.852681680379176,"diaz_growth"
338,111.691814034906,0.883926560807945,226.153832313645,0.852875505635058,"diaz_growth"
339,110.796568831471,0.883924214452727,226.262074871087,0.85307792789158,"diaz_growth"
340,109.908635744779,0.883922056482398,226.353280062234,0.853263238853073,"diaz_growth"
341,109.027943137278,0.883920072130785,226.441341266833,0.853485149937455,"diaz_growth"
342,108.154421049923,0.883918247417359,226.518493518997,0.853715727713036,"diaz_growth"
343,107.288001141857,0.883916569491068,226.584392276552,0.853955019163331,"diaz_growth"
344,106.428616584035,0.883915026538205,226.638686519353,0.854203046519849,"diaz_growth"
345,105.576201962012,0.883913607698014,226.681019852409,0.854459807883974,"diaz_growth"
346,104.730693187086,0.883912302985307,226.711031200562,0.854725276246922,"diaz_growth"
347,103.892027415024,0.883911103219488,226.728356070679,0.854999400607468,"diaz_growth"
348,103.060142971697,0.883909999959409,226.732627440296,0.855282105661455,"diaz_growth"
349,102.234979285015,0.883908985443584,226.723476855825,0.855573292281459,"diaz_growth"
350,101.41647682258,0.883908052535272,226.700535430023,0.855872837636545,"diaz_growth"
351,100.604577034573,0.883907194672056,226.66343495983,0.856180595805137,"diaz_growth"
352,99.79922230128,0.883906405818495,226.611472228665,0.856495125425875,"diaz_growth"
353,99.0003558854018,0.883905680426433,226.544872537919,0.85681846076027,"diaz_growth"
354,98.2079218876757,0.883905013393118,226.462957032643,0.857149183845235,"diaz_growth"
355,97.4218652065608,0.88390440002646,226.365531490537,0.857487669561403,"diaz_growth"
356,96.6421315010285,0.883903836011551,226.252186002594,0.857833434466456,"diaz_growth"
357,95.8686671564196,0.883903317380412,226.122568467668,0.858186168066158,"diaz_growth"
358,95.1014192530296,0.883902840484094,225.97633840213,0.858545555248015,"diaz_growth"
359,94.340335537194,0.883902401966995,225.813146874935,0.85891119723531,"diaz_growth"
360,93.5853643944715,0.883901998741524,225.630213940546,0.859273382610717,"diaz_growth"
361,92.8364548256872,0.883901627971954,225.432465201131,0.859651677725321,"diaz_growth"
362,92.0935564236658,0.883901287048653,225.216825602813,0.860035144859648,"diaz_growth"
363,91.3566193525442,0.88390097357179,224.983025446316,0.860423456062093,"diaz_growth"
364,90.6255943284508,0.88390068533446,224.730807181089,0.860816266858229,"diaz_growth"
365,89.9004326016343,0.883900420307172,224.459926367928,0.861213218134722,"diaz_growth"
366,89.1810859397827,0.883900176622263,224.167484618554,0.86160368346135,"diaz_growth"
1,100,1,124.788048653548,1,"GUTS+Growth"
2,97.3947367918123,1,124.788048653548,1,"GUTS+Growth"
3,94.9172772107046,0.999999944843732,124.552934027328,0.999999196291936,"GUTS+Growth"
4,92.5610222388749,0.999999835372121,124.313422923793,0.99999839178701,"GUTS+Growth"
5,90.3196702853891,0.999999672580336,124.0694968917,0.999997582780389,"GUTS+Growth"
6,88.1871748992914,0.999999117051398,123.820553215279,0.999991927127484,"GUTS+Growth"
7,86.1578097538582,0.999998333501224,123.567474350356,0.999988453683468,"GUTS+Growth"
8,84.2261138416915,0.999997525050665,123.310349071845,0.999987716678831,"GUTS+Growth"
9,82.3868620995171,0.999996696300842,123.048871216921,0.999986982942341,"GUTS+Growth"
10,80.6350742085569,0.999995851526357,122.783081711227,0.9999862524424,"GUTS+Growth"
11,78.9660059354676,0.999994994639324,122.513028685782,0.999985525004271,"GUTS+Growth"
12,77.3751408216201,0.999994129242439,122.238766297882,0.999984801350301,"GUTS+Growth"
13,75.858182124333,0.999993258616472,121.960353448661,0.999984082041311,"GUTS+Growth"
14,74.4110449571111,0.999992385790562,121.677852916979,0.999983368520279,"GUTS+Growth"
15,73.0298485643819,0.99999151346896,121.391330264381,0.999982661015227,"GUTS+Growth"
16,71.7109087271647,0.999990644184486,121.100853521211,0.999981961680477,"GUTS+Growth"
17,70.4507302427025,0.999989780158548,120.806492111229,0.999981270418028,"GUTS+Growth"
18,69.2459995093557,0.999988923387989,120.508316779814,0.999980588041724,"GUTS+Growth"
19,68.0935771952285,0.999988075656626,120.206399103918,0.999979915228296,"GUTS+Growth"
20,66.9904910034705,0.999987238547232,119.900811207874,0.999979252529789,"GUTS+Growth"
21,65.9339285455504,0.999986413453413,119.59162554,0.999978600385677,"GUTS+Growth"
22,64.9212303362173,0.999985601591014,119.278914695733,0.999977959134352,"GUTS+Growth"
23,63.9498829248564,0.999984804008822,118.962751275013,0.999977329023776,"GUTS+Growth"
24,63.0175121778099,0.999984021598508,118.64320776372,0.999976710221203,"GUTS+Growth"
25,62.1218767252427,0.999983255103793,118.320356431038,0.999976102821979,"GUTS+Growth"
26,61.260857091003,0.999982431779381,117.994123555986,0.99997427224614,"GUTS+Growth"
27,60.4324225838953,0.999980954946579,117.66351339413,0.999962137607451,"GUTS+Growth"
28,59.6347083347926,0.99997906167979,117.330212339644,0.999953377691329,"GUTS+Growth"
29,58.8659762841459,0.999977315911304,116.995007533769,0.999954145382034,"GUTS+Growth"
30,58.1245556568738,0.999975700138409,116.656818856497,0.999954665258497,"GUTS+Growth"
31,57.4088547008401,0.99997387489749,116.315012860651,0.999948894902243,"GUTS+Growth"
32,56.7174009021008,0.999971959737182,115.97061959608,0.999945070469615,"GUTS+Growth"
33,56.0488157792875,0.999970201288691,115.624016597384,0.999945890551234,"GUTS+Growth"
34,55.4017880704819,0.99996858269408,115.274705437702,0.999946496599561,"GUTS+Growth"
35,54.7750840934276,0.99996708074593,114.922735912649,0.999946750322322,"GUTS+Growth"
36,54.1675447336609,0.999965691604597,114.568217142937,0.999947039169998,"GUTS+Growth"
37,53.5780798141123,0.99996440609864,114.211200135825,0.999947256951496,"GUTS+Growth"
38,53.0056643506184,0.999963215752093,113.851748291313,0.999947416013592,"GUTS+Growth"
39,52.4493346234556,0.99996211268315,113.489923278156,0.999947525332983,"GUTS+Growth"
40,51.9081821366253,0.999961045881513,113.125668172097,0.999946558219782,"GUTS+Growth"
41,51.3813572704922,0.999960060600731,112.759293307109,0.999946744822043,"GUTS+Growth"
42,50.8680579158789,0.99995914831728,112.390714876344,0.99994685204651,"GUTS+Growth"
43,50.3675286799597,0.999958294389603,112.019968140658,0.99994670891419,"GUTS+Growth"
44,49.8790588091537,0.999957499990158,111.647148988453,0.999946701888821,"GUTS+Growth"
45,49.4019780288189,0.999956759856582,111.272288873982,0.999946661777586,"GUTS+Growth"
46,48.9356540654192,0.99995606935664,110.895436724316,0.999946594466994,"GUTS+Growth"
47,48.4794900102852,0.999955424398856,110.516638865318,0.999946503896146,"GUTS+Growth"
48,48.0329219238332,0.999954821375846,110.135938947472,0.999946392960687,"GUTS+Growth"
49,47.5954155602691,0.99995423298953,109.753296121618,0.999945519448803,"GUTS+Growth"
50,47.1664683000154,0.999953686958531,109.368930618582,0.999945543629953,"GUTS+Growth"
51,46.7456034336259,0.99995317887938,108.982771039243,0.999945499984757,"GUTS+Growth"
52,46.3323705446469,0.999952705363525,108.594851636348,0.999945408578427,"GUTS+Growth"
53,45.9263445539962,0.999952263736738,108.205203178722,0.999945283042397,"GUTS+Growth"
54,45.527125009596,0.999951851822864,107.813853387181,0.99994513249111,"GUTS+Growth"
55,45.134335561812,0.999951467779591,107.42082737249,0.999944962570323,"GUTS+Growth"
56,44.7476227383637,0.9999510917176,107.026065916593,0.999944008125271,"GUTS+Growth"
57,44.3666583116414,0.99995074639159,106.629779140958,0.999944031085081,"GUTS+Growth"
58,43.9911358071664,0.999950428447403,106.231874010209,0.999943974099069,"GUTS+Growth"
59,43.6207712589618,0.99995013534539,105.832373492915,0.99994386315821,"GUTS+Growth"
60,43.2553026021206,0.999949865059764,105.431299753454,0.999943715597379,"GUTS+Growth"
61,42.8944889236683,0.999949615884296,105.028674884879,0.999943542791354,"GUTS+Growth"
62,42.5381095654923,0.999949386319485,104.624521538052,0.999943352609322,"GUTS+Growth"
63,42.1859625610954,0.999949162503712,104.218767247293,0.999942228736468,"GUTS+Growth"
64,41.8378652412522,0.999948959672421,103.811656478798,0.999942279708488,"GUTS+Growth"
65,41.4936509948438,0.999948775139063,103.403082808701,0.999942239495282,"GUTS+Growth"
66,41.1531687739148,0.999948606856957,102.993076983374,0.99994213888183,"GUTS+Growth"
67,40.8162817745688,0.999948453177132,102.581670019938,0.999941997226365,"GUTS+Growth"
68,40.4828661362406,0.999948312714914,102.168893642521,0.999941827399691,"GUTS+Growth"
69,40.1528096836727,0.999948184271265,101.754780411562,0.999941638187233,"GUTS+Growth"
70,39.8260107311651,0.999948066775168,101.339363549269,0.999941433979809,"GUTS+Growth"
71,39.5023769655341,0.999947959281788,100.922677510437,0.999941221954795,"GUTS+Growth"
72,39.1818244131121,0.999947860922284,100.504756858314,0.999941002590518,"GUTS+Growth"
73,38.8642764894227,0.999947770647287,100.085630061646,0.999940709146712,"GUTS+Growth"
74,38.5496631842571,0.999947688102205,99.6653494854738,0.999940508637564,"GUTS+Growth"
75,38.2379202604735,0.999947612579523,99.2439404198083,0.999940294581629,"GUTS+Growth"
76,37.9289885951831,0.999947543449052,98.8214394658357,0.999940070801604,"GUTS+Growth"
77,37.6228135818196,0.999947480144328,98.397883200525,0.999939839649403,"GUTS+Growth"
78,37.3193446040924,0.999947422154811,97.9733082196369,0.999939603318321,"GUTS+Growth"
79,37.0185345730746,0.999947368978063,97.5477483008688,0.999939335524052,"GUTS+Growth"
80,36.7203395287216,0.999947320255048,97.1212466056133,0.99993910714429,"GUTS+Growth"
81,36.424718233674,0.999947274301454,96.6937138448498,0.999937622144252,"GUTS+Growth"
82,36.1316320218717,0.999947232380918,96.2654554208165,0.999937663189068,"GUTS+Growth"
83,35.8410443592418,0.999947194063892,95.8363509194974,0.999937622185823,"GUTS+Growth"
84,35.5529206743589,0.999947158994155,95.4064383305205,0.999937524998807,"GUTS+Growth"
85,35.2672281524685,0.999947126867274,94.975754540406,0.99993738926966,"GUTS+Growth"
86,34.9839355554021,0.999947097417225,94.5443355534602,0.999937226785709,"GUTS+Growth"
87,34.7030130638092,0.999947070407862,94.1122166343119,0.999937045055595,"GUTS+Growth"
88,34.424432138655,0.999947045627598,93.6794324921025,0.999936849357452,"GUTS+Growth"
89,34.1481653993475,0.999947022885642,93.2460173373408,0.99993664347097,"GUTS+Growth"
90,33.8741865162458,0.999947002009002,92.8120048227889,0.999936429179393,"GUTS+Growth"
91,33.6024701156511,0.999946982840415,92.3774281513314,0.999936207568876,"GUTS+Growth"
92,33.3329916956412,0.999946965237061,91.9423203354501,0.999935982021262,"GUTS+Growth"
93,33.0657275512923,0.999946949068507,91.5067136232147,0.999935752195083,"GUTS+Growth"
94,32.8006547081489,0.999946934215644,91.070639881687,0.999935518358532,"GUTS+Growth"
95,32.5377508563445,0.999946920369047,90.6339066258819,0.999932810635212,"GUTS+Growth"
96,32.2769943182095,0.999946907660103,90.1970212567416,0.999932875613322,"GUTS+Growth"
97,32.0183639787604,0.999946895991132,89.7597571767749,0.999932890834186,"GUTS+Growth"
98,31.7618392509616,0.999946885274179,89.3221454524697,0.999932868955396,"GUTS+Growth"
99,31.5074000373397,0.999946875429564,88.884216232923,0.999932818766803,"GUTS+Growth"
100,31.2550266954134,0.999946866384813,88.445998839005,0.999932746394279,"GUTS+Growth"
101,31.0047000065015,0.999946858073842,88.0075218344385,0.999932656339251,"GUTS+Growth"
102,30.7564011475327,0.999946850436264,87.5688129697522,0.999932551099995,"GUTS+Growth"
103,30.5101116655298,0.999946843416858,87.1298993748135,0.999932433632819,"GUTS+Growth"
104,30.265813454477,0.999946836965067,86.6908073771984,0.999932305566772,"GUTS+Growth"
105,30.0234887343213,0.999946831034576,86.2515625877229,0.999932168451232,"GUTS+Growth"
106,29.7831200318842,0.99994682558293,85.8121898269862,0.999932023174592,"GUTS+Growth"
107,29.5446901634586,0.99994682057017,85.3727016803336,0.999931736155235,"GUTS+Growth"
108,29.3081822190807,0.999946815962006,84.933149268837,0.99993163383199,"GUTS+Growth"
109,29.0735795479666,0.999946811725497,84.4935371513632,0.999931507752111,"GUTS+Growth"
110,28.8408657453713,0.999946807830469,84.0538875780276,0.999931365135279,"GUTS+Growth"
111,28.610024640526,0.999946804249256,83.6142217868495,0.999931211003592,"GUTS+Growth"
112,28.3810402855979,0.999946800956467,83.1745600609915,0.999931048897444,"GUTS+Growth"
113,28.1538969455744,0.999946797928794,82.734921735943,0.99993088095766,"GUTS+Growth"
114,27.9285790889843,0.99994679514483,82.2953253124552,0.999930709238683,"GUTS+Growth"
115,27.705071379379,0.99994679258491,81.8557884642455,0.999930535717522,"GUTS+Growth"
116,27.4833586675018,0.999946790230969,81.4163279545613,0.999930361118411,"GUTS+Growth"
117,27.2634259840834,0.999946788066402,80.9769598053728,0.999930186749955,"GUTS+Growth"
118,27.0452585332052,0.999946786075942,80.5376980752967,0.999929999057106,"GUTS+Growth"
119,26.8288416861815,0.999946784245581,80.098560208279,0.999929835618623,"GUTS+Growth"
120,26.6141609759099,0.999946782562428,79.6595579148627,0.999929671648846,"GUTS+Growth"
121,26.4012020916513,0.999946781014631,79.2207044139462,0.999929509152958,"GUTS+Growth"
122,26.1899508742007,0.999946779591295,78.7820122583052,0.999929349472659,"GUTS+Growth"
123,25.9803933114131,0.999946778282406,78.3434933915647,0.999929193315333,"GUTS+Growth"
124,25.7725155340539,0.999946777078755,77.9051593039903,0.999929041980272,"GUTS+Growth"
125,25.5663038119456,0.999946775971878,77.4670210002478,0.999928896130336,"GUTS+Growth"
126,25.3617445503841,0.999946774953988,77.0290887001887,0.999928750991191,"GUTS+Growth"
127,25.1588242868022,0.999946774017932,76.5913738395027,0.999928621351893,"GUTS+Growth"
128,24.957529687658,0.999946773157128,76.1538860452276,0.999928501391967,"GUTS+Growth"
129,23.7986900720327,0.961207281056794,75.71663488851,0.999928386158494,"GUTS+Growth"
130,22.8362884174879,0.929775715979102,72.2048601136513,0.959086555071932,"GUTS+Growth"
131,14.7668861694543,0.60608042769991,69.2981890226877,0.925849049856618,"GUTS+Growth"
132,14.6487391057645,0.606080349357843,44.81227908972,0.60222044529667,"GUTS+Growth"
133,14.5315382655702,0.606080277319883,44.553178333598,0.602269181038062,"GUTS+Growth"
134,14.4152759869834,0.606080211070975,44.2898403870962,0.602258526291339,"GUTS+Growth"
135,14.2999446707243,0.606080149850334,43.9880040257233,0.601718663591475,"GUTS+Growth"
136,14.1855368000178,0.606080093540706,43.7220729654468,0.601663864105568,"GUTS+Growth"
137,22.4849944353989,0.604363556953354,43.4563082938249,0.601608029698918,"GUTS+Growth"
138,30.1725283535543,0.603488152117855,43.2457653045983,0.601147214887471,"GUTS+Growth"
139,37.8981587011069,0.602953592890927,43.0730282586521,0.601070208858431,"GUTS+Growth"
140,52.532267400758,0.602378305115121,42.9179123504086,0.601012710465418,"GUTS+Growth"
141,66.4318776967729,0.602058411797311,42.8467684377073,0.60093152232521,"GUTS+Growth"
142,79.9230348673538,0.601847051778779,42.7961015096587,0.600816068205745,"GUTS+Growth"
143,98.91739749156,0.601629463348117,42.762949671876,0.600581210323978,"GUTS+Growth"
144,117.07877945793,0.601481748741828,42.8194302283876,0.600407054894606,"GUTS+Growth"
145,134.602012119384,0.60117280970409,42.7173592930633,0.597551187791574,"GUTS+Growth"
146,154.206375828366,0.590246994407354,42.6063332621474,0.59409659545021,"GUTS+Growth"
147,174.430743043281,0.589495126701246,41.855065104342,0.580558381762334,"GUTS+Growth"
148,194.102773954579,0.589044674905527,41.8007958418155,0.576318186066852,"GUTS+Growth"
149,218.042019410316,0.588502285976399,41.7922460051688,0.572192931972071,"GUTS+Growth"
150,222.799666875602,0.546157757632779,41.8918333470537,0.568397885137719,"GUTS+Growth"
151,233.92863594494,0.526931824714106,38.9987734689148,0.523998950858291,"GUTS+Growth"
152,256.032072354218,0.526685496769174,37.7085064030925,0.501270986294936,"GUTS+Growth"
153,276.528936387026,0.526517238131346,38.1662024496362,0.501017809534858,"GUTS+Growth"
154,296.173437009192,0.526386594931642,38.6284442493114,0.500370988867243,"GUTS+Growth"
155,318.107393679558,0.526267637024876,39.120809541362,0.499612119402373,"GUTS+Growth"
156,338.637680150021,0.526167044806105,39.6801613875173,0.49885230904962,"GUTS+Growth"
157,358.159586030905,0.526077745175421,40.2760065453059,0.498099327141286,"GUTS+Growth"
158,379.052689689743,0.525990975104373,40.911302235294,0.497372913105262,"GUTS+Growth"
159,398.720815594041,0.525912033405821,41.6087608541401,0.496697592150022,"GUTS+Growth"
160,417.681866813014,0.525838339634077,42.3448927718259,0.496058538097589,"GUTS+Growth"
161,437.260447024228,0.525766691215557,43.1229338234993,0.495462313611713,"GUTS+Growth"
162,455.911286504886,0.525646583459115,43.1432069347014,0.485780345016603,"GUTS+Growth"
163,473.021213009683,0.525575086745238,44.1097582691344,0.48651406131195,"GUTS+Growth"
164,491.073868594317,0.525532703399053,45.0801124068497,0.486947593866844,"GUTS+Growth"
165,508.377898065528,0.525513596352583,46.090613591671,0.487271893062309,"GUTS+Growth"
166,524.356209583752,0.525511911115876,47.13227155698,0.487551402553072,"GUTS+Growth"
167,539.80195242045,0.525523371784045,48.2008466228924,0.487818345828626,"GUTS+Growth"
168,555.113985568834,0.525545475719604,49.3030982271855,0.488096280265243,"GUTS+Growth"
169,569.585439950888,0.52557603520433,50.4422996502797,0.488396196799543,"GUTS+Growth"
170,582.56883271987,0.525612993107512,51.6108656165244,0.488716251638157,"GUTS+Growth"
171,595.25734343661,0.525656012507652,52.8002913092992,0.489052661301761,"GUTS+Growth"
172,607.624531010872,0.525704163066484,54.0191084587851,0.489412231087949,"GUTS+Growth"
173,618.125751553275,0.525754909638408,55.2655213450086,0.489792407316962,"GUTS+Growth"
174,627.709741309434,0.525808549798029,56.5224490055569,0.490181074221921,"GUTS+Growth"
175,637.826830323907,0.525866347597778,57.7949774101879,0.49058141938131,"GUTS+Growth"
176,646.183620998233,0.525924478474158,59.0947097614978,0.490998704151637,"GUTS+Growth"
177,653.427467550135,0.525983248217907,60.3982859764324,0.491416337681475,"GUTS+Growth"
178,661.544105286068,0.526045244834691,61.7078114247121,0.491834976306962,"GUTS+Growth"
179,668.095264658413,0.526105821838256,63.0397747541898,0.492261687220663,"GUTS+Growth"
180,673.553896193066,0.526165172012297,64.3698754860307,0.492679960662165,"GUTS+Growth"
181,679.781255044259,0.526226121448839,65.6987892451228,0.493089119588868,"GUTS+Growth"
182,684.714638475329,0.526266745093826,66.6482756632826,0.490597928763651,"GUTS+Growth"
183,688.362451917408,0.526312939612518,68.0364729359655,0.491412999160474,"GUTS+Growth"
184,692.997607988921,0.52636478356098,69.3990577618802,0.492081666129206,"GUTS+Growth"
185,696.287705978382,0.526414737265945,70.7617324887242,0.492663434935684,"GUTS+Growth"
186,698.828045049262,0.526462120907824,72.1051401367721,0.493171652607061,"GUTS+Growth"
187,701.988333052174,0.526508913571064,73.4337820106008,0.493621807195258,"GUTS+Growth"
188,704.162629072222,0.526550030677759,74.7602237642981,0.494026771626273,"GUTS+Growth"
189,705.961236070757,0.526586209102275,76.0693165635032,0.494382999076745,"GUTS+Growth"
190,707.977279992076,0.526618465279709,77.3650773915463,0.494694234904747,"GUTS+Growth"
191,709.067721346809,0.526642973292485,78.6522827546629,0.494962752940635,"GUTS+Growth"
192,709.894689667408,0.526661240461379,79.9194386792502,0.49518350108059,"GUTS+Growth"
193,710.61281606419,0.526673464586609,81.1712059991257,0.495358749494664,"GUTS+Growth"
194,710.373345785294,0.526676622924647,82.4083465070189,0.495488595914394,"GUTS+Growth"
195,710.673260260583,0.526648601712523,81.7561158933691,0.484511908693609,"GUTS+Growth"
196,709.969526141654,0.526621506133359,83.0696923074181,0.485348009614256,"GUTS+Growth"
197,708.727386108609,0.526593127138987,84.339667890967,0.486003619677907,"GUTS+Growth"
198,707.869721402842,0.526565212219923,85.5765896895772,0.486529793760081,"GUTS+Growth"
199,705.395829763515,0.526527999260771,86.793462691983,0.486960614832666,"GUTS+Growth"
200,702.895777712587,0.526487599103101,87.9741811419088,0.487307005956595,"GUTS+Growth"
201,700.843072225499,0.52644617310115,89.1340230973039,0.487588995466931,"GUTS+Growth"
202,696.927092645874,0.526391645153739,90.2793367153409,0.487818385115305,"GUTS+Growth"
203,692.977134921152,0.526333096417236,91.3891772507264,0.487992782428682,"GUTS+Growth"
204,689.364329844532,0.526272706871371,92.4796245075904,0.488125058001765,"GUTS+Growth"
205,683.777548451561,0.526196464615806,93.5551992482287,0.488221278856322,"GUTS+Growth"
206,678.061300086176,0.526114695944879,94.5941941440973,0.488275713959721,"GUTS+Growth"
207,672.700130377367,0.526030205614829,95.612264695003,0.488298569196985,"GUTS+Growth"
208,665.164184130311,0.525925059354505,96.6145987547606,0.488294524657052,"GUTS+Growth"
209,657.625543822781,0.525812454141396,97.577167611299,0.488256260138831,"GUTS+Growth"
210,650.853389854248,0.525696746260067,98.5183532030781,0.488193978855755,"GUTS+Growth"
211,641.545902056878,0.525551776932306,99.4462472667371,0.488112645819203,"GUTS+Growth"
212,632.445552859588,0.525394797688696,100.329682921324,0.488001473567614,"GUTS+Growth"
213,624.130217955595,0.525227205555447,101.192005646283,0.487871947215432,"GUTS+Growth"
214,612.98797957752,0.525019272284985,102.03965377824,0.48772768689257,"GUTS+Growth"
215,602.014215247749,0.524787902312241,102.838277292647,0.487556524191072,"GUTS+Growth"
216,591.815466737675,0.524531595993787,103.613072556384,0.487369720213874,"GUTS+Growth"
217,579.1218021731,0.524227725976221,104.370551461899,0.487170280787339,"GUTS+Growth"
218,566.56113857555,0.523884339494016,105.079605880596,0.48694735896811,"GUTS+Growth"
219,555.046091877437,0.52349545755776,105.762222042398,0.486709962562773,"GUTS+Growth"
220,540.663386128087,0.523006391200892,105.038587761895,0.480111549541824,"GUTS+Growth"
221,526.767665617791,0.522416573541166,104.930705018959,0.476610272354677,"GUTS+Growth"
222,513.887945110158,0.521759815745263,105.618147864521,0.476837985693791,"GUTS+Growth"
223,497.83222465504,0.521088949092281,106.264828906038,0.476951010892678,"GUTS+Growth"
224,482.579009355439,0.520292176721056,105.916534362278,0.47285674703568,"GUTS+Growth"
225,468.421944087857,0.519336983906357,104.734870557748,0.465195983233965,"GUTS+Growth"
226,450.91807685961,0.518464585745353,105.304462246238,0.465424160017945,"GUTS+Growth"
227,434.455493805749,0.517507842894315,105.757242833273,0.465383377462448,"GUTS+Growth"
228,418.989237475347,0.51645843606938,106.209444793892,0.465433872839107,"GUTS+Growth"
229,400.21128005253,0.515696379902445,106.636484024218,0.465461774795073,"GUTS+Growth"
230,382.437571435992,0.514904900307832,106.996824660225,0.465460174970654,"GUTS+Growth"
231,365.617606523219,0.514084580564021,107.327346958006,0.465436659488723,"GUTS+Growth"
232,349.703348131277,0.513236181920641,107.629162863874,0.465391841384573,"GUTS+Growth"
233,334.649107587101,0.512360653553746,107.903542599436,0.46532660550296,"GUTS+Growth"
234,320.411428072795,0.511459137485614,108.151859999912,0.465241942327016,"GUTS+Growth"
235,306.948974061568,0.51053297302179,108.375586699647,0.465138991379097,"GUTS+Growth"
236,294.222424880834,0.50958369787982,108.57626406929,0.465018984768373,"GUTS+Growth"
237,282.194372672843,0.508613046245983,108.755482517833,0.464883218211646,"GUTS+Growth"
238,270.805288306646,0.507578078939153,108.587811538828,0.463337518072437,"GUTS+Growth"
239,260.047890859702,0.506527419438381,108.744361715242,0.463242036581242,"GUTS+Growth"
240,249.889405994818,0.505462756997802,108.878280787893,0.463108667856379,"GUTS+Growth"
241,240.298795345116,0.504386199236882,108.993390141014,0.462948244241984,"GUTS+Growth"
242,231.246604156077,0.503300162767212,109.092680890592,0.462768082507745,"GUTS+Growth"
243,222.704839519329,0.502207290839114,109.178608075863,0.462573292749901,"GUTS+Growth"
244,214.64686928896,0.501110387954321,109.253267084076,0.462367569850435,"GUTS+Growth"
245,207.047335586066,0.500012365427302,109.31850039597,0.462153678333843,"GUTS+Growth"
246,199.882079469477,0.498916195365741,109.375967972749,0.461933775715499,"GUTS+Growth"
247,193.128073990395,0.49782487047325,109.427188718291,0.461709608160235,"GUTS+Growth"
248,186.763363778765,0.496741368092815,109.473564296423,0.461482627717767,"GUTS+Growth"
249,180.767009930884,0.495668617655108,109.516392930743,0.461254064323987,"GUTS+Growth"
250,175.119039783997,0.494609472380633,109.556883710368,0.461024997506335,"GUTS+Growth"
251,169.800400781081,0.493566684842119,109.596166484024,0.46079640737672,"GUTS+Growth"
252,164.792917093513,0.49254288397374,109.63528955139,0.460569172484241,"GUTS+Growth"
253,160.079248916617,0.491540554144333,109.675220261756,0.460344078381821,"GUTS+Growth"
254,155.642853654816,0.490562014713197,109.71683881894,0.460121796240644,"GUTS+Growth"
255,151.467950395747,0.489609405075915,109.760953435579,0.459902949680946,"GUTS+Growth"
256,147.539486482028,0.48868467255396,109.808303517446,0.459688129847169,"GUTS+Growth"
257,143.843105290137,0.487789560732184,109.859553054777,0.459477868187962,"GUTS+Growth"
258,140.365115837702,0.486925600523154,109.915293254369,0.459272646792561,"GUTS+Growth"
259,137.092464034526,0.486094103754824,109.976044183489,0.459072903394175,"GUTS+Growth"
260,134.012129025692,0.485294071748291,110.034367791704,0.458846139490475,"GUTS+Growth"
261,131.112783378384,0.484528210170261,110.105012113492,0.458652659624694,"GUTS+Growth"
262,128.383164130561,0.483797295106901,110.18223775844,0.458467503526581,"GUTS+Growth"
263,125.812527991297,0.483101827968956,110.266117478574,0.458290209859966,"GUTS+Growth"
264,123.390636317549,0.482442059812092,110.356729237439,0.458120568123152,"GUTS+Growth"
265,121.107738523916,0.481818009098451,110.454127028358,0.457958488429927,"GUTS+Growth"
266,118.954555546167,0.481229477762624,110.558330542641,0.457803949281519,"GUTS+Growth"
267,116.922183764154,0.480675737492008,110.668183195341,0.457652265012789,"GUTS+Growth"
268,115.00230952422,0.480156478579044,110.785622214428,0.457511741267563,"GUTS+Growth"
269,113.186981003794,0.479670967046588,110.909733657986,0.45737905752377,"GUTS+Growth"
270,111.468655391903,0.479218299293903,111.040321662255,0.457254032946668,"GUTS+Growth"
271,109.840188049601,0.478797422473321,111.177158832906,0.457136508476635,"GUTS+Growth"
272,108.294822566402,0.478407154961518,111.319986402361,0.457026332513969,"GUTS+Growth"
273,106.826181494936,0.478046206158467,111.468512662986,0.456923338488479,"GUTS+Growth"
274,105.428258006546,0.477713197110029,111.622417206292,0.4568273452775,"GUTS+Growth"
275,104.095404701058,0.47740666546764,111.781301465614,0.456737937217785,"GUTS+Growth"
276,102.82233628977,0.477125132012643,111.944894122029,0.456655285149476,"GUTS+Growth"
277,101.604112415251,0.476867076611689,112.112768935809,0.45657897319875,"GUTS+Growth"
278,100.436132836269,0.476630970259231,112.284526482139,0.456508723154675,"GUTS+Growth"
279,99.3141293504606,0.476415294137617,112.459764204924,0.45644425283008,"GUTS+Growth"
280,98.2341567098819,0.476218556660013,112.638080928243,0.456385276295248,"GUTS+Growth"
281,97.1925822463292,0.476039307856206,112.819079960283,0.456331499774774,"GUTS+Growth"
282,96.1860742892757,0.475876151917381,113.002375212312,0.456282631599566,"GUTS+Growth"
283,95.2115891798664,0.475727757025698,113.187594301808,0.456238382141485,"GUTS+Growth"
284,94.2648061828959,0.475585038543785,113.347142188626,0.456088859483546,"GUTS+Growth"
285,93.3450899983024,0.475456144446646,113.537661183049,0.456063230068301,"GUTS+Growth"
286,92.4500810840439,0.475339555388748,113.728131677838,0.456037481918537,"GUTS+Growth"
287,91.5776770204439,0.475233980294803,113.918652960568,0.456012949252896,"GUTS+Growth"
288,90.7235460674172,0.475125432226474,114.065611057603,0.455816196984052,"GUTS+Growth"
289,89.8888383163894,0.475027488715839,114.25717134431,0.455800602193558,"GUTS+Growth"
290,89.0720095628479,0.474939041003956,114.448310035403,0.455786637643205,"GUTS+Growth"
291,88.27168556072,0.474859104583075,114.638923368036,0.455774521532131,"GUTS+Growth"
292,87.4866433308397,0.474786801413817,114.8288868745,0.455764328416019,"GUTS+Growth"
293,86.7156791893122,0.474720715667225,115.014915840949,0.455743556529199,"GUTS+Growth"
294,85.9579542357742,0.47466084662243,115.203173558037,0.45573711553758,"GUTS+Growth"
295,85.2126040457626,0.474606559786487,115.390399280358,0.455732491173731,"GUTS+Growth"
296,84.4788583783961,0.47455728887932,115.576478040332,0.455729621172999,"GUTS+Growth"
297,83.7560301902781,0.474512528761434,115.761302057803,0.455728443713605,"GUTS+Growth"
298,83.0432027146477,0.474470097178462,115.934892255256,0.455690074520376,"GUTS+Growth"
299,82.3399120562613,0.47443003893948,116.108117569194,0.455657670520253,"GUTS+Growth"
300,81.6459536264688,0.47439363430351,116.288733433772,0.455661904132754,"GUTS+Growth"
301,80.9608754476504,0.4743605147125,116.467689255579,0.455667498618909,"GUTS+Growth"
302,80.2842713965952,0.474330354080984,116.644917700056,0.455674478745094,"GUTS+Growth"
303,79.6157755770642,0.474302863019574,116.820349819153,0.455682857903589,"GUTS+Growth"
304,78.9550574661391,0.474277784080155,116.993916652795,0.455692646748959,"GUTS+Growth"
305,78.3018177100163,0.474254887744141,117.165549903426,0.455703857856702,"GUTS+Growth"
306,77.655784473712,0.474233968992775,117.335182175274,0.455716508410709,"GUTS+Growth"
307,77.0167102659748,0.474214844350771,117.502746970318,0.455730621734069,"GUTS+Growth"
308,76.3843691728256,0.474197349322914,117.668178525026,0.455746228042974,"GUTS+Growth"
309,75.7585544441164,0.474181336168751,117.831411620029,0.455763364977878,"GUTS+Growth"
310,75.1390763843817,0.474166671965201,117.992381330808,0.455782077818836,"GUTS+Growth"
311,74.5257605066039,0.474153236918392,118.151022768789,0.455802419599745,"GUTS+Growth"
312,73.9184455629666,0.474140920644694,118.307234796573,0.4558243123709,"GUTS+Growth"
313,73.3169830974156,0.474129627098751,118.46101098168,0.455848053009245,"GUTS+Growth"
314,72.7212353520723,0.474119268128871,118.612266711563,0.455873647471125,"GUTS+Growth"
315,72.1310743486239,0.474109763660995,118.760932500237,0.455901171774923,"GUTS+Growth"
316,71.5463707869339,0.4741009737381,118.904569797602,0.455921630723544,"GUTS+Growth"
317,70.96702479293,0.474092906213939,119.047943249338,0.455953672028414,"GUTS+Growth"
318,70.3929321964108,0.47408549994228,119.188506886269,0.455987905445512,"GUTS+Growth"
319,69.823995364914,0.474078699285433,119.326185989925,0.456024442492713,"GUTS+Growth"
320,69.2601225875443,0.474072453554951,119.460903035385,0.45606339973883,"GUTS+Growth"
321,68.7012275256124,0.474066716521724,119.592577427571,0.456104898454594,"GUTS+Growth"
322,68.1472287216629,0.47406144598442,119.721125241942,0.456149064199144,"GUTS+Growth"
323,67.5980491596223,0.474056603386707,119.84645891546,0.456196026126709,"GUTS+Growth"
324,67.0536158700133,0.47405215347654,119.968486952825,0.456245916253178,"GUTS+Growth"
325,66.5138595749747,0.474048064001668,120.087113611805,0.456298868536657,"GUTS+Growth"
326,65.9787143686209,0.474044305437052,120.202238652547,0.456355018087534,"GUTS+Growth"
327,65.4481174287702,0.474040850739973,120.313757066834,0.456414500181637,"GUTS+Growth"
328,64.9220087566405,0.474037675129611,120.421558850518,0.456477449311587,"GUTS+Growth"
329,64.4003309415112,0.474034755888242,120.525528798737,0.456543998194378,"GUTS+Growth"
330,63.8830289477257,0.474032072181606,120.625546346135,0.45661427681639,"GUTS+Growth"
331,63.3700499217144,0.474029604896306,120.721485435451,0.456688411450806,"GUTS+Growth"
332,62.8613430169915,0.474027336492388,120.813214412517,0.456766523639755,"GUTS+Growth"
333,62.3568592353205,0.474025250869521,120.900596001728,0.45684872934636,"GUTS+Growth"
334,61.8565512824311,0.474023333245313,120.98348725642,0.456935137879617,"GUTS+Growth"
335,61.3603734368679,0.474021570044598,121.06173965704,0.457025851248881,"GUTS+Growth"
336,60.8682814306861,0.474019948798523,121.13519914855,0.45712096316431,"GUTS+Growth"
337,60.380232340859,0.474018458052514,121.203706285904,0.457220558326897,"GUTS+Growth"
338,59.8961844903775,0.474017087282255,121.267096409846,0.457324711721024,"GUTS+Growth"
339,59.4160973581253,0.474015826816922,121.325199867955,0.45743348797343,"GUTS+Growth"
340,58.9399314697884,0.47401466755247,121.374176247816,0.45753312127777,"GUTS+Growth"
341,58.4676484064678,0.474013601556168,121.421464964075,0.457652373240326,"GUTS+Growth"
342,57.9992106495828,0.474012621317676,121.46290788452,0.457776286535645,"GUTS+Growth"
343,57.5345815485165,0.474011719933404,121.498320310351,0.457904886592116,"GUTS+Growth"
344,57.0737252635499,0.474010891057026,121.527514056967,0.45803818552655,"GUTS+Growth"
345,56.6166067137196,0.474010128854136,121.550298044517,0.4581761824743,"GUTS+Growth"
346,56.1631915291506,0.474009427960684,121.566478669841,0.458318863061955,"GUTS+Growth"
347,55.7134460074603,0.474008783444843,121.5758604825,0.458466200003986,"GUTS+Growth"
348,55.2673370738692,0.474008190772023,121.578246660902,0.458618152934982,"GUTS+Growth"
349,54.8248322446862,0.474007645772743,121.573439600797,0.458774668665562,"GUTS+Growth"
350,54.3858995938692,0.474007144613138,121.561241449966,0.458935681245968,"GUTS+Growth"
351,53.9505077223858,0.47400668376787,121.541454707506,0.459101112294259,"GUTS+Growth"
352,53.5186257300668,0.474006259994692,121.513702384407,0.459270189373625,"GUTS+Growth"
353,53.0902231900237,0.474005870313126,121.478104901317,0.459444001939171,"GUTS+Growth"
354,52.6652701248445,0.474005511981968,121.43429829052,0.459621789958055,"GUTS+Growth"
355,52.2437369849679,0.47400518248062,121.382178209032,0.459803753837413,"GUTS+Growth"
356,51.825594628724,0.474004879491107,121.321524746977,0.459989634076788,"GUTS+Growth"
357,51.4108143040196,0.474004600881826,121.252148954666,0.460179263778662,"GUTS+Growth"
358,50.9993676314872,0.474004344692554,121.173868097082,0.460372473519018,"GUTS+Growth"
359,50.5912265889751,0.474004109120658,121.086494903396,0.460569048993875,"GUTS+Growth"
360,50.1863634971625,0.474003892507482,120.988539375698,0.460763785447103,"GUTS+Growth"
361,49.7847510067089,0.474003693329666,120.882640718192,0.460967167300179,"GUTS+Growth"
362,49.3863620857742,0.474003510185312,120.767150777353,0.461173332565569,"GUTS+Growth"
363,48.9911700089216,0.474003341785227,120.641924715499,0.461382104733326,"GUTS+Growth"
364,48.599148346754,0.474003186943859,120.506824202778,0.461593298410514,"GUTS+Growth"
365,48.2102709563283,0.474003044570962,120.361717934253,0.461806720333991,"GUTS+Growth"
366,47.8245119722073,0.474002913663226,120.205052156597,0.462016674206886,"GUTS+Growth"
1,100,1,124.788048653548,1,"Overwinter"
2,93.3162062245576,0.958123706664223,124.788048653548,1,"Overwinter"
3,87.3576669691105,0.920355753113993,122.131338166732,0.980556909096931,"Overwinter"
4,82.0407888640911,0.886342581072247,119.66475684411,0.962603728408725,"Overwinter"
5,77.2917466057981,0.85575734560076,117.36906570513,0.945992245787648,"Overwinter"
6,73.0453322722329,0.828298081442972,115.227081718837,0.930589861805573,"Overwinter"
7,69.2439410158206,0.803686001520912,113.223453168154,0.916277899581422,"Overwinter"
8,65.8366768937699,0.781663915719467,111.344459981283,0.902950102238768,"Overwinter"
9,62.7785645376117,0.761994759070802,109.577836215128,0.890511296450221,"Overwinter"
10,60.0298540716303,0.744460219433798,107.912612196857,0.878876203122187,"Overwinter"
11,57.5554081934084,0.728859455736771,106.338974113963,0.867968378534647,"Overwinter"
12,55.324161653126,0.715007898802132,104.848139094671,0.857719271225586,"Overwinter"
13,53.3086445332071,0.702736127683835,103.432244043109,0.848067381638573,"Overwinter"
14,51.4845617554132,0.691888815307614,102.084246690666,0.838957513067219,"Overwinter"
15,49.8304221452784,0.682323737997687,100.797837499395,0.830340103759469,"Overwinter"
16,48.3272111785829,0.673910844192164,99.5673612076708,0.822170631211582,"Overwinter"
17,46.9581022343312,0.666531378286678,98.3877469451106,0.814409080706964,"Overwinter"
18,45.7082017948177,0.660077056099467,97.2544459648329,0.807019471056756,"Overwinter"
19,44.5643245758713,0.654449288921856,96.1633761484093,0.799969431293105,"Overwinter"
20,43.5147950480762,0.64955845350977,95.1108725339073,0.793229822765927,"Overwinter"
21,42.5492722304424,0.645323205690349,94.0936432016311,0.786774401711641,"Overwinter"
22,41.6585950084699,0.641669835510521,93.1087299267975,0.780579517908046,"Overwinter"
23,40.8346455548274,0.638531662050036,92.153473074542,0.774623845512055,"Overwinter"
24,40.0702287182407,0.635848466168868,91.2254802712953,0.768888142604102,"Overwinter"
25,39.3589654993076,0.633565959566746,90.3225984385759,0.763355036341566,"Overwinter"
26,38.6951989549247,0.631635288609362,89.442888821365,0.75800883095927,"Overwinter"
27,38.0739110694319,0.630012571428962,88.5846046841394,0.752835336153423,"Overwinter"
28,37.4906493036209,0.628658466843348,87.7461713839368,0.74782171365084,"Overwinter"
29,36.9414616852161,0.627537773662504,86.9261685620314,0.742956340001874,"Overwinter"
30,36.4228394387651,0.626619058970831,86.1233142243877,0.738228683846916,"Overwinter"
31,35.9316662712498,0.625874313989047,85.3364505064345,0.733629196095435,"Overwinter"
32,35.4651735340399,0.625278636136154,84.5645309402336,0.729149211626011,"Overwinter"
33,35.0209005737394,0.624809935930436,83.8066090621262,0.72478086126791,"Overwinter"
34,34.5966596655075,0.624448667390565,83.061828216716,0.720516992961189,"Overwinter"
35,34.1905049938486,0.624177580624294,82.3294124288397,0.716351101114911,"Overwinter"
36,33.8007052088278,0.623981495322694,81.6086582292058,0.712277263293009,"Overwinter"
37,33.42571914117,0.623847093912015,80.8989273318596,0.708290083455983,"Overwinter"
38,33.0641743086343,0.623762733151441,80.1996400727195,0.704384641074983,"Overwinter"
39,32.714847889207,0.623718273001116,79.5102695282914,0.700556445513756,"Overwinter"
40,32.376649874703,0.623704921617823,78.830336242438,0.696801395144172,"Overwinter"
41,32.0486081519236,0.623715095361466,78.1594034968847,0.693115740722852,"Overwinter"
42,31.7298552881155,0.623742292709591,77.497073068085,0.689496052609954,"Overwinter"
43,31.4196168235825,0.623780980975252,76.8429814192505,0.685939191456034,"Overwinter"
44,31.1172008973308,0.623826494702745,76.1967962818526,0.68244228201844,"Overwinter"
45,30.8219890519529,0.623874944577046,75.5582135858008,0.679002689794274,"Overwinter"
46,30.533428081878,0.6239231356328,74.9269547018712,0.675618000172324,"Overwinter"
47,30.2510228049452,0.623968493501084,74.3027639638414,0.672285999812286,"Overwinter"
48,29.9743296512154,0.624008997407458,73.6854064412598,0.669004659958647,"Overwinter"
49,29.7029509752645,0.62404311865679,73.0746659368603,0.665772121393162,"Overwinter"
50,29.4365300090829,0.624069763430609,72.4703431853916,0.66258668073009,"Overwinter"
51,29.1747463823105,0.624088218893448,71.8722542330861,0.65944677776872,"Overwinter"
52,28.9173121450197,0.624098101852784,71.2802289791827,0.656350983643644,"Overwinter"
53,28.6639682357506,0.624099309521963,70.6941098628759,0.653297989556981,"Overwinter"
54,28.414481344117,0.62409197226153,70.113750680808,0.65028659593671,"Overwinter"
55,28.1686411231486,0.624076408477833,69.5390155217788,0.647315701935376,"Overwinter"
56,27.9262577116959,0.624053082097172,68.9697778067399,0.644384295255017,"Overwinter"
57,27.6871595317886,0.624022563178046,68.4059194233843,0.641491442347237,"Overwinter"
58,27.4511913298691,0.623985492259614,67.8473299457511,0.638636279083672,"Overwinter"
59,27.2182124343861,0.623942548976189,67.2939059302607,0.635818002016317,"Overwinter"
60,26.9880952053856,0.623894425316594,66.7455502804806,0.633035860348188,"Overwinter"
61,26.7607236545194,0.623841803704467,66.2021716737194,0.63028914871543,"Overwinter"
62,26.5359922163555,0.623785339855552,65.663684043253,0.627577200847784,"Overwinter"
63,26.3138046540536,0.623725650161482,65.1300061106257,0.624899384132471,"Overwinter"
64,26.094073084395,0.623663303179948,64.6010609630362,0.622255095063994,"Overwinter"
65,25.8767171088611,0.623598814691941,64.0767756713278,0.619643755524791,"Overwinter"
66,25.6616630389638,0.623532645722036,63.5570809445594,0.617064809812874,"Overwinter"
67,25.4488432053667,0.623465202903643,63.0419108175403,0.614517722314379,"Overwinter"
68,25.2381953415156,0.623396840598834,62.5312023680816,0.612001975711096,"Overwinter"
69,25.0296620335474,0.623327864240254,62.0248954610403,0.609517069614323,"Overwinter"
70,24.8231902291686,0.623258534438786,61.5229325165321,0.607062519524459,"Overwinter"
71,24.6187307990197,0.62318907148464,61.0252582999481,0.604637856028411,"Overwinter"
72,24.4162381447656,0.623119659952767,60.5318197316502,0.602242624161802,"Overwinter"
73,24.215669848798,0.623050453200291,60.0425657144313,0.599876382878304,"Overwinter"
74,24.0169863610082,0.622981577610251,59.5574469770186,0.597538704582927,"Overwinter"
75,23.8201507185919,0.622913136490898,59.076415932067,0.595229174698785,"Overwinter"
76,23.6251282952991,0.622845213582974,58.5994265472472,0.592947391247477,"Overwinter"
77,23.431886576939,0.6227778761597,58.1264342281671,0.590692964431524,"Overwinter"
78,23.2403949603041,0.622711177727045,57.657395711993,0.588465516213549,"Overwinter"
79,23.0506245729894,0.622645160346968,57.1922689707474,0.586264679891259,"Overwinter"
80,22.8655191179279,0.622660761356218,56.731013123359,0.584090099670158,"Overwinter"
81,22.6819548365353,0.622674931048724,56.5685549646634,0.584991765134428,"Overwinter"
82,22.4999141617036,0.622687812196927,56.4045532175655,0.585890721557836,"Overwinter"
83,22.3193801207994,0.622699531334496,56.2389336989266,0.586785964799606,"Overwinter"
84,22.1403362929244,0.622710200887995,56.0716323221136,0.587676578519556,"Overwinter"
85,21.9627667693608,0.622719921002389,55.9025945474547,0.588561730471967,"Overwinter"
86,21.7866561170079,0.622728781103795,55.7317747687348,0.589440668019533,"Overwinter"
87,21.6119893446333,0.622736861237832,55.5591356678075,0.590312713187712,"Overwinter"
88,21.4387518717657,0.622744233216938,55.3846475612256,0.59117725750328,"Overwinter"
89,21.2669295000645,0.62275096160553,55.2082877562492,0.592033756798922,"Overwinter"
90,21.0965083870052,0.622757104567705,55.0300399284258,0.592881726116085,"Overwinter"
91,20.9274750217216,0.622762714598522,54.8498935289201,0.593720734799159,"Overwinter"
92,20.7598162028535,0.622767839156697,54.6678432266886,0.594550401843475,"Overwinter"
93,20.5935190182512,0.622772521213727,54.4838883882698,0.595370391536126,"Overwinter"
94,20.4285708263931,0.62277679973211,54.2980325962362,0.59618040941078,"Overwinter"
95,20.264959239384,0.622780710083258,54.1102832061139,0.596980198524354,"Overwinter"
96,20.1026721074016,0.622784284414012,53.9206509406965,0.597769536053752,"Overwinter"
97,19.9416975044731,0.62278755196923,53.7291495200957,0.598548230203912,"Overwinter"
98,19.7820237154677,0.622790539376682,53.535795325498,0.599316117413679,"Overwinter"
99,19.6236392241991,0.622793270899534,53.3406070943899,0.600073059842875,"Overwinter"
100,19.4665327025418,0.622795768660811,53.1436056449259,0.600818943122052,"Overwinter"
101,19.3106930004699,0.622798052843578,52.9448136271076,0.601553674345409,"Overwinter"
102,19.1561091369367,0.622800141869973,52.7442552985054,0.602277180287022,"Overwinter"
103,19.0027702915193,0.622802052561758,52.5419563223445,0.602989405820643,"Overwinter"
104,18.8506657967591,0.622803800284657,52.3379435859064,0.603690312523771,"Overwinter"
105,18.699785131134,0.622805399078404,52.1322450373302,0.604379877447329,"Overwinter"
106,18.5501179126078,0.622806861774169,51.9248895390427,0.605058092033027,"Overwinter"
107,18.4016538927004,0.622808200100766,51.7159067361895,0.605724961161356,"Overwinter"
108,18.2543829510356,0.622809424780893,51.505326938582,0.606380502313998,"Overwinter"
109,18.1082950903206,0.622810545618453,51.2931810148065,0.607024744835291,"Overwinter"
110,17.9633804317188,0.622811571577887,51.0795002972693,0.607657729278284,"Overwinter"
111,17.8196292105813,0.62281251085633,50.8643164970716,0.608279506821721,"Overwinter"
112,17.6770317725038,0.622813370949295,50.6476616277134,0.608890138745131,"Overwinter"
113,17.5355785696801,0.622814158710513,50.4295679367282,0.609489695949998,"Overwinter"
114,17.3952601575261,0.622814880406483,50.2100678444395,0.610078258515786,"Overwinter"
115,17.2560671915493,0.62281554176621,49.9891938891143,0.610655915280357,"Overwinter"
116,17.117990424443,0.622816148026575,49.7669786778614,0.61122276343511,"Overwinter"
117,16.9810207033846,0.622816703973727,49.5434548426913,0.611778908125955,"Overwinter"
118,16.8451489675202,0.622817213980838,49.3186550012154,0.612324462052007,"Overwinter"
119,16.7103662456202,0.622817682042539,49.0926117215136,0.612859545054695,"Overwinter"
120,16.5766636538891,0.622818111806333,48.8653574907536,0.613384283690785,"Overwinter"
121,16.4440323939193,0.622818506601244,48.6369246871841,0.613898810783659,"Overwinter"
122,16.3124637507742,0.622818869463962,48.4073455551666,0.614403264947999,"Overwinter"
123,16.1819490911928,0.622819203162713,48.1766521829468,0.614897790083922,"Overwinter"
124,16.0524798619052,0.622819510219106,47.9448764828971,0.615382534837461,"Overwinter"
125,15.9240475880513,0.622819792928168,47.7120501739938,0.615857652025166,"Overwinter"
126,15.796643871696,0.622820053376803,47.4782047663211,0.616323298021506,"Overwinter"
127,15.6702603904354,0.622820293460881,47.2433715474169,0.616779632108641,"Overwinter"
128,15.5448888960865,0.622820514901147,47.0075815703071,0.617226815789047,"Overwinter"
129,15.4205212134562,0.622820719258134,46.7708656430936,0.61766501206238,"Overwinter"
130,15.2971492391835,0.622820907946196,46.5332543199936,0.618094384668864,"Overwinter"
131,15.1747649406492,0.622821082246761,46.2947778937473,0.618515097302418,"Overwinter"
132,15.0533603549462,0.622821243320867,46.055466389344,0.618927312797603,"Overwinter"
133,14.9329275879043,0.622821392220973,45.8153495590429,0.619331192295409,"Overwinter"
134,14.8134588131632,0.62282152990204,45.5744568786939,0.619726894393757,"Overwinter"
135,14.6949462712869,0.62282165723184,45.3328175454009,0.620114574289468,"Overwinter"
136,14.5773822689127,0.622821775000449,45.0904604765981,0.620494382919343,"Overwinter"
137,23.1443670850977,0.62208652331097,44.8474143106472,0.620866466108752,"Overwinter"
138,31.0915014556809,0.621868758898626,44.6905135693934,0.621230253989168,"Overwinter"
139,39.0841485001866,0.621822499323213,44.5431824335949,0.621585735922852,"Overwinter"
140,54.2325575807373,0.621875234669032,44.4118044595375,0.621932836736237,"Overwinter"
141,68.6309163592112,0.621987845835464,44.3682836467029,0.622270971812795,"Overwinter"
142,82.6163947798389,0.622128948298332,44.3477655375121,0.622599937471986,"Overwinter"
143,102.320525410815,0.622327763906832,44.3534975469651,0.622919547020324,"Overwinter"
144,121.174004181402,0.622520599160059,44.4470513628519,0.623229292524011,"Overwinter"
145,139.424535911887,0.622711642092662,44.5744363455958,0.623528884375021,"Overwinter"
146,162.747180433444,0.622938147551236,44.7378474411222,0.623818123212088,"Overwinter"
147,184.388208916691,0.623146749713667,44.9939357324338,0.624096664354021,"Overwinter"
148,205.40701077853,0.623349699863994,45.2856124309237,0.624364237223644,"Overwinter"
149,231.037744752824,0.623578158474145,45.6215077234104,0.624620755295519,"Overwinter"
150,254.468007874277,0.623787631816763,46.0536349942501,0.624866152712249,"Overwinter"
151,277.017193026908,0.623990194313813,46.5232629962493,0.625100197573402,"Overwinter"
152,303.441113307863,0.624210990573229,47.0404171630381,0.625322998874002,"Overwinter"
153,327.946474112292,0.624417372230627,47.6515780038837,0.625534837108553,"Overwinter"
154,351.443029616413,0.624616783801926,48.3065393897705,0.625735551947443,"Overwinter"
155,377.682516211232,0.624826990196635,49.0114402143228,0.625925429650197,"Overwinter"
156,402.26292327688,0.625026410179439,49.8022126508348,0.626105033546176,"Overwinter"
157,425.656011515654,0.625218934498087,50.6401576622542,0.626274316186823,"Overwinter"
158,450.703404540523,0.625416807967173,51.5271684948567,0.626433686978636,"Overwinter"
159,474.304344975599,0.625606571725375,52.4894406394661,0.626583879061378,"Overwinter"
160,497.076370133951,0.625791622549861,53.4989308910871,0.626724965171575,"Overwinter"
161,520.602481388092,0.625978054820174,54.5590101014858,0.626857474120099,"Overwinter"
162,543.088985474531,0.626158812424803,55.6836432158082,0.626982121521422,"Overwinter"
163,563.702714558446,0.626331536417834,56.8558915263068,0.627099122312148,"Overwinter"
164,585.42730283343,0.626506952981105,58.0650634980391,0.627208794488263,"Overwinter"
165,606.243152367763,0.626677557142434,59.3368962075855,0.627312146452675,"Overwinter"
166,625.462877444829,0.626841422015367,60.6525286588616,0.627409298112624,"Overwinter"
167,644.037733340126,0.627001958150446,62.0027065348191,0.627500549427034,"Overwinter"
168,662.446181987592,0.627160552430603,63.3931474680208,0.627586512532507,"Overwinter"
169,679.843012165584,0.627314481434366,64.8264732466306,0.627667715490567,"Overwinter"
170,695.45390644004,0.627461664273468,66.2929267956456,0.627744377209544,"Overwinter"
171,710.706895692566,0.62760645789703,67.7818686983184,0.62781667397886,"Overwinter"
172,725.570493901658,0.627748568030544,69.3031356172165,0.627885264890865,"Overwinter"
173,738.19681730015,0.627882918645156,70.8545300069923,0.627950482992612,"Overwinter"
174,749.721211064142,0.628012912337663,72.4156604533848,0.628012176684705,"Overwinter"
175,761.878861883268,0.628142993305952,73.9924905500801,0.628070857783876,"Overwinter"
176,771.926604259688,0.628265842050358,75.5989684515121,0.628127216373558,"Overwinter"
177,780.639250489488,0.628383698344222,77.2075372650248,0.628180826505395,"Overwinter"
178,790.392083732586,0.628502308281797,78.8207971715923,0.628232050600016,"Overwinter"
179,798.269576537701,0.628614351618809,80.458699900729,0.628281676436057,"Overwinter"
180,804.838029297284,0.628721387435727,82.0927871694232,0.628329181125358,"Overwinter"
181,812.323394446375,0.628828444517552,83.7241451696183,0.628374822494653,"Overwinter"
182,818.287414917081,0.628929820105152,85.3714609181955,0.628419287448537,"Overwinter"
183,822.699954156982,0.629025639160513,87.0110199828893,0.628462123985275,"Overwinter"
184,828.284521340442,0.62912165608693,88.6388308561251,0.628503397280781,"Overwinter"
185,832.257290106625,0.629211888918155,90.2783695402451,0.628543848119851,"Overwinter"
186,835.332746826467,0.629297940564219,91.9032125773541,0.62858291573526,"Overwinter"
187,839.149111814773,0.629382948951207,93.5169443729907,0.628620803952466,"Overwinter"
188,841.789745822805,0.629463135627097,95.1337286305587,0.628657947524352,"Overwinter"
189,843.984868881486,0.629539937798282,96.7353661985373,0.628693967798383,"Overwinter"
190,846.443563453583,0.629614569463025,98.3267398968246,0.628729046799258,"Overwinter"
191,847.802165359355,0.629684640390333,99.9139312481558,0.628763371331097,"Overwinter"
192,848.851713973523,0.629751571826117,101.48374650958,0.628796669869958,"Overwinter"
193,849.777154244853,0.629815657465229,103.042123213747,0.628829110916332,"Overwinter"
194,849.56622195431,0.629875362560386,104.590447787886,0.62886074429443,"Overwinter"
195,850.048594101256,0.6299335130563,106.118579234256,0.62889136562826,"Overwinter"
196,849.323070210543,0.629987313482021,107.64297175008,0.628921338657703,"Overwinter"
197,847.950645280069,0.6300377136677,109.146223296754,0.628950302068679,"Overwinter"
198,847.034659875227,0.6300862601538,110.632118802559,0.628978347226723,"Overwinter"
199,844.192511547488,0.630129886428504,112.110876120893,0.62900568167217,"Overwinter"
200,841.320237269072,0.630171194423883,113.559959060817,0.629031869671114,"Overwinter"
201,838.982129345147,0.630210882860656,114.995215611651,0.629057229946621,"Overwinter"
202,834.426898817776,0.630245764103775,116.422619608467,0.629081873600487,"Overwinter"
203,829.83309352045,0.630278546884247,117.816125326376,0.629105333285265,"Overwinter"
204,825.64239898517,0.6303097526379,119.193874422946,0.62912795305933,"Overwinter"
205,819.104600400887,0.630336497385045,120.560572269139,0.629149820062016,"Overwinter"
206,812.41521486199,0.630361272194398,121.889896977291,0.629170500468577,"Overwinter"
207,806.151187062822,0.630384707149393,123.199851881675,0.629190319787983,"Overwinter"
208,797.303862006852,0.630403877649825,124.496198582971,0.629209383387169,"Overwinter"
209,788.458400783355,0.630421446670597,125.749975825036,0.629227250717727,"Overwinter"
210,780.531570421177,0.630438303494986,126.982538313392,0.629244284023227,"Overwinter"
211,769.597131484925,0.630450819929092,128.203212133699,0.62926063875747,"Overwinter"
212,758.920611792279,0.630462084034781,129.374690596896,0.629275781755916,"Overwinter"
213,749.193990014173,0.630472703409588,130.524273938785,0.629290142820036,"Overwinter"
214,736.117705980865,0.63047889222319,131.659423748214,0.629303842424627,"Overwinter"
215,723.26400705105,0.630483785041628,132.739086472359,0.629316333650687,"Overwinter"
216,711.363291430912,0.630487953690204,133.792910243324,0.629328053141215,"Overwinter"
217,696.509169246709,0.630488122784663,134.82856677431,0.629339117342629,"Overwinter"
218,681.847710309625,0.630486831922786,135.808832013948,0.629349068447045,"Overwinter"
219,668.483650424442,0.630484854447186,136.759741321709,0.629358265110012,"Overwinter"
220,651.763973122149,0.630478653157058,137.692596565411,0.629366857514422,"Overwinter"
221,635.722181879303,0.630471127327074,138.563304182173,0.629374348839999,"Overwinter"
222,620.950651240162,0.630462536552628,139.40599196204,0.629381159818217,"Overwinter"
223,602.312192867797,0.63044980228917,140.227697021887,0.629387376220968,"Overwinter"
224,584.738870364187,0.630435749954289,140.979429066071,0.629392517688642,"Overwinter"
225,568.614888911875,0.630420383030465,141.703324510401,0.629397038656686,"Overwinter"
226,548.272054356483,0.630401969061421,142.405013328737,0.629400998752449,"Overwinter"
227,529.215247802862,0.630382272112991,143.030524737018,0.629403971766532,"Overwinter"
228,511.395528573779,0.630361143621567,143.627067779536,0.629406382180793,"Overwinter"
229,489.181397815471,0.630339744386878,144.196337819939,0.629408254921231,"Overwinter"
230,468.158578058381,0.63031763604783,144.684336509185,0.629409300705281,"Overwinter"
231,448.266492888971,0.63029484320826,145.138738214966,0.629409851187451,"Overwinter"
232,429.447542391396,0.630271394797808,145.560920108723,0.62940993723709,"Overwinter"
233,411.646958289205,0.630247324139581,145.952377686673,0.629409589693867,"Overwinter"
234,394.812665514124,0.630222668981622,146.314703098232,0.629408839205146,"Overwinter"
235,378.895149875033,0.630197471487352,146.649564470793,0.629407716086212,"Overwinter"
236,363.847331535647,0.630171778180179,146.958686563771,0.629406250201856,"Overwinter"
237,349.624444042588,0.630145639837813,147.243832959536,0.629404470867229,"Overwinter"
238,336.183918676089,0.630119111332205,147.506789893189,0.629402406765554,"Overwinter"
239,323.485273923257,0.630092251411746,147.749351737757,0.629400085880163,"Overwinter"
240,311.490009898156,0.630065122423235,147.973308096037,0.629397535438283,"Overwinter"
241,300.1615075537,0.63003778997222,148.180432403986,0.6293947818642,"Overwinter"
242,289.464932547191,0.630010322521629,148.372471921127,0.629391850739597,"Overwinter"
243,279.367143634274,0.629982790930114,148.551138968583,0.629388766769206,"Overwinter"
244,269.836605475164,0.629955267933138,148.71810327219,0.629385553750192,"Overwinter"
245,260.843305742563,0.629927827571588,148.874985273887,0.629382234544078,"Overwinter"
246,252.358676422986,0.629900544574417,149.023350286652,0.629378831050323,"Overwinter"
247,244.355519202827,0.629873493703568,149.164703384243,0.629375364180992,"Overwinter"
248,236.807934827843,0.629846749070987,149.300484934914,0.629371853836246,"Overwinter"
249,229.691256320369,0.629820383438954,149.432066706472,0.629368318880638,"Overwinter"
250,222.98198593296,0.629794467516066,149.560748487244,0.629364777120362,"Overwinter"
251,216.657735710868,0.629769069261986,149.68775518275,0.629361245281807,"Overwinter"
252,210.697171529163,0.629744253214442,149.814234360514,0.629357738991874,"Overwinter"
253,205.079960464083,0.629720079851956,149.941254225141,0.629354272760519,"Overwinter"
254,199.786721352775,0.629696605005216,150.069802012487,0.629350859966108,"Overwinter"
255,194.798978391633,0.629673879329139,150.20078279559,0.629347512844102,"Overwinter"
256,190.099117621486,0.629651947846305,150.335018696543,0.62934424247956,"Overwinter"
257,185.670346148409,0.629630849570759,150.473248498094,0.62934105880395,"Overwinter"
258,181.496653952214,0.629610617219233,150.61612764734,0.629337970596651,"Overwinter"
259,177.562778140832,0.629591277014668,150.764228641919,0.629334985491505,"Overwinter"
260,173.854169517577,0.629572848584677,150.918041787433,0.629332109988701,"Overwinter"
261,170.356961339414,0.629555344955318,151.077976313755,0.629329349472271,"Overwinter"
262,167.057940157192,0.629538772638342,151.24436183793,0.62932670823338,"Overwinter"
263,163.944518642673,0.629523131808021,151.417450162588,0.62932418949962,"Overwinter"
264,161.004710321222,0.629508416561851,151.597417401438,0.629321795470428,"Overwinter"
265,158.227106142209,0.629494615257748,151.784366427235,0.62931952735876,"Overwinter"
266,155.600852830048,0.629481710919104,151.978329642628,0.629317385439072,"Overwinter"
267,153.115632965926,0.629469681697955,152.17927207994,0.62931536910162,"Overwinter"
268,150.761646751584,0.629458501385771,152.387094841697,0.629313476912986,"Overwinter"
269,148.529595400141,0.629448139960864,152.601638898601,0.629311706682643,"Overwinter"
270,146.41066608314,0.629438564161121,152.82268926445,0.629310055535243,"Overwinter"
271,144.396518336623,0.629429738070703,153.049979566869,0.62930851998811,"Overwinter"
272,142.47927179216,0.629421623709494,153.283197027141,0.62930709603325,"Overwinter"
273,140.651495053043,0.629414181614374,153.521987850859,0.629305779222937,"Overwinter"
274,138.906195484689,0.629407371401897,153.765963012873,0.62930456475771,"Overwinter"
275,137.23680963708,0.629401152302641,154.014704395423,0.629303447575367,"Overwinter"
276,135.637193972568,0.629395483658399,154.267771208751,0.629302422439319,"Overwinter"
277,134.101615542009,0.629390325374507,154.524706591541,0.629301484024531,"Overwinter"
278,132.624742242968,0.629385638320985,154.785044257683,0.629300626999166,"Overwinter"
279,131.201632310738,0.629381384677727,155.048315030397,0.629299846100103,"Overwinter"
280,129.827722738357,0.629377528220765,155.31405308874,0.629299136200626,"Overwinter"
281,128.498816394035,0.629374034548487,155.581801748259,0.629298492368829,"Overwinter"
282,127.211067697992,0.629370871248577,155.85111860893,0.62929790991571,"Overwinter"
283,125.960966827073,0.629368008008244,156.121579929293,0.629297384432309,"Overwinter"
284,124.745322524129,0.629365416671904,156.392784123734,0.629296911815814,"Overwinter"
285,123.561243689424,0.629363071251788,156.664354326231,0.629296488285007,"Overwinter"
286,122.406120013939,0.629360947897855,156.935940013599,0.629296110385912,"Overwinter"
287,121.277601972814,0.629359024833994,157.207217729139,0.629295774988853,"Overwinter"
288,120.173580528207,0.629357282267583,157.477890989012,0.629295479278423,"Overwinter"
289,119.092166894632,0.629355702279331,157.747689485239,0.629295220737977,"Overwinter"
290,118.031672699613,0.629354268699791,158.01636771914,0.629294997130324,"Overwinter"
291,116.990590833435,0.629352966978246,158.283703207049,0.629294806476184,"Overwinter"
292,115.967577229925,0.629351784048809,158.549494397436,0.62929464703183,"Overwinter"
293,114.961433762024,0.629350708197703,158.813558427152,0.629294517267114,"Overwinter"
294,113.971092376833,0.629349728934757,159.075728827047,0.629294415844841,"Overwinter"
295,112.995600539334,0.629348836871372,159.335853266303,0.62929434160217,"Overwinter"
296,112.034108005223,0.629348023606439,159.593791402882,0.629294293534517,"Overwinter"
297,111.08585490295,0.62934728162108,159.849412886425,0.629294270782209,"Overwinter"
298,110.150161073803,0.629346604182598,160.102595541128,0.629294272619939,"Overwinter"
299,109.226416596446,0.6293459852576,160.353223740339,0.629294298448963,"Overwinter"
300,108.314073407793,0.629345419434014,160.601186972228,0.62929434779185,"Overwinter"
301,107.41263792433,0.629344901851494,160.846378586786,0.629294420289532,"Overwinter"
302,106.521664565596,0.629344428139603,161.088694708369,0.629294515700348,"Overwinter"
303,105.640750083178,0.629343994363112,161.328033294501,0.629294633900768,"Overwinter"
304,104.76952860311,0.629343596973704,161.564293320235,0.629294774887465,"Overwinter"
305,103.90766729593,0.629343232767421,161.797374067512,0.629294938780404,"Overwinter"
306,103.05486259607,0.6293428988472,162.027174500198,0.629295125826655,"Overwinter"
307,102.210836900081,0.629342592589899,162.253592707452,0.629295336404625,"Overwinter"
308,101.375335681005,0.629342311617271,162.476525400452,0.629295571028456,"Overwinter"
309,100.548124963671,0.629342053770386,162.695867450016,0.629295830352339,"Overwinter"
310,99.728989112635,0.629341817087082,162.911511455223,0.629296115174525,"Overwinter"
311,98.9177288908213,0.629341599782034,163.123347335496,0.629296426440834,"Overwinter"
312,98.114159752557,0.629341400229129,163.331261940847,0.629296765247485,"Overwinter"
313,97.3181103397164,0.629341216945836,163.535138676908,0.629297132843093,"Overwinter"
314,96.5294211540408,0.62934104857933,163.734857143074,0.629297530629691,"Overwinter"
315,95.7479433825073,0.62934089389413,163.930292783525,0.629297960162666,"Overwinter"
316,94.9735378558823,0.629340751761082,164.121316552038,0.629298423149494,"Overwinter"
317,94.2060741234098,0.629340621147507,164.307794592449,0.629298921447211,"Overwinter"
318,93.4454296289814,0.629340501108371,164.489587937349,0.629299457058537,"Overwinter"
319,92.6914889761898,0.62934039077837,164.666552228078,0.629300032126617,"Overwinter"
320,91.9441432714128,0.629340289364799,164.838537459453,0.629300648928352,"Overwinter"
321,91.2032895355656,0.629340196141135,165.005387752812,0.629301309866299,"Overwinter"
322,90.4688301764267,0.62934011044124,165.166941161021,0.629302017459159,"Overwinter"
323,89.7406725145225,0.629340031654119,165.32302950899,0.629302774330872,"Overwinter"
324,89.0187283564795,0.629339959219173,165.473478273073,0.629303583198361,"Overwinter"
325,88.3029136105391,0.629339892621897,165.61810650245,0.629304446858007,"Overwinter"
326,87.5931479396039,0.629339831389964,165.756726785236,0.629305368170894,"Overwinter"
327,86.8893544477628,0.629339775089669,165.889145261675,0.629306350046964,"Overwinter"
328,86.1914593967375,0.629339723322694,166.015161686312,0.629307395428158,"Overwinter"
329,85.4993919491202,0.629339675723151,166.134569540546,0.629308507270678,"Overwinter"
330,84.8130839356433,0.629339631954893,166.24715619646,0.629309688526521,"Overwinter"
331,84.1324696440379,0.629339591709048,166.352703132305,0.629310942124397,"Overwinter"
332,83.457485627318,0.62933955470178,166.450986199465,0.629312270950233,"Overwinter"
333,82.788070529568,0.629339520672226,166.541775940205,0.629313677827375,"Overwinter"
334,82.1241649275202,0.629339489380614,166.624837955013,0.629315165496705,"Overwinter"
335,81.4657111863947,0.629339460606544,166.6999333178,0.629316736596798,"Overwinter"
336,80.8126533286368,0.629339434147409,166.766819036804,0.629318393644334,"Overwinter"
337,80.1649369143263,0.629339409816942,166.825248558551,0.629320139014886,"Overwinter"
338,79.5225089321621,0.629339387443894,166.874972311869,0.629321974924297,"Overwinter"
339,78.8853177000343,0.629339366870816,166.915738288554,0.629323903410774,"Overwinter"
340,78.2533127742965,0.629339347952941,166.947292656983,0.62932592631785,"Overwinter"
341,77.6264448669358,0.629339330557155,166.969380404705,0.629328045278393,"Overwinter"
342,77.0046657699198,0.629339314561063,166.981746005806,0.629330261699735,"Overwinter"
343,76.3879282860661,0.629339299852114,166.984134108688,0.629332576750097,"Overwinter"
344,75.7761861658448,0.629339286326815,166.97629023979,0.629334991346377,"Overwinter"
345,75.1693940495781,0.629339273889998,166.957961518691,0.629337506143414,"Overwinter"
346,74.5675074145537,0.629339262454147,166.928897380068,0.62934012152479,"Overwinter"
347,73.9704825266112,0.629339251938786,166.88885029796,0.62934283759524,"Overwinter"
348,73.3782763958037,0.629339242269907,166.837576507937,0.629345654174704,"Overwinter"
349,72.7908467357726,0.629339233379456,166.774836722856,0.629348570794071,"Overwinter"
350,72.208151926505,0.629339225204848,166.700396838082,0.629351586692601,"Overwinter"
351,71.6301509801764,0.62933921768853,166.614028622266,0.629354700817036,"Overwinter"
352,71.0568035098058,0.629339210777576,166.515510389993,0.629357911822391,"Overwinter"
353,70.4880697004746,0.629339204423315,166.40462765293,0.62936121807438,"Overwinter"
354,69.9239102828867,0.629339198580988,166.281173746356,0.629364617653439,"Overwinter"
355,69.3642865090613,0.629339193209435,166.144950428318,0.6293681083603,"Overwinter"
356,68.8091601299745,0.629339188270803,165.995768448967,0.629371687723024,"Overwinter"
357,68.2582228825313,0.629336689806279,165.833448087998,0.629375353005445,"Overwinter"
358,67.7117119949196,0.629334189084078,164.506211262998,0.62500382778663,"Overwinter"
359,67.1695907584626,0.629331688004627,163.189612094337,0.620714015282479,"Overwinter"
360,66.63182286087,0.629329188250652,161.883564177554,0.616505366681873,"Overwinter"
361,66.0983723746344,0.629326691308231,160.58798190184,0.612377316378422,"Overwinter"
362,65.5692037462217,0.629324198485914,159.302780435299,0.608329282155135,"Overwinter"
363,65.0442817859888,0.629321710932074,158.027875711015,0.60436066544881,"Overwinter"
364,64.5235716587703,0.629319229650664,156.763184413869,0.600470851685308,"Overwinter"
365,64.0070388750805,0.629316755515508,155.508623968058,0.596659210676681,"Overwinter"
366,63.4946492828787,0.629314289283276,154.264112525236,0.592925097071094,"Overwinter"
1,100,1,124.788048653548,1,"Density Dependence"
2,97.3947367918123,0.999999999999999,124.788048653548,1,"Density Dependence"
3,94.9115881182629,0.999940007472002,124.447621296576,0.999153671078633,"Density Dependence"
4,92.5443707343869,0.999819937815419,124.103669863683,0.998311102370881,"Density Dependence"
5,90.2872168524904,0.999640355255879,123.756497576366,0.997474814762569,"Density Dependence"
6,88.1345446713476,0.999402316195331,123.406146447778,0.996645120710559,"Density Dependence"
7,86.0810439769244,0.999107344637615,123.052673615755,0.995822350967083,"Density Dependence"
8,84.1216625865965,0.998757399015885,122.696149431819,0.995006852540193,"Density Dependence"
9,82.251593583211,0.99835483173685,122.336655313764,0.994198984847297,"Density Dependence"
10,80.4662632962537,0.997902343041959,121.974281654508,0.993399115791149,"Density Dependence"
11,78.7613199868849,0.997402930856549,121.609125833221,0.992607617705213,"Density Dependence"
12,77.1326231934072,0.996859838281861,121.241290361618,0.991824863172049,"Density Dependence"
13,75.5762336939095,0.996276500294491,120.870881187435,0.991051220761027,"Density Dependence"
14,74.0884040434365,0.995656491069488,120.498006168107,0.990287050759972,"Density Dependence"
15,72.6655696440702,0.995003473153825,120.122773720332,0.989532700990876,"Density Dependence"
16,71.3043403077726,0.994321149503282,119.745291645418,0.988788502804507,"Density Dependence"
17,70.0014922736806,0.993613219172829,119.365666125741,0.988054767344892,"Density Dependence"
18,68.7539606437118,0.992883337231292,118.984000884338,0.98733178216466,"Density Dependence"
19,67.5588322027618,0.992135079265342,118.60039649721,0.986619808258251,"Density Dependence"
20,66.4133385923719,0.991371910652927,118.214949846381,0.985919077563905,"Density Dependence"
21,65.3148498094375,0.990597160626727,117.827753700851,0.985229790968565,"Density Dependence"
22,64.2608680042461,0.989814001016218,117.438896412216,0.984552116833434,"Density Dependence"
23,63.2490215547968,0.98902542945297,117.048461711843,0.98388619004253,"Density Dependence"
24,62.2770593969117,0.988234256746524,116.656528596838,0.983232111562675,"Density Dependence"
25,61.3428455920481,0.987443098085604,116.263171292738,0.982589948491223,"Density Dependence"
26,60.4443541169286,0.986654367688519,115.8684592816,0.981959734557652,"Density Dependence"
27,59.5796638610892,0.985870276514204,115.472457385106,0.98134147103715,"Density Dependence"
28,58.7469538202001,0.985092832648192,115.075225893234,0.980735128028501,"Density Dependence"
29,57.9444984745256,0.984323843992515,114.67682073001,0.980140646045154,"Density Dependence"
30,57.1706633431718,0.983564922912313,114.277293648771,0.979557937867083,"Density Dependence"
31,56.4239007058255,0.982817492521931,113.876692450271,0.978986890601926,"Density Dependence"
32,55.7027454845433,0.982082794327359,113.475061217696,0.978427367906448,"Density Dependence"
33,55.0058112788297,0.981361896978127,113.072440563341,0.977879212323349,"Density Dependence"
34,54.3317865477708,0.98065570591861,112.668867882207,0.977342247693171,"Density Dependence"
35,53.6794309334246,0.979964973765145,112.264377608124,0.976816281606165,"Density Dependence"
36,53.0475717200394,0.979290311270281,111.859001468196,0.976301107863846,"Density Dependence"
37,52.4351004240504,0.978632198768111,111.452768731384,0.97579650892434,"Density Dependence"
38,51.84096951025,0.977990998023798,111.045706446884,0.975302258309178,"Density Dependence"
39,51.2641892301165,0.9773669644345,110.637839667778,0.974818122952033,"Density Dependence"
40,50.703824579087,0.976760259545334,110.229191655138,0.974343865472001,"Density Dependence"
41,50.1589923706277,0.976170963848968,109.819784057684,0.973879246355804,"Density Dependence"
42,49.6288584263219,0.975599089825922,109.409637062148,0.973424026034678,"Density Dependence"
43,49.1126348828179,0.975044595148901,108.998769510059,0.972977966842687,"Density Dependence"
44,48.6095776182688,0.974507395913839,108.58719897767,0.97254083484296,"Density Dependence"
45,48.1189838026474,0.973987379671668,108.174941817454,0.972112401505924,"Density Dependence"
46,47.6401895777752,0.973484417923846,107.762013161877,0.971692445217618,"Density Dependence"
47,47.1725678737388,0.972998377626516,107.348426892947,0.971280752585747,"Density Dependence"
48,46.7155263682778,0.972529131147681,106.934195584053,0.970877119497064,"Density Dependence"
49,46.2685055944897,0.972076564069991,106.519330423496,0.97048135186422,"Density Dependence"
50,45.8309771997216,0.971640580258561,106.103841131467,0.970093265988324,"Density Dependence"
51,45.4024423549365,0.971221103738033,105.687735883606,0.969712688460961,"Density Dependence"
52,44.9824303094589,0.97081807714599,105.271021254505,0.96933945554165,"Density Dependence"
53,44.5704970813107,0.970431456828198,104.853702193289,0.968973411976634,"Density Dependence"
54,44.1662242689041,0.97006120497189,104.435782041062,0.968614409271075,"Density Dependence"
55,43.7692179662209,0.969707279482333,104.017262596526,0.96826230348313,"Density Dependence"
56,43.379107761217,0.969369622542557,103.598144232119,0.96791695266587,"Density Dependence"
57,42.9955457963205,0.969048148917345,103.178426058899,0.967578214130613,"Density Dependence"
58,42.6182058705871,0.968742735053703,102.758106134644,0.967245941733981,"Density Dependence"
59,42.2467825651947,0.968453209898129,102.337181706632,0.966919983395287,"Density Dependence"
60,41.8809903771862,0.968179348124209,101.915649478491,0.966600179029889,"Density Dependence"
61,41.5205628502972,0.967920866182542,101.493505889563,0.966286359042078,"Density Dependence"
62,41.1652516958951,0.967677421292594,101.070747395255,0.965978343464954,"Density Dependence"
63,40.8148259011091,0.967448613231052,100.647370737808,0.96567594177375,"Density Dependence"
64,40.4690708248194,0.967233988561327,100.223373198455,0.965378953341387,"Density Dependence"
65,40.1277872850774,0.967033046808541,99.7987528239745,0.965087168457651,"Density Dependence"
66,39.7907906436382,0.966845248015585,99.3735086227356,0.96480036980011,"Density Dependence"
67,39.457909894586,0.966670021110974,98.9476407274775,0.964518334227156,"Density Dependence"
68,39.128986764584,0.966506772564288,98.5211505239242,0.964240834760422,"Density Dependence"
69,38.8038748322015,0.966354894883665,98.0940407459508,0.963967642632399,"Density Dependence"
70,38.4824386732006,0.96621377460607,97.666315539253,0.963698529292273,"Density Dependence"
71,38.164553037756,0.966082799531342,97.2379804963534,0.963433268284873,"Density Dependence"
72,37.8501020644697,0.965961365045342,96.8090426663325,0.963171636941212,"Density Dependence"
73,37.5389785348493,0.965848879459135,96.3795105429283,0.962913417841788,"Density Dependence"
74,37.2310831707369,0.965744768356962,95.9493940346848,0.962658400033931,"Density Dependence"
75,36.9263239760786,0.965648477994932,95.5187044206769,0.962406380001046,"Density Dependence"
76,36.6246156234468,0.965559477825949,95.0874542950774,0.962157162394254,"Density Dependence"
77,36.325878884905,0.965477262246587,94.655657503485,0.961910560545865,"Density Dependence"
78,36.0300401061344,0.965401351670917,94.2233290735585,0.961666396789708,"Density Dependence"
79,35.7370307222259,0.965331293037461,93.7904851421163,0.96142450261613,"Density Dependence"
80,35.4467868131663,0.965266659850835,93.3571428804894,0.961184718690205,"Density Dependence"
81,35.1592486967892,0.965207051851371,92.9233204195744,0.960946894760798,"Density Dependence"
82,34.8743605568185,0.965152094395719,92.4890367757281,0.960710889486227,"Density Dependence"
83,34.5920701035619,0.965101437620327,92.0543117783755,0.960476570199778,"Density Dependence"
84,34.3123282648182,0.965054755448683,91.6191659999776,0.960243812635496,"Density Dependence"
85,34.0350889046133,0.965011744492831,91.1836206888178,0.960012500631843,"Density Dependence"
86,33.7603085674708,0.964972122890254,90.747697704905,0.959782525828005,"Density Dependence"
87,33.4879462460387,0.964935629108935,90.3114194591733,0.959553787365136,"Density Dependence"
88,33.217963170024,0.964902020746292,89.8748088560548,0.959326191602441,"Density Dependence"
89,32.9503226145271,0.964871073341684,89.4378892394294,0.959099651856014,"Density Dependence"
90,32.68498972601,0.964842579217191,89.0006843418953,0.958874088166506,"Density Dependence"
91,32.4219313642734,0.964816346357339,88.5632182372633,0.958649427100201,"Density Dependence"
92,32.1611159589531,0.964792197335162,88.1255152961461,0.958425601586708,"Density Dependence"
93,31.9025133791775,0.964769968289387,87.6876001444937,0.958202550795372,"Density Dependence"
94,31.6460948151491,0.964749507955529,87.2494976249134,0.957980220051498,"Density Dependence"
95,31.3918326705258,0.96473067675211,86.8112327606041,0.957758560792633,"Density Dependence"
96,31.1397004645863,0.96471334592199,86.3728307217333,0.957537530564405,"Density Dependence"
97,30.8896727432549,0.964697396727996,85.934316794085,0.957317093054748,"Density Dependence"
98,30.6417249981552,0.964682719701304,85.4957163498113,0.957097218164724,"Density Dependence"
99,30.3958335929368,0.96466921394065,85.0570548201234,0.95687788211362,"Density Dependence"
100,30.1519756961962,0.964656786460109,84.6183576697678,0.956659067575477,"Density Dependence"
101,29.9101292203759,0.964645351583014,84.1796503731397,0.956440763843717,"Density Dependence"
102,29.6702727660867,0.964634830379473,83.7409583918938,0.956222967020103,"Density Dependence"
103,29.4323855713512,0.964625150144936,83.302307153925,0.956005680223834,"Density Dependence"
104,29.196447465315,0.964616243917273,82.8637220335988,0.955788913816184,"Density Dependence"
105,28.9624388260157,0.96460805002986,82.4252283331239,0.955572685635729,"Density Dependence"
106,28.730340541838,0.964600511698302,81.9868512649703,0.955357021238895,"Density Dependence"
107,28.5001339763206,0.964593576638461,81.5486159352461,0.955141954140257,"Density Dependence"
108,28.2718009360099,0.964587196713612,81.1105473279587,0.954927526046784,"Density Dependence"
109,28.0453236410855,0.964581327608646,80.6726702900998,0.954713787080068,"Density Dependence"
110,27.8206846985089,0.964575928529353,80.2350095174998,0.954500795980416,"Density Dependence"
111,27.5978670774671,0.964570961924961,79.7975895414165,0.954288620286669,"Density Dependence"
112,27.376854086909,0.964566393232189,79.360434715826,0.954077336485609,"Density Dependence"
113,27.1576293549847,0.964562190639217,78.9235692054045,0.953867030124936,"Density Dependence"
114,26.9401768102214,0.964558324868064,78.487016974191,0.953657795883982,"Density Dependence"
115,26.7244806642804,0.964554768973982,78.0508017749398,0.9534497375966,"Density Dependence"
116,26.5105253961562,0.964551498160563,77.6149471391768,0.953242968221038,"Density Dependence"
117,26.2982957376906,0.964548489609354,77.1794763679836,0.953037609752066,"Density Dependence"
118,26.0877766602853,0.964545722322875,76.7444125235427,0.952833793071152,"Density Dependence"
119,25.8789533627091,0.964543176979977,76.3097784214854,0.952631657731129,"Density Dependence"
120,25.6718112599026,0.964540835802616,75.8755966240874,0.952431351672468,"Density Dependence"
121,25.4663359726937,0.964538682433131,75.4418894343636,0.952233030869073,"Density Dependence"
122,25.262513318345,0.964536701821218,75.00867889112,0.952036858902323,"Density Dependence"
123,25.0603293018592,0.964534880119847,74.5759867650167,0.951843006462962,"Density Dependence"
124,24.8597701079778,0.964533204589403,74.1438345557037,0.951651650781378,"Density Dependence"
125,24.6608220938122,0.964531663509436,73.7122434900844,0.951462974987703,"Density Dependence"
126,24.4634717820525,0.964530246097396,73.2812345217636,0.951277167404164,"Density Dependence"
127,24.2677058547042,0.964528942433816,72.8508283317304,0.951094420773006,"Density Dependence"
128,24.0735111473067,0.964527743393438,72.4210453303207,0.950914931424244,"Density Dependence"
129,23.8808746435922,0.96452664058181,71.9919056604989,0.950738898388381,"Density Dependence"
130,23.689783470547,0.964525626276914,71.5634292024866,0.950566522460037,"Density Dependence"
131,23.5002248938408,0.964524693375449,71.1356355797579,0.950398005219201,"Density Dependence"
132,23.3121863135913,0.964523835343379,70.7085441664108,0.950233548017503,"Density Dependence"
133,23.1256552604372,0.964523046170423,70.2821740959069,0.950073350937474,"Density Dependence"
134,22.9406193918909,0.964522320328163,69.8565442711654,0.94991761173326,"Density Dependence"
135,22.7570664889488,0.964521652731504,69.4316733759754,0.949766524761628,"Density Dependence"
136,22.5749844529361,0.96452103870319,69.0075798876825,0.949620279912372,"Density Dependence"
137,35.5587669406552,0.955767319884084,68.5842820910861,0.949479061547347,"Density Dependence"
138,47.5939769905159,0.95193882625228,68.2925022947825,0.949314858068646,"Density Dependence"
139,59.6888494510178,0.94963996841793,68.0151757435265,0.949129827701221,"Density Dependence"
140,82.6001798771409,0.947161788715754,67.7617725353906,0.948920493730598,"Density Dependence"
141,104.360428942868,0.945797052291984,67.6401846832905,0.948662422725832,"Density Dependence"
142,125.47993732389,0.944905689093352,67.5514194911423,0.948356902350676,"Density Dependence"
143,155.21741636221,0.944054062039446,67.5002141224355,0.948001964453859,"Density Dependence"
144,183.648591008785,0.943478196350931,67.5788418257433,0.947579479160923,"Density Dependence"
145,211.147950567009,0.943049845295359,67.7051030300151,0.94709189436497,"Density Dependence"
146,246.269051610018,0.942630074453928,67.8822203168429,0.946539936532545,"Density Dependence"
147,278.829970782613,0.942316165641838,68.1950167260137,0.945911527219263,"Density Dependence"
148,310.427690150091,0.942056489460182,68.5569950781502,0.945212698704389,"Density Dependence"
149,348.936860872987,0.941791590632579,68.981211805075,0.944447011267369,"Density Dependence"
150,384.10696471534,0.941576805216649,69.5454722334101,0.943608722275087,"Density Dependence"
151,417.923580844144,0.94138639399877,70.1611210596592,0.94270538676318,"Density Dependence"
152,457.529450803296,0.941187265591774,70.8434142615857,0.941743694640036,"Density Dependence"
153,494.223255024705,0.941012057022832,71.6618522539197,0.940724042190151,"Density Dependence"
154,529.372124330266,0.940848689172925,72.5408206454112,0.939652705796786,"Density Dependence"
155,568.601362231362,0.940677586425598,73.4897299679719,0.938537831247759,"Density Dependence"
156,605.311319340534,0.940518101659554,74.5622725181381,0.937384337992168,"Density Dependence"
157,640.210601698209,0.940364471355323,75.7003129999075,0.936196962010705,"Density Dependence"
158,677.553233664843,0.940204081791893,76.9069035115937,0.934983942028306,"Density Dependence"
159,712.699050578465,0.940048756515737,78.2211957030356,0.933752382028162,"Density Dependence"
160,746.57312265679,0.939894217167494,79.6011966132962,0.932505684583597,"Density Dependence"
161,781.541520790703,0.939733978296314,81.0521222810598,0.931250925386472,"Density Dependence"
162,814.925009055513,0.939574341467476,82.5948233207844,0.929994421371675,"Density Dependence"
163,845.481962486534,0.939417183741184,84.2039926811031,0.928738403144486,"Density Dependence"
164,877.665031987944,0.93925111156847,85.863930246537,0.927487355314328,"Density Dependence"
165,908.462461786271,0.939083656589429,87.613058922324,0.926248920360982,"Density Dependence"
166,936.851697403588,0.938916555075288,89.4231850248261,0.925022237192814,"Density Dependence"
167,964.251795254212,0.938745872293762,91.2806865225278,0.923809364883077,"Density Dependence"
168,991.376093123564,0.938569796514449,93.1942361084785,0.922614635232547,"Density Dependence"
169,1016.96810963547,0.938391379943874,95.1677141334852,0.921439941540067,"Density Dependence"
170,1039.87873804354,0.938213212368586,97.1865808598212,0.920284148307973,"Density Dependence"
171,1062.23273351924,0.938029625696317,99.2351529701825,0.91914674050686,"Density Dependence"
172,1083.98442881276,0.937840883379202,101.328066102796,0.918030606540518,"Density Dependence"
173,1102.39235589685,0.93765417797946,103.46186408447,0.916933998669491,"Density Dependence"
174,1119.14445388157,0.937464696791908,105.60625620578,0.91585182564215,"Density Dependence"
175,1136.81563271983,0.937265502561015,107.770077505584,0.914785331851408,"Density Dependence"
176,1151.34043776271,0.937068194859454,109.973560528165,0.91373451072352,"Density Dependence"
177,1163.86986772836,0.93686917665998,112.175475602948,0.912689168364618,"Density Dependence"
178,1177.92292585922,0.936658265078273,114.379382304997,0.911647642124196,"Density Dependence"
179,1189.18432741136,0.936448484199044,116.614014960024,0.91060940464388,"Density Dependence"
180,1198.49440016684,0.936236900690134,118.836463679786,0.909561247538749,"Density Dependence"
181,1209.14618328968,0.936013315424192,121.047652229179,0.908498938135554,"Density Dependence"
182,1217.53553678093,0.935789054261401,123.274048712926,0.907420220058131,"Density Dependence"
183,1223.61981537613,0.935563728388844,125.47943308227,0.906311304554976,"Density Dependence"
184,1231.42229494299,0.935324050584879,127.656892893144,0.905165265546881,"Density Dependence"
185,1236.83284815588,0.935083347319773,129.839594021091,0.903980416127864,"Density Dependence"
186,1240.90703636198,0.934837339229161,131.987096099427,0.902741388237945,"Density Dependence"
187,1246.06152097439,0.93457749475471,134.103327450022,0.901442429278957,"Density Dependence"
188,1249.46956272252,0.934312912131252,136.207480674962,0.900079461524217,"Density Dependence"
189,1252.20776577324,0.934039018993492,138.271124906277,0.898639510712756,"Density Dependence"
190,1255.32046779756,0.93375162857367,140.299891173766,0.897117273859399,"Density Dependence"
191,1256.79853120883,0.933456841115628,142.301043261564,0.895507589255477,"Density Dependence"
192,1257.80657134031,0.933149632986997,144.253642070222,0.893800365773903,"Density Dependence"
193,1258.61618999213,0.932828305911211,146.164965533974,0.89199234698595,"Density Dependence"
194,1257.73745601229,0.93249686209173,148.035610058144,0.890079217483062,"Density Dependence"
195,1257.86116869801,0.932145421371819,149.849460775246,0.888054030742075,"Density Dependence"
196,1256.19079225703,0.931782369032645,151.629381929841,0.885918999751927,"Density Dependence"
197,1253.55088761981,0.931403660812406,153.348808318171,0.883665750406716,"Density Dependence"
198,1251.56233838978,0.931003500212763,155.01247298932,0.881294601564611,"Density Dependence"
199,1246.72423400125,0.930591291954003,156.634531391852,0.878808672276282,"Density Dependence"
200,1241.82159141516,0.930157341826994,158.181522878163,0.876199849897686,"Density Dependence"
201,1237.68229733345,0.92969900790656,159.67633255121,0.873475917310449,"Density Dependence"
202,1230.26713826428,0.929225380564419,161.127327996252,0.870640788920629,"Density Dependence"
203,1222.77373702105,0.928726583882447,162.496435427817,0.867685759349945,"Density Dependence"
204,1215.84953787559,0.928200662181632,163.810381132414,0.864622366465039,"Density Dependence"
205,1205.45999827675,0.927653724175967,165.07618997076,0.861456222891638,"Density Dependence"
206,1194.82508732895,0.927077002400067,166.255920430146,0.858178760150955,"Density Dependence"
207,1184.78966030922,0.926468006291548,167.376548685139,0.854803821463654,"Density Dependence"
208,1170.94324058481,0.925829153159391,168.447075787335,0.851339092244527,"Density Dependence"
209,1157.07333795117,0.925151976173289,169.426175182932,0.847774050933467,"Density Dependence"
210,1144.52006694269,0.924433189717061,170.346040143248,0.844126078198151,"Density Dependence"
211,1127.53348685353,0.92367081711016,171.221085042174,0.840405537031509,"Density Dependence"
212,1110.89081037772,0.922856125612147,171.998126832123,0.836595281685138,"Density Dependence"
213,1095.59828906113,0.921983924540326,172.718181665316,0.832717516274089,"Density Dependence"
214,1075.37208087633,0.921047534613,173.393098288783,0.828781866854573,"Density Dependence"
215,1055.42549196202,0.920035633619836,173.964565168106,0.824766428986431,"Density Dependence"
216,1036.81413483153,0.918938087052671,174.477101305148,0.820696210900834,"Density Dependence"
217,1013.85344774368,0.917751819029186,174.942948573372,0.816580962584714,"Density Dependence"
218,991.113760587173,0.916457099641688,175.309633525807,0.812398964876802,"Density Dependence"
219,970.181608852224,0.915033314660953,175.616249397981,0.808173055740464,"Density Dependence"
220,944.349061577856,0.913508492348279,175.880097997835,0.803914715368452,"Density Dependence"
221,919.425647937815,0.91183120751768,176.039375944689,0.799596027673557,"Density Dependence"
222,896.24158547585,0.909970449687979,176.144391101692,0.795245309091476,"Density Dependence"
223,867.521503815963,0.908048628333885,176.206084599255,0.790870046470099,"Density Dependence"
224,840.261625412395,0.905927405928642,176.156885734273,0.78643974198905,"Density Dependence"
225,814.978471354934,0.903562411206553,176.057666778552,0.781987116294457,"Density Dependence"
226,783.869598166371,0.901291492508151,175.917113636451,0.777517619866595,"Density Dependence"
227,754.551042677952,0.898794210263835,175.662766143698,0.773001727467787,"Density Dependence"
228,726.938673052162,0.896045952075226,175.361047186672,0.768471876447546,"Density Dependence"
229,693.608146257398,0.893755943232878,175.015215519157,0.763930783888074,"Density Dependence"
230,662.011667711571,0.891316850710365,174.556011439499,0.75935778360544,"Density Dependence"
231,632.062228169174,0.888724830701159,174.048371412686,0.754779605345781,"Density Dependence"
232,603.677146337163,0.885976515107673,173.495362258626,0.750199332269707,"Density Dependence"
233,576.777832607514,0.883069043275972,172.899753276339,0.745618293396042,"Density Dependence"
234,551.28958468094,0.880000121037057,172.264386481435,0.741037812576315,"Density Dependence"
235,527.141393199066,0.87676808008743,171.592164383213,0.736459277410524,"Density Dependence"
236,504.265756760359,0.873371936718234,170.886035961128,0.731884188822552,"Density Dependence"
237,482.598505857459,0.869811448942276,170.148983210004,0.727314201168072,"Density Dependence"
238,462.078635302401,0.866087170941934,169.384008265122,0.722751152993445,"Density Dependence"
239,442.648144733009,0.862200503644012,168.594121100318,0.718197088862853,"Density Dependence"
240,424.251886819135,0.858153740129209,167.782327790902,0.71365427292573,"Density Dependence"
241,406.837422811578,0.853950104512796,166.951619333284,0.709125195057272,"Density Dependence"
242,390.354885099152,0.849593782898442,166.104961013989,0.704612570485433,"Density Dependence"
243,374.75684646074,0.845089945017216,165.245282321904,0.70011933383431,"Density Dependence"
244,359.998195718956,0.840444755225972,164.375467398776,0.695648628481877,"Density Dependence"
245,346.036019520438,0.835665371658647,163.498346023987,0.69120379206437,"Density Dependence"
246,332.82948998463,0.830759932503149,162.616685130423,0.686788338873034,"Density Dependence"
247,320.339757978305,0.825737528614888,161.733180848619,0.682405939792203,"Density Dependence"
248,308.529851786984,0.820608161971676,160.850451076366,0.678060400329314,"Density Dependence"
249,297.364580966899,0.815382689816077,159.971028570471,0.673755637193787,"Density Dependence"
250,286.810445172301,0.810072754709621,159.097354556484,0.669495653797299,"Density Dependence"
251,276.835547762811,0.804690701124463,158.231772850882,0.665284514975848,"Density Dependence"
252,267.409514004353,0.799249479605851,157.376524488518,0.661126321175514,"Density Dependence"
253,258.503413684993,0.793762539934889,156.533742846281,0.657025182299596,"Density Dependence"
254,250.089687974056,0.788243715086572,155.7054492519,0.652985191384066,"Density Dependence"
255,242.142080359258,0.782707098094264,154.893549064898,0.649010398249745,"Density Dependence"
256,234.635571502401,0.777166914181506,154.099828215174,0.645104783271225,"Density Dependence"
257,227.546317859618,0.771637390690982,153.325950183608,0.641272231401953,"Density Dependence"
258,220.851593917245,0.76613262741857,152.573453408962,0.637516506599778,"Density Dependence"
259,214.529737899112,0.760666469942242,151.843749106247,0.633841226805344,"Density Dependence"
260,208.560100805437,0.755252388421502,151.138119484099,0.630249839635629,"Density Dependence"
261,202.922998647321,0.749903364138165,150.457716352543,0.626745598965295,"Density Dependence"
262,197.599667743948,0.744631785763781,149.803560118137,0.623331542578837,"Density Dependence"
263,192.572222951684,0.739449356986446,149.176539170721,0.620010471086164,"Density Dependence"
264,187.823618694978,0.734367016727008,148.577409674648,0.61678492830253,"Density Dependence"
265,183.337612667951,0.729394872740448,148.006795787149,0.613657183299612,"Density Dependence"
266,179.098732072482,0.724542148953165,147.465190336529,0.610629214336552,"Density Dependence"
267,175.092242253094,0.719817146452729,146.952956002497,0.607702694876249,"Density Dependence"
268,171.304117581082,0.715227217645572,146.470327048945,0.604878981881686,"Density Dependence"
269,167.721014429979,0.71077875275219,146.017411664664,0.602159106568508,"Density Dependence"
270,164.33024607226,0.706477177538626,145.59419496874,0.599543767763681,"Density Dependence"
271,161.11975931377,0.702326961003736,145.200542733594,0.597033327986988,"Density Dependence"
272,158.078112668793,0.698331631664047,144.836205869092,0.594627812334925,"Density Dependence"
273,155.194455866513,0.694493801103722,144.500825695662,0.5923269102085,"Density Dependence"
274,152.458510470187,0.690815193577641,144.193940013193,0.590129979890965,"Density Dependence"
275,149.86055138556,0.687296680651597,143.914989946652,0.588036055951382,"Density Dependence"
276,147.391389036057,0.683938320105574,143.663327520405,0.586043859426393,"Density Dependence"
277,145.042351990486,0.68073939857778,143.438223883255,0.584151810714498,"Density Dependence"
278,142.805269844651,0.677698477649947,143.238878077481,0.58235804510126,"Density Dependence"
279,140.672456181492,0.674813443233951,143.064426220075,0.580660430815017,"Density Dependence"
280,138.63669146422,0.672081558191551,142.91395094496,0.579056589485154,"Density Dependence"
281,136.691205751929,0.669499518093483,142.786490942851,0.577543918834178,"Density Dependence"
282,134.829661165382,0.667063509908315,142.681050431428,0.576119617379061,"Density Dependence"
283,133.046134069829,0.664769273227971,142.596608392821,0.574780710848309,"Density Dependence"
284,131.335096979467,0.662612163419109,142.532127427427,0.573524079945104,"Density Dependence"
285,129.691400222369,0.660587215875369,142.486562091571,0.572346489012506,"Density Dependence"
286,128.110253433721,0.658689210370361,142.458866609854,0.57124461509453,"Density Dependence"
287,126.587206967754,0.656912734402049,142.44800187928,0.570215076846436,"Density Dependence"
288,125.118133334219,0.655252244391057,142.452941709579,0.569254462736016,"Density Dependence"
289,123.699208773688,0.653702123650514,142.472678270729,0.568359357998066,"Density Dependence"
290,122.326895087686,0.652256736174166,142.506226743222,0.567526369855713,"Density Dependence"
291,120.99792183568,0.650910475474957,142.552629187956,0.566752150599866,"Density Dependence"
292,119.709269002212,0.649657807926334,142.610957670207,0.566033418214392,"Density Dependence"
293,118.458150225284,0.648493310290457,142.680316685636,0.565366974340495,"Density Dependence"
294,117.241996662663,0.647411701341343,142.759844945775,0.564749719480632,"Density Dependence"
295,116.058441557155,0.646407867691041,142.848716586248,0.564178665442079,"Density Dependence"
296,114.9053055461,0.645476884092837,142.946141863501,0.563650945107205,"Density Dependence"
297,113.780582745164,0.644614028622196,143.051367405743,0.563163819687947,"Density Dependence"
298,112.682427622402,0.643814793222993,143.163676081538,0.562714683674099,"Density Dependence"
299,111.609142666077,0.64307489015641,143.282386545786,0.562301067719293,"Density Dependence"
300,110.559166838932,0.642390254907693,143.406852518058,0.561920639726273,"Density Dependence"
301,109.531064802662,0.641757046098083,143.536461842936,0.561571204396897,"Density Dependence"
302,108.523516889158,0.641171642921964,143.670635376442,0.56125070150489,"Density Dependence"
303,107.535309789607,0.640630640588786,143.808825737156,0.560957203133819,"Density Dependence"
304,106.565327928561,0.640130844200937,143.950515955349,0.560688910101588,"Density Dependence"
305,105.6125454874,0.639669261446696,144.095218048596,0.560444147768452,"Density Dependence"
306,104.676019040122,0.639243094435091,144.242471547899,0.560221361399919,"Density Dependence"
307,103.754880763759,0.638849730949308,144.391841994436,0.560019111230436,"Density Dependence"
308,102.848332185881,0.638486735348701,144.542919423609,0.559836067349499,"Density Dependence"
309,101.955638432354,0.63815183930752,144.695316850106,0.559671004509421,"Density Dependence"
310,101.076122939711,0.637842932541423,144.848668765209,0.559522796933854,"Density Dependence"
311,100.209162597935,0.637558053640821,145.002629655432,0.559390413188456,"Density Dependence"
312,99.3541832911777,0.637295381102845,145.156872549859,0.559272911159838,"Density Dependence"
313,98.5106558057107,0.637053224630862,145.311087602108,0.559169433175956,"Density Dependence"
314,97.6780920763296,0.636830016751553,145.464980711666,0.559079201290398,"Density Dependence"
315,96.8560417442852,0.636624304784095,145.61827218841,0.559001512744129,"Density Dependence"
316,96.0440890016985,0.636434743183504,145.770695463367,0.558935735611261,"Density Dependence"
317,95.2418496992176,0.636260086270258,145.921995848161,0.558881304629796,"Density Dependence"
318,94.4489686954078,0.636099181350457,146.07192934514,0.55883771721406,"Density Dependence"
319,93.6651174280158,0.635950962224714,146.220261509754,0.558804529642422,"Density Dependence"
320,92.889991688795,0.635814443079337,146.366766366515,0.558781353411662,"Density Dependence"
321,92.1233095850384,0.635688712749884,146.51122537957,0.558767851747973,"Density Dependence"
322,91.3648096723146,0.635572929344674,146.653426478773,0.558763736263771,"Density Dependence"
323,90.614249244164,0.635466315214072,146.793163141936,0.558768763749283,"Density Dependence"
324,89.871402765675,0.63536815225021,146.930233533827,0.558782733088021,"Density Dependence"
325,89.1360604389356,0.635277777501143,147.064439702336,0.558805482285791,"Density Dependence"
326,88.4080268893447,0.635194579083091,147.195586832106,0.558836885603607,"Density Dependence"
327,87.6871199626822,0.635117992374452,147.323482555808,0.558876850785861,"Density Dependence"
328,86.973169623671,0.635047496475396,147.447936323114,0.558925316376128,"Density Dependence"
329,86.2660169475365,0.63498261091726,147.568758827287,0.558982249114159,"Density Dependence"
330,85.5655131967731,0.634922892606407,147.685761489162,0.559047641408773,"Density Dependence"
331,84.8715189759758,0.634867932987779,147.798755998169,0.559121508882529,"Density Dependence"
332,84.1839034581901,0.634817355413989,147.907553909867,0.559203887985206,"Density Dependence"
333,83.502543676776,0.634770812706462,148.011966299309,0.559294833674183,"Density Dependence"
334,82.8273238772831,0.634727984895761,148.111803469399,0.559394417160821,"Density Dependence"
335,82.1581349242916,0.634688577128981,148.206874713201,0.559502723722824,"Density Dependence"
336,81.4948737585938,0.634652317732693,148.296988129011,0.559619850583379,"Density Dependence"
337,80.8374429004752,0.634618956420635,148.381950486798,0.559745904858507,"Density Dependence"
338,80.1857499952092,0.63458826263597,148.461567144462,0.559881001574636,"Density Dependence"
339,79.5397073972016,0.634560024018551,148.535642012156,0.560025261758825,"Density Dependence"
340,78.8992317895201,0.634534044988243,148.603977562764,0.560178810604339,"Density Dependence"
341,78.2642438358139,0.634510145435923,148.66637488646,0.560341775714489,"Density Dependence"
342,77.6346678618817,0.634488159514328,148.7226337871,0.560514285427672,"Density Dependence"
343,77.0104315643744,0.634467934521443,148.772552918075,0.560696467226528,"Density Dependence"
344,76.3914657443272,0.634449329869599,148.815929955111,0.560888446233939,"Density Dependence"
345,75.7777040634137,0.634432216133949,148.852561803382,0.561090343798377,"Density Dependence"
346,75.1690828209859,0.634416474174391,148.882244836218,0.561302276170771,"Density Dependence"
347,74.5655407501312,0.634401994325459,148.904775162601,0.561524353274654,"Density Dependence"
348,73.9670188311244,0.634388675649049,148.919948920569,0.561756677570896,"Density Dependence"
349,73.3734601207882,0.634376425245259,148.927562593644,0.561999343017852,"Density Dependence"
350,72.7848095964042,0.634365157616914,148.927413347344,0.562252434127162,"Density Dependence"
351,72.2010140129278,0.634354794083705,148.919299382863,0.562516025114944,"Density Dependence"
352,71.622021772369,0.634345262242156,148.903020305029,0.562790179147491,"Density Dependence"
353,71.0477828042944,0.634336495467886,148.87837750168,0.563074947680064,"Density Dependence"
354,70.4782484564973,0.634328432456948,148.845174531683,0.563370369886778,"Density Dependence"
355,69.9133713949616,0.634321016803206,148.8032175189,0.563676472179047,"Density Dependence"
356,69.3531055123208,0.634314196608979,148.752315549495,0.56399326780957,"Density Dependence"
357,68.7974058440816,0.634307924126369,148.692281070124,0.564320756558322,"Density Dependence"
358,68.2462284919421,0.634302155426902,148.622930284662,0.564658924496625,"Density Dependence"
359,67.6995305535954,0.634296850097262,148.544083547286,0.565007743824959,"Density Dependence"
360,67.1572700584565,0.634291970959091,148.455565749878,0.565367172779875,"Density Dependence"
361,66.6194059088052,0.634287483810985,148.357206701899,0.565737155605085,"Density Dependence"
362,66.085897825873,0.634283357190928,148.248841501053,0.566117622581571,"Density Dependence"
363,65.5567063004509,0.634279562157581,148.130310893222,0.566508490111452,"Density Dependence"
364,65.0317925476253,0.634276072088928,148.00146162039,0.566909660850215,"Density Dependence"
365,64.5111184652853,0.634272862496936,147.862146755377,0.567321023881892,"Density Dependence"
366,63.9946465960764,0.634269910856941,147.712226022464,0.567742454931825,"Density Dependence"
